,LINE,EXCLUDE,DEFINE,CLASS,FUNC,FORM,BW,GLOSS,VARIANT,FEAT,COND-T,COND-S,EXAMPLES,D3SEG,D3TOK,ATBSEG,ATBTOK,COMMENTS,STATUS,NOTES
0,,,CONDITIONS,[LEMMA.N],Frozen Phrase,,,,,,,,,,,,,,,
1,,,CONDITIONS,[STEM-X.N],#aA-Ap-w #aA-Ap-y #aY-Ap-w #A' #A'@w #A'-w #A}iy #a> #aA #aY-Ap-y #iy #o'-con #o'-dis #u& #w' X100 #uw-h #ap-w C:ay# C:i# C:A# C:n# C:iy#,,,,,,,,,,,,,,,
2,,,CONDITIONS,[PRC.N],QUES CONJ PREP,,,,,,,,,,,,,,,
3,,,CONDITIONS,[X-STEM.N],L#,,,,,,,,,,,,,,,
4,,,CONDITIONS,[SUFF-GN.N],MS MD FP MP FS FD,,,,,,,,,,,,,,,
5,,,CONDITIONS,[SUFF-ORTH.N],MS-AF,,,,,,,,,,,,,,,
6,,,CONDITIONS,[SUFF-MORPH.N],#MP-uwn,,,,,,,,,,,,,,,
7,,,CONDITIONS,[CLASS.N],#dip Mono Five-nouns,,,,,,,,,,,,,,,
8,,,CONDITIONS,[PROCLITIC.N],li/PREP bi/PREP,,,,,,,,,,,,,,,
9,,,CONDITIONS,[X-SUFF.PHONE.N],i-suff u-suff a-suff,,,,,,,,,,,,,,,
10,,,CONDITIONS,[X-SUFF.LETTER.N],A-suff w-suff y-suff,,,,,,,,,,,,,,,
11,,,CONDITIONS,[SUFF-X.N],#^A #^ay #^i #^iy          ,,,,,,,,,,,,,,,
12,,,CONDITIONS,[PRON:X.N],enc0:2* PRON-iy,,,,,,,,,,,,,,,
13,,,CONDITIONS,[PRON:*.N],enc0,,,,,,,,,,,,,,,
14,,,CONDITIONS,[PRON:X.FEAT.N],poss 1s_poss MA,,,,,,,,,,,,,,,
15,,,#Proclitics,,,,,,,,,,,,,,,,,
16,1,,MORPH,[QUES],_,_,_,_,MSA,prc3:0,_,_,هذا,,,,,,,
17,2,RED,MORPH,[QUES],>a/PART_INTERROG,>a,>a/INTERROG_PART,is/are,MSA,prc3:>a_ques,_,_,أَهذا,>a+_,>a+_,>a+_,>a+_,,,
18,,,,,,,,,,,,,,,,,,,,
19,3,,MORPH,[CONJ],_,_,_,_,MSA,prc2:0,_,_,(هو),,,,,,,
20,4,RED,MORPH,[CONJ],fa/CONJ,fa,fa/CONJ,so/and,MSA,prc2:fa_conj,_,_,فَ(هو) ,fa+_,fa+_,fa+_,fa+_,,,
21,5,RED,MORPH,[CONJ],fa/PART_CONNECT,fa,fa/CONNEC_PART,so/then,MSA,prc2:fa_conn,_,_,فَ(هي),fa+_,fa+_,fa+_,fa+_,,,
22,6,RED,MORPH,[CONJ],fa/PART_RC,fa,fa/RC_PART,so/then,MSA,prc2:fa_rc,_,_,فَ(إذًا),fa+_,fa+_,fa+_,fa+_,,,
23,7,RED,MORPH,[CONJ],fa/CONJ_SUB,fa,fa/SUB_CONJ,because/therefore/as_a_result,MSA,prc2:fa_sub,_,_,فَ(عليه),fa+_,fa+_,fa+_,fa+_,,,
24,8,RED,MORPH,[CONJ],wa/CONJ,wa,wa/CONJ,and,MSA,prc2:wa_conj,_,_,و(بنت),wa+_,wa+_,wa+_,wa+_,,,واو العطف
25,9,RED,MORPH,[CONJ],wa/SUB_CONJ,wa,wa/SUB_CONJ,while,MSA,prc2:wa_sub,_,_,و(هو قادم),wa+_,wa+_,wa+_,wa+_,,,واو الحال
26,,,,,,,,,,,,,,,,,,,,
27,10,RED,MORPH,[CONJ-ACC],wa/PART,wa,wa/PART,[part.],MSA,prc2:wa_part,_,_,وَ(الحائط),wa+_,wa+_,wa+_,wa+_,,,واو المعيّة
28,,,,,,,,,,,,,,,,,,,,
29,11,,MORPH,[PREP],_,_,_,_,MSA,prc1:0,_,_,(بيت),,,,,,,
30,12,RED,MORPH,[PREP],bi/PREP,bi,bi/PREP,with/by,MSA,prc1:bi_prep,_,_,ب(بيت),bi+_,bi+_,bi+_,bi+_,,,
31,13,RED,MORPH,[PREP],ka/PREP,ka,ka/PREP,like/such_as,MSA,prc1:ka_prep,_,_,ك(بيت),ka+_,ka+_,ka+_,ka+_,,,
32,14,RED,MORPH,[PREP],li/PREP,li,li/PREP,for/to,MSA,prc1:li_prep,_,li/PREP,ل(بيت),li+_,li+_,li+_,li+_,,,
33,15,RED,MORPH,[PREP],wa/PREP,wa,wa/PREP,with/by,MSA,prc1:wa_prep,_,_,و(الله),wa+_,wa+_,wa+_,wa+_,,,واو القسم
34,16,RED,MORPH,[PREP],bi/PART,bi,bi/PART,[part.],MSA,prc1:bi_part,_,_,ب(بيت),bi+_,bi+_,bi+_,bi+_,,,
35,,,,,,,,,,,,,,,,,,,,
36,17,RED,MORPH,[EMPH],la/PART_EMPHATIC,la,la/EMPHATIC_PART,indeed/truly,MSA,prc1:la_emph,_,_,لَ(حافظون),la+_,la+_,la+_,la+_,,,
37,,,,,,,,,,,,,,,,,,,,
38,18,,MORPH,[ART],Al/PART_DET,{l#,Al/DET,the,MSA,prc0:Al_det,!li/PREP,,ال(بيت)، اللّغة,{l+_#,{l+_,,,,,
39,19,,MORPH,[ART],Al/PART_DET,l#,Al/DET,the,MSA,prc0:Al_det,li/PREP !L#,,للبيت,l+_#,{l+_,,{l#,,,
40,20,,MORPH,[ART],Al/PART_DET,#,Al/DET,the,MSA,prc0:Al_det,li/PREP L#,,لِلُّغة,+_#,{l+_,,{l#,,,
41,,,#Buffers,,,,,,,,,,,,,,,,,
42,21,,MORPH,[NBuff],Buffer,aA,A/STEM,,MSA,,#aY-Ap-y MS enc0,,مُنْتَهَاه,,aY,,aY,,,
43,22,,MORPH,[NBuff],Buffer,aY,aY/STEM,,MSA,,#aY-Ap-y MS else,,مُنْتَهَى,,,,,,,
44,23,,MORPH,[NBuff],Buffer,ay,ay/STEM,,MSA,,#aY-Ap-y MD||FP,,مُنْتَهَيَان، مُنْتَهَيَات,,,,,,,
45,24,,MORPH,[NBuff],Buffer,aA,A/STEM,,MSA,,#aY-Ap-y FS||FD,,مُنْتَهاة، مُنْتَهاتَان,,,,,,,
46,25,,MORPH,[NBuff],Buffer,_,_,,MSA,,#aY-Ap-y MP,,مُنْتَهون,,,,,,,
47,26,,MORPH,[NBuff],Buffer,aA,A/STEM,,MSA,,#aY-Ap-w MS enc0,,حَمْقَاه,,aY,,aY,,,
48,27,,MORPH,[NBuff],Buffer,aY,aY/STEM,,MSA,,#aY-Ap-w MS else,,حَمْقَى,,,,,,,
49,28,,MORPH,[NBuff],Buffer,aw,ay/STEM,,MSA,,#aY-Ap-w MD||FP,,مَرْجَوات,,,,,,,
50,29,,MORPH,[NBuff],Buffer,aA,A/STEM,,MSA,,#aY-Ap-w FS||FD,,مَرْجَاة، مَرْجَاتان,,,,,,,
51,30,,MORPH,[NBuff],Buffer,_,_,,MSA,,#aY-Ap-w MP,,مُصطفونَ,,,,,,,
52,31,,MORPH,[NBuff],Buffer,aA,A/STEM,,MSA,,#aA-Ap-y MS,,دُنْيَا,,,,,,,
53,32,,MORPH,[NBuff],Buffer,ay,ay/STEM,,MSA,,#aA-Ap-y MD||FP,,دُنْيَيَان، دُنْيَيَات,,,,,,,
54,33,,MORPH,[NBuff],Buffer,aA,A/STEM,,MSA,,#aA-Ap-y FS||FD,,أَذَاة، أَذَاتان,,,,,,,Same behavior as FS||FD for #aY-Ap-y
55,34,,#MORPH,[NBuff],Buffer,_,_,,MSA,,#aA-Ap-y MP,,*,,,,,,,Never appears with MP
56,35,,MORPH,[NBuff],Buffer,aA,A/STEM,,MSA,,#aA-Ap-w MS,,حَمَا,,,,,,,
57,36,,MORPH,[NBuff],Buffer,aw,aw/STEM,,MSA,,#aA-Ap-w MD||FP,,حَمَوان، حَمَوات,,,,,,,
58,37,,MORPH,[NBuff],Buffer,aA,A/STEM,,MSA,,#aA-Ap-w FS||FD,,حَمَاة، حَمَاتان,,,,,,,Same behavior as FS||FD for #aA-Ap-y
59,38,,#MORPH,[NBuff],Buffer,_,_,,MSA,,#aA-Ap-w MP,,*,,,,,,,Never appears with MP
60,39,,MORPH,[NBuff],Buffer,_,_,,MSA,,#ap-w MS,,أَخ,,,,,,,
61,40,,MORPH,[NBuff],Buffer,ow,ow/STEM,,MSA,,#ap-w FS||FD,,شَهْوة، شَهْوتين ,,,,,,,
62,41,,MORPH,[NBuff],Buffer,aw,aw/STEM,,MSA,,#ap-w MD||FP,,أخَوَان، شَهَوات,,,,,,,
63,42,,MORPH,[NBuff],Buffer,','/STEM,,MSA,,#A' MS !enc0,,هُرَاء,,,,,,,
64,43,,MORPH,[NBuff],Buffer,','/STEM,,MSA,,#A' MS enc0 a-suff,,هُرَاءَها,,,,,,,
65,44,,MORPH,[NBuff],Buffer,&,&/STEM,,MSA,,#A' MS enc0 u-suff,,هُرَاؤها,,',,',,,
66,45,,MORPH,[NBuff],Buffer,},}/STEM,,MSA,,#A' MS enc0 i-suff,,هُرَائِه,,',,',,,
67,46,,MORPH,[NBuff],Buffer,&,&/STEM,,MSA,,#A' MP w-suff,,هَوَّاؤُونَ,,,,,,,
68,47,,MORPH,[NBuff],Buffer,},}/STEM,,MSA,,#A' MP y-suff,,هَوَّائِينَ,,,,,,,
69,48,,MORPH,[NBuff],Buffer,','/STEM,,MSA,,#A' FS||FD||MD||FP,,هَوَّاءَة، هَوَّاءَات,,,,,,,
70,49,,MORPH,[NBuff],Buffer,','/STEM,,MSA,,#A'-w MS !enc0,,سَرَّاء,,,,,,,
71,50,,MORPH,[NBuff],Buffer,','/STEM,,MSA,,#A'-w MS enc0 a-suff,,سَرَّاءَه,,,,,,,
72,51,,MORPH,[NBuff],Buffer,&,&/STEM,,MSA,,#A'-w MS enc0 u-suff,,سَرَّاؤُه,,',,',,,
73,52,,MORPH,[NBuff],Buffer,},}/STEM,,MSA,,#A'-w MS enc0 i-suff,,سَرَّائِي,,',,',,,
74,53,,MORPH,[NBuff],Buffer,&,&/STEM,,MSA,,#A'-w MP,,*,,,,,,,Never appears with MP
75,54,,MORPH,[NBuff],Buffer,','/STEM,,MSA,,#A'-w FS||FD,,قُثّاءَة، قُثّاءَتان,,,,,,,
76,55,,MORPH,[NBuff],Buffer,w,w/STEM,,MSA,,#A'-w MD||FP,,سَرَّاوَان، قُثّاوات,,,,,,,
77,56,,MORPH,[NBuff],Buffer,','/STEM,,MSA,,#A'@w MS !enc0,,سَمَاء,,,,,,,
78,57,,MORPH,[NBuff],Buffer,','/STEM,,MSA,,#A'@w MS enc0 a-suff,,سَمَاءَه,,,,,,,
79,58,,MORPH,[NBuff],Buffer,&,&/STEM,,MSA,,#A'@w MS enc0 u-suff,,سَمَاؤُه,,',,',,,
80,59,,MORPH,[NBuff],Buffer,},}/STEM,,MSA,,#A'@w MS enc0 i-suff,,سَمَائِي,,',,',,,
81,60,,MORPH,[NBuff],Buffer,&,&/STEM,,MSA,,#A'@w MP w-suff,,سَقَّاؤُونَ,,,,,,,
82,61,,MORPH,[NBuff],Buffer,},}/STEM,,MSA,,#A'@w MP y-suff,,سَقَّائِينَ,,,,,,,
83,62,,MORPH,[NBuff],Buffer,','/STEM,,MSA,,#A'@w FS||FD ,,إِيمَاءَة,,,,,,,
84,63,,MORPH,[NBuff],Buffer,','/STEM,,MSA,,#A'@w MD||FP ,,سَمَاءَان، إِيمَاءَات,,,,,,,
85,64,,MORPH,[NBuff],Buffer,w,w/STEM,,MSA,,#A'@w MD||FP,,سَمَاوَان، إِيمَاوَات,,,,,,,
86,65,,MORPH,[NBuff],Buffer,a>,a>/STEM,,MSA,,#a> MS !enc0,,مَبْدَأ,,,,,,,
87,66,,MORPH,[NBuff],Buffer,a>,a>/STEM,,MSA,,#a> MS enc0 a-suff,,مَبْدَأَه,,,,,,,
88,67,,MORPH,[NBuff],Buffer,a&,&/STEM,,MSA,,#a> MS enc0 u-suff,,مَبْدَؤُه,,a>,,a>,,,
89,68,,MORPH,[NBuff],Buffer,a},}/STEM,,MSA,,#a> MS enc0 i-suff,,مَبْدَئِي,,a>,,a>,,,
90,69,,MORPH,[NBuff],Buffer,a>,a>/STEM,,MSA,,#a> FS||FD,,مُكَافأَة، مُكَافأَتان,,,,,,,
91,70,,MORPH,[NBuff],Buffer,_,_,,MSA,,#a> FP,,مكافآت,,,,,,,
92,71,,MORPH,[NBuff],Buffer,_,_,,MSA,,#a> MD A-suff,,مبدآن,,,,,,,
93,72,,MORPH,[NBuff],Buffer,a>,a>/STEM,,MSA,,#a> MD !A-suff,,مبدأَيْن,,,,,,,
94,73,,MORPH,[NBuff],Buffer,a&,a&/STEM,,MSA,,#a> MP w-suff,,المُهيَّؤونَ,,,,,,,
95,74,,MORPH,[NBuff],Buffer,a},}/STEM,,MSA,,#a> MP y-suff,,المُهيَّئينَ,,,,,,,
96,75,,MORPH,[NBuff],Buffer,_,_,,MSA,,#iy MS i-suff,,مُحامٍ,,,,,,,
97,76,,MORPH,[NBuff],Buffer,iy,iy/STEM,,MSA,,#iy MS !i-suff,,مُحامِي,,,,,,,
98,77,,MORPH,[NBuff],Buffer,_,_,,MSA,,#iy MP,,مُحامونَ,,,,,,,
99,78,,MORPH,[NBuff],Buffer,iy,iy/STEM,,MSA,,#iy MD||FS||FD||FP,,مُحامِيَة,,,,,,,
100,79,,MORPH,[NBuff],Buffer,','/STEM,,MSA,,#A}iy MS i-suff,,رَاءٍ,,,,,,,
101,80,,MORPH,[NBuff],Buffer,}iy,}iy/STEM,,MSA,,#A}iy MS !i-suff,,رَائِي,,,,,,,
102,81,,MORPH,[NBuff],Buffer,&,&/STEM,,MSA,,#A}iy MP w-suff,,رَاؤونَ,,,,,,,
103,82,,MORPH,[NBuff],Buffer,},}/STEM,,MSA,,#A}iy MP y-suff,,رَائِينَ,,,,,,,
104,83,,MORPH,[NBuff],Buffer,}iy,}iy/STEM,,MSA,,#A}iy MD||FS||FD||FP,,رَائِيَة,,,,,,,
105,84,,MORPH,[NBuff],Buffer,aA,A/STEM,,MSA,,#aA MS,,أيدولوجيَا,,,,,,,
106,85,,MORPH,[NBuff],Buffer,_,_,,MSA,,#aA MD||MP||FS||FD||FP,,أيدولوجيتَانِ,,,,,,,
107,86,,MORPH,[NBuff],Buffer,','/STEM,,MSA,,#w' MS !enc0,,مَوبوء,,,,,,,
108,87,,MORPH,[NBuff],Buffer,','/STEM,,MSA,,#w' MS enc0 !i-suff,,مَوبوءُه,,,,,,,
109,88,,MORPH,[NBuff],Buffer,},}/STEM,,MSA,,#w' MS enc0 i-suff,,مَوبوئِي,,',,',,,
110,89,,MORPH,[NBuff],Buffer,','/STEM,,MSA,,#w' MD||FS||FD||FP,,مَوبوءَانِ,,,,,,,
111,90,,MORPH,[NBuff],Buffer,','/STEM,,MSA,,#w' MP !y-suff,,موبوءُونَ,,,,,,,
112,91,,MORPH,[NBuff],Buffer,},}/STEM,,MSA,,#w' MP y-suff,,موبوئِينَ,,,,,,,
113,92,,MORPH,[NBuff],Buffer,u&,u&/STEM,,MSA,,#u& MS !enc0,,بُؤبُؤ,,,,,,,
114,93,,MORPH,[NBuff],Buffer,u&,u&/STEM,,MSA,,#u& MS enc0 !i-suff,,بُؤبُؤُه,,,,,,,
115,94,,MORPH,[NBuff],Buffer,u},u}/STEM,,MSA,,#u& MS enc0 i-suff,,بُؤبُئِي,,u&,,u&,,,
116,95,,MORPH,[NBuff],Buffer,u&,u&/STEM,,MSA,,#u& MD,,بُؤبُؤانِ,,,,,,,
117,96,,#MORPH,[NBuff],Buffer,ـ,ـ,,MSA,,#u& MP||FS||FD||FP,,*,,,,,,,Never appears with MP||FS||FD||FP
118,97,,MORPH,[NBuff],Buffer,o',o'/STEM,,MSA,,#o'-dis MS !enc0,,جُزْء,,,,,,,
119,98,,MORPH,[NBuff],Buffer,o>,o>/STEM,,MSA,,#o'-dis MS enc0 a-suff,,جُزْأَهُ,,o',,o',,,
120,99,,MORPH,[NBuff],Buffer,o&,o&/STEM,,MSA,,#o'-dis MS enc0 u-suff,,جُزْؤُهُ,,o',,o',,,
121,100,,MORPH,[NBuff],Buffer,o},o}/STEM,,MSA,,#o'-dis MS enc0 i-suff,,جُزْئِي,,o',,o',,,
122,101,,MORPH,[NBuff],Buffer,o',o'/STEM,,MSA,,#o'-dis MD A-suff,,جُزْءَان,,,,,,,
123,102,,MORPH,[NBuff],Buffer,o>,o>/STEM,,MSA,,#o'-dis MD !A-suff,,جُزْأَيْن,,,,,,,
124,103,,#MORPH,[NBuff],Buffer,_,o&/STEM,,MSA,,#o'-dis MP,,*,,,,,,,Never appears with MP
125,104,,MORPH,[NBuff],Buffer,},}/STEM,,MSA,,#o'-con MS enc0,,عِبْئِهِ,,',,',,,
126,105,,MORPH,[NBuff],Buffer,','/STEM,,MSA,,#o'-con MS else,,عِبْء,,,,,,,
127,106,,MORPH,[NBuff],Buffer,},}/STEM,,MSA,,#o'-con MS MS-AF,,عِبْئاً,,,,,,,"This entry is essentially the same as the one for enc0, but here, tokenization is different."
128,107,,MORPH,[NBuff],Buffer,},}/STEM,,MSA,,#o'-con MD||MP||FS||FD||FP,,جَريِئانِ,,,,,,,
129,108,,MORPH,[NBuff],Buffer,_,_,,MSA,,#uw-h MS,,فيديو,,,,,,,
130,109,,MORPH,[NBuff],Buffer,h,h/STEM,,MSA,,#uw-h MS,,فيديوه,,,,,,,Cannot collapse this row with the one below it because of the default else which will clash with the empty allomorph MS above it.
131,110,,MORPH,[NBuff],Buffer,h,h/STEM,,MSA,,#uw-h MD||FP,,فيديوهين، فيديوهَات,,,,,,,
132,111,,MORPH,[NBuff],Buffer,_,_,,MSA,,else,,أَمْن,,,,,,,
133,,,#Suffixes ,,,,,,,,,,,,,,,,,
134,112,,MORPH,[NSuff.XXIN],NSuff.MSIN,_,(null)/CASE_INDEF_NOM,,MSA,form_gen:m form_num:s stt:i cas:n,#aA||Mono,MS,أيدولوجيا,,,,,,,
135,113,,MORPH,[NSuff.XXIN],NSuff.MSIN,K,K/CASE_INDEF_NOM,,MSA,form_gen:m form_num:s stt:i cas:n,#iy||#A}iy else,MS i-suff,محامٍ,,,,,,,
136,114,,MORPH,[NSuff.XXIN],NSuff.MSIN,_,(null)/CASE_INDEF_NOM,,MSA,form_gen:m form_num:s stt:i cas:n,#iy||#A}iy #dip,MS,عصاري,,,,,,,
137,115,,MORPH,[NSuff.XXIN],NSuff.MSIN,F,F/CASE_INDEF_NOM,,MSA,form_gen:m form_num:s stt:i cas:n,#aY-Ap-y||#aA-Ap-w||#aA-Ap-y else,MS,فتىً,,,,,,,
138,116,,MORPH,[NSuff.XXIN],NSuff.MSIN,_,(null)/CASE_INDEF_NOM,,MSA,form_gen:m form_num:s stt:i cas:n,#aY-Ap-y||#aA-Ap-w||#aA-Ap-y Mono||#dip,MS,كبرى,,,,,,,
139,117,,MORPH,[NSuff.XXIN],NSuff.MSIN,u,u/CASE_INDEF_NOM,,MSA,form_gen:m form_num:s stt:i cas:n,else #dip,MS,مصانعُ,,,,,,,
140,118,,MORPH,[NSuff.XXIN],NSuff.MSIN,N,N/CASE_INDEF_NOM,,MSA,form_gen:m form_num:s stt:i cas:n,else else,MS u-suff,كتابٌ,,,,,,,
141,119,,MORPH,[NSuff.XXIA],NSuff.MSIA,_,(null)/CASE_INDEF_ACC,,MSA,form_gen:m form_num:s stt:i cas:a,else #aA||Mono,MS,أيدولوجيا,,,,,,,
142,120,,MORPH,[NSuff.XXIA],NSuff.MSIA,F,F/CASE_INDEF_ACC,,MSA,form_gen:m form_num:s stt:i cas:a,#aY-Ap-y||#aA-Ap-w||#aA-Ap-y else,MS,فتىً,,,,,,,
143,121,,MORPH,[NSuff.XXIA],NSuff.MSIA,_,(null)/CASE_INDEF_ACC,,MSA,form_gen:m form_num:s stt:i cas:a,#aY-Ap-y||#aA-Ap-w||#aA-Ap-y Mono||#dip,MS,كبرى,,,,,,,
144,122,,MORPH,[NSuff.XXIA],NSuff.MSIA,F,F/CASE_INDEF_ACC,,MSA,form_gen:m form_num:s stt:i cas:a,#A'||#A'-w||#A'@w||#a> else,MS,هناءً,,,,,,,
145,123,,MORPH,[NSuff.XXIA],NSuff.MSIA,a,(null)/CASE_INDEF_ACC,,MSA,form_gen:m form_num:s stt:i cas:a,#A'||#A'-w||#A'@w||#a> Mono||#dip,MS,بيضاءَ,,,,,,,
146,124,,MORPH,[NSuff.XXIA],NSuff.MSIA,a,a/CASE_INDEF_ACC,,MSA,form_gen:m form_num:s stt:i cas:a,else #dip,MS,مصانعَ,,,,,,,
147,125,,MORPH,[NSuff.XXIA],NSuff.MSIA,AF,AF/CASE_INDEF_ACC,,MSA,form_gen:m form_num:s stt:i cas:a,else else,MS a-suff MS-AF,كتاباً,,,,,,,
148,126,,MORPH,[NSuff.XXIG],NSuff.MSIG,K,K/CASE_INDEF_GEN,,MSA,form_gen:m form_num:s stt:i cas:g,#iy||#A}iy else,MS i-suff,محامٍ,,,,,,,
149,127,,MORPH,[NSuff.XXIG],NSuff.MSIG,_,(null)/CASE_INDEF_GEN,,MSA,form_gen:m form_num:s stt:i cas:g,#iy||#A}iy #dip,MS,عصاري,,,,,,,
150,128,,MORPH,[NSuff.XXIG],NSuff.MSIG,_,(null)/CASE_INDEF_GEN,,MSA,form_gen:m form_num:s stt:i cas:g,#aA||Mono,MS,أيدولوجيا,,,,,,,
151,129,,MORPH,[NSuff.XXIG],NSuff.MSIG,F,F/CASE_INDEF_GEN,,MSA,form_gen:m form_num:s stt:i cas:g,#aY-Ap-y||#aA-Ap-w||#aA-Ap-y else,MS,فتىً,,,,,,,
152,130,,MORPH,[NSuff.XXIG],NSuff.MSIG,_,(null)/CASE_INDEF_ACC,,MSA,form_gen:m form_num:s stt:i cas:g,#aY-Ap-y||#aA-Ap-w||#aA-Ap-y Mono||#dip,MS,كبرى,,,,,,,
153,131,,MORPH,[NSuff.XXIG],NSuff.MSIG,a,a/CASE_INDEF_GEN,,MSA,form_gen:m form_num:s stt:i cas:g,else #dip,MS,مصانعَ,,,,,,,
154,132,,MORPH,[NSuff.XXIG],NSuff.MSIG,K,K/CASE_INDEF_GEN,,MSA,form_gen:m form_num:s stt:i cas:g,else else,MS i-suff,كتابٍ,,,,,,,
155,133,,MORPH,[NSuff.XXIU],NSuff.MSIU,_,(null)/CASE_INDEF_U,,MSA,form_gen:m form_num:s stt:i cas:u,_,MS,كتاب,,,,,,,
156,134,,MORPH,[NSuff.XXDN],NSuff.MSDN,_,(null)/CASE_DEF_NOM,,MSA,form_gen:m form_num:s stt:d cas:n,#iy||#A}iy,MS #^iy,المحامي,,,,,,,
157,135,,MORPH,[NSuff.XXDN],NSuff.MSDN,_,(null)/CASE_DEF_NOM,,MSA,form_gen:m form_num:s stt:d cas:n,#aY-Ap-y||#aA-Ap-w||#aA-Ap-y||#aA||Mono,MS,الفتى,,,,,,,
158,136,,MORPH,[NSuff.XXDN],NSuff.MSDN,u,u/CASE_DEF_NOM,,MSA,form_gen:m form_num:s stt:d cas:n,else,MS u-suff,الكتابُ,,,,,,,
159,137,,MORPH,[NSuff.XXDA],NSuff.MSDA,_,(null)/CASE_DEF_ACC,,MSA,form_gen:m form_num:s stt:d cas:a,#aY-Ap-y||#aA-Ap-w||#aA-Ap-y||#aA||Mono,MS,الفتى,,,,,,,
160,138,,MORPH,[NSuff.XXDA],NSuff.MSDA,a,a/CASE_DEF_ACC,,MSA,form_gen:m form_num:s stt:d cas:a,else,MS a-suff,الكتابَ,,,,,,,
161,139,,MORPH,[NSuff.XXDG],NSuff.MSDG,_,(null)/CASE_DEF_GEN,,MSA,form_gen:m form_num:s stt:d cas:g,#iy||#A}iy,MS #^iy,المحامي,,,,,,,
162,140,,MORPH,[NSuff.XXDG],NSuff.MSDG,_,(null)/CASE_DEF_GEN,,MSA,form_gen:m form_num:s stt:d cas:g,#aY-Ap-y||#aA-Ap-w||#aA-Ap-y||#aA||Mono,MS,الفتى,,,,,,,
163,141,,MORPH,[NSuff.XXDG],NSuff.MSDG,i,i/CASE_DEF_GEN,,MSA,form_gen:m form_num:s stt:d cas:g,else,MS i-suff,الكتابِ,,,,,,,
164,142,,MORPH,[NSuff.XXDU],NSuff.MSDU,_,(null)/CASE_DEF_U,,MSA,form_gen:m form_num:s stt:d cas:u,_,MS,الكتاب,,,,,,,
165,143,,MORPH,[NSuff.XXCA],NSuff.MSCA,a,a/CASE_DEF_ACC,,MSA,form_gen:m form_num:s stt:c cas:a,#iy||#A}iy !1s_poss,MS a-suff,كتابَ,,,,,,,
166,144,,MORPH,[NSuff.XXCA],NSuff.MSCA,_,(null)/CASE_DEF_ACC,,MSA,form_gen:m form_num:s stt:c cas:a,#iy||#A}iy 1s_poss,MS #^iy,كتابِي,,,,,,,
167,145,,MORPH,[NSuff.XXCA],NSuff.MSCA,aA,A/CASE_DEF_ACC,,MSA,form_gen:m form_num:s stt:c cas:a,Five-nouns !1s_poss,MS,أبَاهُ,,,,,,,
168,146,,MORPH,[NSuff.XXCA],NSuff.MSCA,_,(null)/CASE_DEF_ACC,,MSA,form_gen:m form_num:s stt:c cas:a,Five-nouns 1s_poss,MS,أبِي,,,,,,,
169,147,,MORPH,[NSuff.XXCA],NSuff.MSCA,_,(null)/CASE_DEF_ACC,,MSA,form_gen:m form_num:s stt:c cas:a,#aY-Ap-y||#aA-Ap-w||#aA-Ap-y||#aA||Mono,MS #^A,فتى,,,,,,,
170,148,,MORPH,[NSuff.XXCA],NSuff.MSCA,_,(null)/CASE_DEF_ACC,,MSA,form_gen:m form_num:s stt:c cas:a,else 1s_poss,MS,كتابِي,,,,,,,
171,149,,MORPH,[NSuff.XXCA],NSuff.MSCA,a,a/CASE_DEF_ACC,,MSA,form_gen:m form_num:s stt:c cas:a,else !1s_poss,MS a-suff,كتابَ,,,,,,,
172,150,,MORPH,[NSuff.XXCG],NSuff.MSCG,iy,iy/CASE_DEF_GEN,,MSA,form_gen:m form_num:s stt:c cas:g,Five-nouns !1s_poss,MS #^i,أبيِهِ,,,,,,,
173,151,,MORPH,[NSuff.XXCG],NSuff.MSCG,_,(null)/CASE_DEF_GEN,,MSA,form_gen:m form_num:s stt:c cas:g,Five-nouns 1s_poss,MS,أبِي,,,,,,,
174,152,,MORPH,[NSuff.XXCG],NSuff.MSCG,_,(null)/CASE_DEF_GEN,,MSA,form_gen:m form_num:s stt:c cas:g,#iy||#A}iy,MS #^iy,محامي,,,,,,,
175,153,,MORPH,[NSuff.XXCG],NSuff.MSCG,_,(null)/CASE_DEF_GEN,,MSA,form_gen:m form_num:s stt:c cas:g,#aY-Ap-y||#aA-Ap-w||#aA-Ap-y||#aA||Mono,MS #^A,فتى,,,,,,,
176,154,,MORPH,[NSuff.XXCG],NSuff.MSCG,_,(null)/CASE_DEF_GEN,,MSA,form_gen:m form_num:s stt:c cas:g,else 1s_poss,MS,كتابِي,,,,,,,
177,155,,MORPH,[NSuff.XXCG],NSuff.MSCG,i,i/CASE_DEF_GEN,,MSA,form_gen:m form_num:s stt:c cas:g,else !1s_poss,MS i-suff #^i,كتابِهِ، كتابِ,,,,,,,
178,156,,MORPH,[NSuff.XXCN],NSuff.MSCN,uw,uw/CASE_DEF_NOM,,MSA,form_gen:m form_num:s stt:c cas:n,Five-nouns !1s_poss,MS,أبُوه,,,,,,,
179,157,,MORPH,[NSuff.XXCN],NSuff.MSCN,_,(null)/CASE_DEF_NOM,,MSA,form_gen:m form_num:s stt:c cas:n,Five-nouns 1s_poss,MS,أبِي,,,,,,,
180,158,,MORPH,[NSuff.XXCN],NSuff.MSCN,_,(null)/CASE_DEF_NOM,,MSA,form_gen:m form_num:s stt:c cas:n,#iy||#A}iy,MS #^iy,محامِي,,,,,,,
181,159,,MORPH,[NSuff.XXCN],NSuff.MSCN,_,(null)/CASE_DEF_NOM,,MSA,form_gen:m form_num:s stt:c cas:n,#aY-Ap-y||#aA-Ap-w||#aA-Ap-y||#aA||Mono,MS #^A,فتى,,,,,,,
182,160,,MORPH,[NSuff.XXCN],NSuff.MSCN,_,(null)/CASE_DEF_NOM,,MSA,form_gen:m form_num:s stt:c cas:n,else 1s_poss,MS,كتابِي,,,,,,,
183,161,,MORPH,[NSuff.XXCN],NSuff.MSCN,u,u/CASE_DEF_NOM,,MSA,form_gen:m form_num:s stt:c cas:n,else !1s_poss,MS u-suff,كتابُ,,,,,,,
184,162,,MORPH,[NSuff.XXCU],NSuff.MSCU,_,(null)/CASE_DEF_U,,MSA,form_gen:m form_num:s stt:c cas:u,#iy||#A}iy,MS #^iy,كتاب,,,,,,,
185,163,,MORPH,[NSuff.XXCU],NSuff.MSCU,_,(null)/CASE_DEF_U,,MSA,form_gen:m form_num:s stt:c cas:u,#aY-Ap-y||#aA-Ap-w||#aA||Mono,MS #^A,فتى,,,,,,,
186,164,,MORPH,[NSuff.XXCU],NSuff.MSCU,_,(null)/CASE_DEF_U,,MSA,form_gen:m form_num:s stt:c cas:u,else,MS,كتاب,,,,,,,
187,165,,MORPH,[NSuff.XXIN],NSuff.MDIN,a|ni,|ni/NSUFF_MASC_DU_NOM,,MSA,form_gen:m form_num:d stt:i cas:n,#a>,MD A-suff,مبدَآنِ,,,,,,,
188,166,,MORPH,[NSuff.XXIN],NSuff.MDIN,aAni,Ani/NSUFF_MASC_DU_NOM,,MSA,form_gen:m form_num:d stt:i cas:n,else,MD A-suff,كتابَانِ,,,,,,,
189,167,,MORPH,[NSuff.XXIA],NSuff.MDIA,ayoni,ayoni/NSUFF_MASC_DU_ACC,,MSA,form_gen:m form_num:d stt:i cas:a,_,MD y-suff,كتابَيْنِ,,,,,,,
190,168,,MORPH,[NSuff.XXIG],NSuff.MDIG,ayoni,ayoni/NSUFF_MASC_DU_GEN,,MSA,form_gen:m form_num:d stt:i cas:g,_,MD y-suff,كتابَيْنِ,,,,,,,
191,169,,MORPH,[NSuff.XXIU],NSuff.MDIU,ayon,ayon/NSUFF_MASC_DU,,MSA,form_gen:m form_num:d stt:i cas:u,_,MD #^iy,كتابَيْن,,,,,,,
192,170,,MORPH,[NSuff.XXDN],NSuff.MDDN,a|ni,|ni/NSUFF_MASC_DU_NOM,,MSA,form_gen:m form_num:d stt:d cas:n,#a>,MD A-suff,المبدَآنِ,,,,,,,
193,171,,MORPH,[NSuff.XXDN],NSuff.MDDN,aAni,Ani/NSUFF_MASC_DU_NOM,,MSA,form_gen:m form_num:d stt:d cas:n,else,MD A-suff,الكتابَانِ,,,,,,,
194,172,,MORPH,[NSuff.XXDA],NSuff.MDDA,ayoni,ayoni/NSUFF_MASC_DU_ACC,,MSA,form_gen:m form_num:d stt:d cas:a,_,MD y-suff,الكتابَيْنِ,,,,,,,
195,173,,MORPH,[NSuff.XXDG],NSuff.MDDG,ayoni,ayoni/NSUFF_MASC_DU_GEN,,MSA,form_gen:m form_num:d stt:d cas:g,_,MD y-suff,الكتابَيْنِ,,,,,,,
196,174,,MORPH,[NSuff.XXDU],NSuff.MDDU,ayon,ayon/NSUFF_MASC_DU,,MSA,form_gen:m form_num:d stt:d cas:u,_,MD,الكتابَيْن,,,,,,,
197,175,,MORPH,[NSuff.XXCN],NSuff.MDCN,a|,|/NSUFF_MASC_DU_NOM_POSS,,MSA,form_gen:m form_num:d stt:c cas:n,#a> ,MD A-suff #^A,مبدَآي,,,,,,,
198,176,,MORPH,[NSuff.XXCN],NSuff.MDCN,aA,A/NSUFF_MASC_DU_NOM_POSS,,MSA,form_gen:m form_num:d stt:c cas:n,else,MD A-suff #^A,كتابَاهُ,,,,,,,
199,177,,MORPH,[NSuff.XXCA],NSuff.MDCA,ay,ayo/NSUFF_MASC_DU_ACC_POSS,,MSA,form_gen:m form_num:d stt:c cas:a,1s_poss,MD #^ay,كتابَيَّ,,,,,,,
200,178,,MORPH,[NSuff.XXCA],NSuff.MDCA,ayo,ayo/NSUFF_MASC_DU_ACC_POSS,,MSA,form_gen:m form_num:d stt:c cas:a,!1s_poss,MD #^ay,كتابَيْهِ,,,,,,,
201,179,,MORPH,[NSuff.XXCG],NSuff.MDCG,ay,ayo/NSUFF_MASC_DU_GEN_POSS,,MSA,form_gen:m form_num:d stt:c cas:g,1s_poss,MD #^ay,كتابَيَّ,,,,,,,
202,180,,MORPH,[NSuff.XXCG],NSuff.MDCG,ayo,ayo/NSUFF_MASC_DU_GEN_POSS,,MSA,form_gen:m form_num:d stt:c cas:g,!1s_poss,MD #^ay,كتابَيْهِ,,,,,,,
203,181,,MORPH,[NSuff.XXCU],NSuff.MDCU,ayon,ayon/NSUFF_MASC_DU,,MSA,form_gen:m form_num:d stt:c cas:u,_,MD,كتابَيْن,,,,,,,
204,182,,MORPH,[NSuff.XXIN],NSuff.MPIN,awona,awona/NSUFF_MASC_PL_NOM,,MSA,form_gen:m form_num:p stt:i cas:n,#aY-Ap-y||#aA-Ap-w,MP,مصطفَوْنَ,,,,,,,
205,183,,MORPH,[NSuff.XXIN],NSuff.MPIN,uwna,uwna/NSUFF_MASC_PL_NOM,,MSA,form_gen:m form_num:p stt:i cas:n,else,MP w-suff,موظفُونَ,,,,,,,
206,184,,MORPH,[NSuff.XXIA],NSuff.MPIA,ayona,ayona/NSUFF_MASC_PL_ACC,,MSA,form_gen:m form_num:p stt:i cas:a,#aY-Ap-y||#aA-Ap-w,MP,مصطفَيْنَ,,,,,,,
207,185,,MORPH,[NSuff.XXIA],NSuff.MPIA,iyna,iyna/NSUFF_MASC_PL_ACC,,MSA,form_gen:m form_num:p stt:i cas:a,else,MP y-suff,موظفِينَ,,,,,,,
208,186,,MORPH,[NSuff.XXIG],NSuff.MPIG,ayona,ayona/NSUFF_MASC_PL_GEN,,MSA,form_gen:m form_num:p stt:i cas:g,#aY-Ap-y||#aA-Ap-w,MP,مصطفَيْنَ,,,,,,,
209,187,,MORPH,[NSuff.XXIG],NSuff.MPIG,iyna,iyna/NSUFF_MASC_PL_GEN,,MSA,form_gen:m form_num:p stt:i cas:g,else,MP y-suff,موظفِينَ,,,,,,,
210,188,,MORPH,[NSuff.XXIU],NSuff.MPIU,ayon,ayon/NSUFF_MASC_PL_GEN,,MSA,form_gen:m form_num:p stt:i cas:u,#aY-Ap-y||#aA-Ap-w,MP,مصطفَيْن,,,,,,,
211,189,,MORPH,[NSuff.XXIU],NSuff.MPIU,iyn,iyn/NSUFF_MASC_PL,,MSA,form_gen:m form_num:p stt:i cas:u,else,MP y-suff,موظفِين,,,,,,,
212,190,,MORPH,[NSuff.XXDN],NSuff.MPDN,awona,awona/NSUFF_MASC_PL_NOM,,MSA,form_gen:m form_num:p stt:d cas:n,#aY-Ap-y||#aA-Ap-w,MP,المصطفَوْنَ,,,,,,,
213,191,,MORPH,[NSuff.XXDN],NSuff.MPDN,uwna,uwna/NSUFF_MASC_PL_NOM,,MSA,form_gen:m form_num:p stt:d cas:n,else,MP w-suff,الموظفُونَ,,,,,,,
214,192,,MORPH,[NSuff.XXDA],NSuff.MPDA,ayona,ayona/NSUFF_MASC_PL_ACC,,MSA,form_gen:m form_num:p stt:d cas:a,#aY-Ap-y||#aA-Ap-w,MP,المصطفَيْنَ,,,,,,,
215,193,,MORPH,[NSuff.XXDA],NSuff.MPDA,iyna,iyna/NSUFF_MASC_PL_ACC,,MSA,form_gen:m form_num:p stt:d cas:a,else,MP y-suff,الموظفِينَ,,,,,,,
216,194,,MORPH,[NSuff.XXDG],NSuff.MPDG,ayona,ayona/NSUFF_MASC_PL_GEN,,MSA,form_gen:m form_num:p stt:d cas:g,#aY-Ap-y||#aA-Ap-w,MP,المصطفَيْنَ,,,,,,,
217,195,,MORPH,[NSuff.XXDG],NSuff.MPDG,iyna,iyna/NSUFF_MASC_PL_GEN,,MSA,form_gen:m form_num:p stt:d cas:g,else,MP y-suff,الموظفِينَ,,,,,,,
218,196,,MORPH,[NSuff.XXDU],NSuff.MPDU,ayon,ayon/NSUFF_MASC_PL_GEN,,MSA,form_gen:m form_num:p stt:d cas:u,#aY-Ap-y||#aA-Ap-w,MP,المصطفَيْن,,,,,,,
219,197,,MORPH,[NSuff.XXDU],NSuff.MPDU,iyn,iyn/NSUFF_MASC_PL,,MSA,form_gen:m form_num:p stt:d cas:u,else,MP y-suff,الموظفِين,,,,,,,
220,198,,MORPH,[NSuff.XXCN],NSuff.MPCN,uwna,uw/NSUFF_MASC_PL_NOM_POSS,,MSA,form_gen:m form_num:p stt:c cas:n,#MP-uwn else,MP w-suff,عِشْرُونَ,,,,,,,
221,199,,MORPH,[NSuff.XXCN],NSuff.MPCN,uwn,iy/NSUFF_MASC_PL_NOM_POSS,,MSA,form_gen:m form_num:p stt:c cas:n,#MP-uwn 1s_poss,MP w-suff,عِشْرُونِي,,uwna,,uwna,,,
222,200,,MORPH,[NSuff.XXCN],NSuff.MPCN,ay,ay/NSUFF_MASC_PL_NOM_POSS,,MSA,form_gen:m form_num:p stt:c cas:n,#aY-Ap-y||#aA-Ap-w 1s_poss,MP #^ay,مصطفَي,,,,,,,
223,201,,MORPH,[NSuff.XXCN],NSuff.MPCN,awo,aw/NSUFF_MASC_PL_NOM_POSS,,MSA,form_gen:m form_num:p stt:c cas:n,#aY-Ap-y||#aA-Ap-w else,MP,مصطفَوْ,,,,,,,
224,202,,MORPH,[NSuff.XXCN],NSuff.MPCN,iy,iy/NSUFF_MASC_PL_NOM_POSS,,MSA,form_gen:m form_num:p stt:c cas:n,else 1s_poss,MP y-suff #^iy,موظفيَّ,,,,,,,
225,203,,MORPH,[NSuff.XXCN],NSuff.MPCN,uw,uw/NSUFF_MASC_PL_NOM_POSS,,MSA,form_gen:m form_num:p stt:c cas:n,else else,MP w-suff,موظفُوهُ,,,,,,,
226,204,,MORPH,[NSuff.XXCA],NSuff.MPCA,iyn,iy/NSUFF_MASC_PL_ACC_POSS,,MSA,form_gen:m form_num:p stt:c cas:a,#MP-uwn 1s_poss,MP y-suff,عِشْرِينِي,,iyna,,iyna,,,
227,205,,MORPH,[NSuff.XXCA],NSuff.MPCA,iyna,iy/NSUFF_MASC_PL_ACC_POSS,,MSA,form_gen:m form_num:p stt:c cas:a,#MP-uwn else,MP y-suff,عِشْرِينَ,,,,,,,
228,206,,MORPH,[NSuff.XXCA],NSuff.MPCA,ay,ayo/NSUFF_MASC_PL_ACC_POSS,,MSA,form_gen:m form_num:p stt:c cas:a,#aY-Ap-y||#aA-Ap-w 1s_poss,MP #^ay,مصطفَي,,,,,,,
229,207,,MORPH,[NSuff.XXCA],NSuff.MPCA,ayo,ayo/NSUFF_MASC_PL_ACC_POSS,,MSA,form_gen:m form_num:p stt:c cas:a,#aY-Ap-y||#aA-Ap-w else,MP #^ay,مصطفَيْ,,,,,,,
230,208,,MORPH,[NSuff.XXCA],NSuff.MPCA,iy,iy/NSUFF_MASC_PL_ACC_POSS,,MSA,form_gen:m form_num:p stt:c cas:a,else,MP y-suff #^iy,موظفِي,,,,,,,
231,209,,MORPH,[NSuff.XXCG],NSuff.MPCG,iyn,iy/NSUFF_MASC_PL_GEN_POSS,,MSA,form_gen:m form_num:p stt:c cas:g,#MP-uwn 1s_poss,MP y-suff,عِشْرِينِي,,iyna,,iyna,,,
232,210,,MORPH,[NSuff.XXCG],NSuff.MPCG,iyna,iy/NSUFF_MASC_PL_GEN_POSS,,MSA,form_gen:m form_num:p stt:c cas:g,#MP-uwn else,MP y-suff,عِشْرِينَ,,,,,,,
233,211,,MORPH,[NSuff.XXCG],NSuff.MPCG,ay,ayo/NSUFF_MASC_PL_GEN_POSS,,MSA,form_gen:m form_num:p stt:c cas:g,#aY-Ap-y||#aA-Ap-w 1s_poss,MP #^ay,مصطفَي,,,,,,,
234,212,,MORPH,[NSuff.XXCG],NSuff.MPCG,ayo,ayo/NSUFF_MASC_PL_GEN_POSS,,MSA,form_gen:m form_num:p stt:c cas:g,#aY-Ap-y||#aA-Ap-w else,MP #^ay,مصطفَيْ,,,,,,,
235,213,,MORPH,[NSuff.XXCG],NSuff.MPCG,iy,iy/NSUFF_MASC_PL_GEN_POSS,,MSA,form_gen:m form_num:p stt:c cas:g,else,MP y-suff #^iy,موظفِي,,,,,,,
236,214,,MORPH,[NSuff.XXCU],NSuff.MPCU,ayon,ayo/NSUFF_MASC_PL_GEN_POSS,,MSA,form_gen:m form_num:p stt:c cas:u,#aY-Ap-y||#aA-Ap-w,MP y-suff,موظفَيْن,,,,,,,
237,215,,MORPH,[NSuff.XXCU],NSuff.MPCU,iyn,iyn/NSUFF_MASC_PL,,MSA,form_gen:m form_num:p stt:c cas:u,else,MP y-suff,موظفيِن,,,,,,,
238,216,,MORPH,[NSuff.XXIN],NSuff.FSIN,apu,ap/NSUFF_FEM_SG+u/CASE_INDEF_NOM,,MSA,form_gen:f form_num:s stt:i cas:n,#dip,FS,عنترَةُ,,,,,,,
239,217,,MORPH,[NSuff.XXIN],NSuff.FSIN,apK,ap/NSUFF_FEM_SG+K/CASE_INDEF_GEN,,MSA,form_gen:f form_num:s stt:i cas:n,X100,FS,ثَلَاثُمِئةٍ,,,,,,,
240,218,,MORPH,[NSuff.XXIN],NSuff.FSIN,apN,ap/NSUFF_FEM_SG+N/CASE_INDEF_NOM,,MSA,form_gen:f form_num:s stt:i cas:n,else,FS,كتابَةٌ,,,,,,,
241,219,,MORPH,[NSuff.XXIA],NSuff.FSIA,apa,ap/NSUFF_FEM_SG+a/CASE_INDEF_ACC,,MSA,form_gen:f form_num:s stt:i cas:a,#dip,FS,عنترَةَ,,,,,,,
242,220,,MORPH,[NSuff.XXIA],NSuff.FSIA,apK,ap/NSUFF_FEM_SG+K/CASE_INDEF_GEN,,MSA,form_gen:f form_num:s stt:i cas:a,X100,FS,ثَلَاثَمِئةٍ,,,,,,,
243,221,,MORPH,[NSuff.XXIA],NSuff.FSIA,apF,ap/NSUFF_FEM_SG+F/CASE_INDEF_ACC,,MSA,form_gen:f form_num:s stt:i cas:a,else,FS,كتابَةً,,,,,,,
244,222,,MORPH,[NSuff.XXIG],NSuff.FSIG,apa,ap/NSUFF_FEM_SG+a/CASE_INDEF_GEN,,MSA,form_gen:f form_num:s stt:i cas:g,#dip,FS,عنترَةَ,,,,,,,
245,223,,MORPH,[NSuff.XXIG],NSuff.FSIG,apK,ap/NSUFF_FEM_SG+K/CASE_INDEF_GEN,,MSA,form_gen:f form_num:s stt:i cas:g,else,FS,كتابَةٍ,,,,,,,
246,224,,MORPH,[NSuff.XXIU],NSuff.FSIU,ap,ap/NSUFF_FEM_SG,,MSA,form_gen:f form_num:s stt:i cas:u,_,FS,كتابَة,,,,,,,
247,225,,MORPH,[NSuff.XXDN],NSuff.FSDN,api,ap/NSUFF_FEM_SG+i/CASE_DEF_GEN,,MSA,form_gen:f form_num:s stt:d cas:n,X100,FS,الثَلَاثُمِئةِ,,,,,,,
248,226,,MORPH,[NSuff.XXDN],NSuff.FSDN,apu,ap/NSUFF_FEM_SG+u/CASE_DEF_NOM,,MSA,form_gen:f form_num:s stt:d cas:n,else,FS,الكتابَةُ,,,,,,,
249,227,,MORPH,[NSuff.XXDA],NSuff.FSDA,api,ap/NSUFF_FEM_SG+i/CASE_DEF_GEN,,MSA,form_gen:f form_num:s stt:d cas:a,X100,FS,الثَلَاثَمِئَةِ,,,,,,,
250,228,,MORPH,[NSuff.XXDA],NSuff.FSDA,apa,ap/NSUFF_FEM_SG+a/CASE_DEF_ACC,,MSA,form_gen:f form_num:s stt:d cas:a,else,FS,الكتابَةَ,,,,,,,
251,229,,MORPH,[NSuff.XXDG],NSuff.FSDG,api,ap/NSUFF_FEM_SG+i/CASE_DEF_GEN,,MSA,form_gen:f form_num:s stt:d cas:g,_,FS,الكتابَةِ,,,,,,,
252,230,,MORPH,[NSuff.XXDU],NSuff.FSDU,ap,ap/NSUFF_FEM_SG,,MSA,form_gen:f form_num:s stt:d cas:u,_,FS,الكتابَة,,,,,,,
253,231,,MORPH,[NSuff.XXCN],NSuff.FSCN,ati,ap/NSUFF_FEM_SG+i/CASE_DEF_GEN,,MSA,form_gen:f form_num:s stt:c cas:n,X100 poss,FS #^i,ثَلَاثُمِئَتِه,,api,,api,,,
254,232,,MORPH,[NSuff.XXCN],NSuff.FSCN,api,ap/NSUFF_FEM_SG+i/CASE_DEF_GEN,,MSA,form_gen:f form_num:s stt:c cas:n,X100 else,FS,ثَلَاثُمِئَةِ,,,,,,,
255,233,,MORPH,[NSuff.XXCN],NSuff.FSCN,at,ap/NSUFF_FEM_SG,,MSA,form_gen:f form_num:s stt:c cas:n,X100 1s_poss,FS,ثَلَاثُمِئَتِي,,ap,,ap,,,
256,234,,MORPH,[NSuff.XXCN],NSuff.FSCN,at,ap/NSUFF_FEM_SG,,MSA,form_gen:f form_num:s stt:c cas:n,else 1s_poss,FS,كتابَتِي,,ap,,ap,,,
257,235,,MORPH,[NSuff.XXCN],NSuff.FSCN,atu,ap/NSUFF_FEM_SG+u/CASE_DEF_NOM,,MSA,form_gen:f form_num:s stt:c cas:n,else poss,FS,كتابَتُهُ,,apu,,apu,,,
258,236,,MORPH,[NSuff.XXCN],NSuff.FSCN,apu,ap/NSUFF_FEM_SG+u/CASE_DEF_NOM,,MSA,form_gen:f form_num:s stt:c cas:n,else else,FS,كتابَةُ,,,,,,,
259,237,,MORPH,[NSuff.XXCA],NSuff.FSCA,api,ap/NSUFF_FEM_SG+i/CASE_DEF_GEN,,MSA,form_gen:f form_num:s stt:c cas:a,X100 else,FS,ثَلَاثَمِئَةِ,,,,,,,
260,238,,MORPH,[NSuff.XXCA],NSuff.FSCA,ati,ap/NSUFF_FEM_SG+i/CASE_DEF_GEN,,MSA,form_gen:f form_num:s stt:c cas:a,X100 poss,FS #^i,ثَلَاثَمِئَتِهِ,,api,,api,,,
261,239,,MORPH,[NSuff.XXCA],NSuff.FSCA,at,ap/NSUFF_FEM_SG,,MSA,form_gen:f form_num:s stt:c cas:a,X100 1s_poss,FS,ثَلَاثَمِئَتِي,,ap,,ap,,,
262,240,,MORPH,[NSuff.XXCA],NSuff.FSCA,at,ap/NSUFF_FEM_SG,,MSA,form_gen:f form_num:s stt:c cas:a,else 1s_poss,FS,كتابَتِي,,ap,,ap,,,
263,241,,MORPH,[NSuff.XXCA],NSuff.FSCA,ata,ap/NSUFF_FEM_SG+a/CASE_DEF_ACC,,MSA,form_gen:f form_num:s stt:c cas:a,else poss,FS,كتابَتَهُ,,apa,,apa,,,
264,242,,MORPH,[NSuff.XXCA],NSuff.FSCA,apa,ap/NSUFF_FEM_SG+a/CASE_DEF_ACC,,MSA,form_gen:f form_num:s stt:c cas:a,else else,FS,كتابَةَ,,,,,,,
265,243,,MORPH,[NSuff.XXCG],NSuff.FSCG,ati,ap/NSUFF_FEM_SG+i/CASE_DEF_GEN,,MSA,form_gen:f form_num:s stt:c cas:g,poss,FS #^i,كتابَتِهِ,,api,,api,,,
266,244,,MORPH,[NSuff.XXCG],NSuff.FSCG,at,ap/NSUFF_FEM_SG,,MSA,form_gen:f form_num:s stt:c cas:g,1s_poss,FS,كتابَتِي,,ap,,ap,,,
267,245,,MORPH,[NSuff.XXCG],NSuff.FSCG,api,ap/NSUFF_FEM_SG+i/CASE_DEF_GEN,,MSA,form_gen:f form_num:s stt:c cas:g,else,FS,كتابَةِ,,,,,,,
268,246,,MORPH,[NSuff.XXCU],NSuff.FSCU,at,ap/NSUFF_FEM_SG,,MSA,form_gen:f form_num:s stt:c cas:u,poss||1s_poss,FS,كتابَتي,,ap,,ap,,,
269,247,,MORPH,[NSuff.XXCU],NSuff.FSCU,ap,ap/NSUFF_FEM_SG,,MSA,form_gen:f form_num:s stt:c cas:u,else,FS,كتابَة,,,,,,,
270,248,,MORPH,[NSuff.XXIN],NSuff.FDIN,ataAni,atAni/NSUFF_FEM_DU_NOM,,MSA,form_gen:f form_num:d stt:i cas:n,_,FD,كتابَتَانِ,,,,,,,
271,249,,MORPH,[NSuff.XXIA],NSuff.FDIA,atayoni,atayoni/NSUFF_FEM_DU_ACC,,MSA,form_gen:f form_num:d stt:i cas:a,_,FD,كتابَتَيْنِ,,,,,,,
272,250,,MORPH,[NSuff.XXIG],NSuff.FDIG,atayoni,atayoni/NSUFF_FEM_DU_GEN,,MSA,form_gen:f form_num:d stt:i cas:g,_,FD,كتابَتَيْنِ,,,,,,,
273,251,,MORPH,[NSuff.XXIU],NSuff.FDIU,atayon,atayon/NSUFF_FEM_DU,,MSA,form_gen:f form_num:d stt:i cas:u,_,FD,كتابَتَيْن,,,,,,,
274,252,,MORPH,[NSuff.XXDN],NSuff.FDDN,ataAni,atAni/NSUFF_FEM_DU_NOM,,MSA,form_gen:f form_num:d stt:d cas:n,_,FD,الكتابَتَانِ,,,,,,,
275,253,,MORPH,[NSuff.XXDA],NSuff.FDDA,atayoni,atayoni/NSUFF_FEM_DU_ACC,,MSA,form_gen:f form_num:d stt:d cas:a,_,FD,الكتابَتَيْنِ,,,,,,,
276,254,,MORPH,[NSuff.XXDG],NSuff.FDDG,atayoni,atayoni/NSUFF_FEM_DU_GEN,,MSA,form_gen:f form_num:d stt:d cas:g,_,FD,الكتابَتَيْنِ,,,,,,,
277,255,,MORPH,[NSuff.XXDU],NSuff.FDDU,atayon,atayon/NSUFF_FEM_DU,,MSA,form_gen:f form_num:d stt:d cas:u,_,FD,الكتابَتَيْن,,,,,,,
278,256,,MORPH,[NSuff.XXCN],NSuff.FDCN,ataA,atA/NSUFF_FEM_DU_NOM_POSS,,MSA,form_gen:f form_num:d stt:c cas:n,_,FD #^A,كتابَتَا ,,,,,,,
279,257,,MORPH,[NSuff.XXCA],NSuff.FDCA,atay,atayo/NSUFF_FEM_DU_ACC_POSS,,MSA,form_gen:f form_num:d stt:c cas:a,1s_poss,FD #^ay,كتابَتَيّ,,,,,,,
280,258,,MORPH,[NSuff.XXCA],NSuff.FDCA,atayo,atayo/NSUFF_FEM_DU_ACC_POSS,,MSA,form_gen:f form_num:d stt:c cas:a,!1s_poss,FD #^ay,كتابَتَيْ,,,,,,,
281,259,,MORPH,[NSuff.XXCG],NSuff.FDCG,atay,atayo/NSUFF_FEM_DU_GEN_POSS,,MSA,form_gen:f form_num:d stt:c cas:g,1s_poss,FD #^ay,كتابَتَيّ,,,,,,,
282,260,,MORPH,[NSuff.XXCG],NSuff.FDCG,atayo,atayo/NSUFF_FEM_DU_GEN_POSS,,MSA,form_gen:f form_num:d stt:c cas:g,!1s_poss,FD #^ay,كتابَتَيْ,,,,,,,
283,261,,MORPH,[NSuff.XXCU],NSuff.FDCU,atayon,atayon/NSUFF_FEM_DU,,MSA,form_gen:f form_num:d stt:c cas:u,_,FD,كتابَتَيْن,,,,,,,
284,262,,MORPH,[NSuff.XXIN],NSuff.FPIN,a|tN,|t/NSUFF_FEM_PL+N/CASE_INDEF_NOM,,MSA,form_gen:f form_num:p stt:i cas:n,#a>,FP A-suff,مكافَآتٌ,,,,,,,
285,263,,MORPH,[NSuff.XXIN],NSuff.FPIN,aAtN,At/NSUFF_FEM_PL+N/CASE_INDEF_NOM,,MSA,form_gen:f form_num:p stt:i cas:n,else,FP,كتابَاتٌ,,,,,,,
286,264,,MORPH,[NSuff.XXIA],NSuff.FPIA,a|tK,|t/NSUFF_FEM_PL+K/CASE_INDEF_ACC,,MSA,form_gen:f form_num:p stt:i cas:a,#a>,FP A-suff,مكافَآتٍ,,,,,,,
287,265,,MORPH,[NSuff.XXIA],NSuff.FPIA,aAtK,At/NSUFF_FEM_PL+K/CASE_INDEF_ACC,,MSA,form_gen:f form_num:p stt:i cas:a,else,FP,كتابَاتٍ,,,,,,,
288,266,,MORPH,[NSuff.XXIG],NSuff.FPIG,a|tK,|t/NSUFF_FEM_PL+K/CASE_INDEF_GEN,,MSA,form_gen:f form_num:p stt:i cas:g,#a>,FP A-suff,مكافَآتٍ,,,,,,,
289,267,,MORPH,[NSuff.XXIG],NSuff.FPIG,aAtK,At/NSUFF_FEM_PL+K/CASE_INDEF_GEN,,MSA,form_gen:f form_num:p stt:i cas:g,else,FP,كتابَاتٍ,,,,,,,
290,268,,MORPH,[NSuff.XXIU],NSuff.FPIU,a|t,|t/NSUFF_FEM_PL,,MSA,form_gen:f form_num:p stt:i cas:u,#a>,FP A-suff,مكافَآت,,,,,,,
291,269,,MORPH,[NSuff.XXIU],NSuff.FPIU,aAt,At/NSUFF_FEM_PL,,MSA,form_gen:f form_num:p stt:i cas:u,else,FP,موظفَات,,,,,,,
292,270,,MORPH,[NSuff.XXDN],NSuff.FPDN,a|tu,|t/NSUFF_FEM_PL+u/CASE_DEF_NOM,,MSA,form_gen:f form_num:p stt:d cas:n,#a>,FP A-suff,المكافَآتُ,,,,,,,
293,271,,MORPH,[NSuff.XXDN],NSuff.FPDN,aAtu,At/NSUFF_FEM_PL+u/CASE_DEF_NOM,,MSA,form_gen:f form_num:p stt:d cas:n,else,FP,الموظفَاتُ,,,,,,,
294,272,,MORPH,[NSuff.XXDA],NSuff.FPDA,a|ti,|t/NSUFF_FEM_PL+i/CASE_DEF_ACC,,MSA,form_gen:f form_num:p stt:d cas:a,#a>,FP A-suff,المكافَآتِ,,,,,,,
295,273,,MORPH,[NSuff.XXDA],NSuff.FPDA,aAti,At/NSUFF_FEM_PL+i/CASE_DEF_ACC,,MSA,form_gen:f form_num:p stt:d cas:a,else,FP,الموظفَاتِ,,,,,,,
296,274,,MORPH,[NSuff.XXDG],NSuff.FPDG,a|ti,|t/NSUFF_FEM_PL+i/CASE_DEF_GEN,,MSA,form_gen:f form_num:p stt:d cas:g,#a>,FP A-suff,المكافَآتِ,,,,,,,
297,275,,MORPH,[NSuff.XXDG],NSuff.FPDG,aAti,At/NSUFF_FEM_PL+i/CASE_DEF_GEN,,MSA,form_gen:f form_num:p stt:d cas:g,else,FP,الموظفَاتِ,,,,,,,
298,276,,MORPH,[NSuff.XXDU],NSuff.FPDU,a|t,|t/NSUFF_FEM_PL,,MSA,form_gen:f form_num:p stt:d cas:u,#a>,FP A-suff ,المكافَآت,,,,,,,
299,277,,MORPH,[NSuff.XXDU],NSuff.FPDU,aAt,At/NSUFF_FEM_PL,,MSA,form_gen:f form_num:p stt:d cas:u,else,FP,الموظفَات,,,,,,,
300,278,,MORPH,[NSuff.XXCN],NSuff.FPCN,a|t,|t/NSUFF_FEM_PL+(null)/CASE_DEF_NOM,,MSA,form_gen:f form_num:p stt:c cas:n,#a> 1s_poss,FP A-suff,مكافَآتِي,,,,,,,
301,279,,MORPH,[NSuff.XXCN],NSuff.FPCN,a|tu,|t/NSUFF_FEM_PL+u/CASE_DEF_NOM,,MSA,form_gen:f form_num:p stt:c cas:n,#a> else,FP A-suff,مكافَآتُ,,,,,,,
302,280,,MORPH,[NSuff.XXCN],NSuff.FPCN,aAt,At/NSUFF_FEM_PL+(null)/CASE_DEF_NOM,,MSA,form_gen:f form_num:p stt:c cas:n,else 1s_poss,FP,كتابَاتِي,,,,,,,
303,281,,MORPH,[NSuff.XXCN],NSuff.FPCN,aAtu,At/NSUFF_FEM_PL+u/CASE_DEF_NOM,,MSA,form_gen:f form_num:p stt:c cas:n,else else,FP,كتابَاتُ,,,,,,,
304,282,,MORPH,[NSuff.XXCA],NSuff.FPCA,a|t,|t/NSUFF_FEM_PL+(null)/CASE_DEF_ACC,,MSA,form_gen:f form_num:p stt:c cas:a,#a> 1s_poss,FP A-suff,مكافَآتِي,,,,,,,
305,283,,MORPH,[NSuff.XXCA],NSuff.FPCA,a|ti,|t/NSUFF_FEM_PL+i/CASE_DEF_ACC,,MSA,form_gen:f form_num:p stt:c cas:a,#a> else,FP A-suff #^i,مكافَآتِ,,,,,,,
306,284,,MORPH,[NSuff.XXCA],NSuff.FPCA,aAt,At/NSUFF_FEM_PL+(null)/CASE_DEF_ACC,,MSA,form_gen:f form_num:p stt:c cas:a,else 1s_poss,FP,كتابَاتِي,,,,,,,
307,285,,MORPH,[NSuff.XXCA],NSuff.FPCA,aAti,At/NSUFF_FEM_PL+i/CASE_DEF_ACC,,MSA,form_gen:f form_num:p stt:c cas:a,else else,FP #^i,كتابَاتِ,,,,,,,
308,286,,MORPH,[NSuff.XXCG],NSuff.FPCG,a|t,|t/NSUFF_FEM_PL+(null)/CASE_DEF_GEN,,MSA,form_gen:f form_num:p stt:c cas:g,#a> 1s_poss,FP A-suff,مكافَآتِي,,,,,,,
309,287,,MORPH,[NSuff.XXCG],NSuff.FPCG,a|ti,|t/NSUFF_FEM_PL+i/CASE_DEF_GEN,,MSA,form_gen:f form_num:p stt:c cas:g,#a> else,FP A-suff #^i,مكافَآتِ,,,,,,,
310,288,,MORPH,[NSuff.XXCG],NSuff.FPCG,aAt,At/NSUFF_FEM_PL+(null)/CASE_DEF_GEN,,MSA,form_gen:f form_num:p stt:c cas:g,else 1s_poss,FP,موظفَاتِي,,,,,,,
311,289,,MORPH,[NSuff.XXCG],NSuff.FPCG,aAti,At/NSUFF_FEM_PL+i/CASE_DEF_GEN,,MSA,form_gen:f form_num:p stt:c cas:g,else else,FP #^i,موظفَاتِ,,,,,,,
312,290,,MORPH,[NSuff.XXCU],NSuff.FPCU,a|t,|t/NSUFF_FEM_PL,,MSA,form_gen:f form_num:p stt:c cas:u,#a>,FP A-suff ,مكافَآت,,,,,,,
313,291,,MORPH,[NSuff.XXCU],NSuff.FPCU,aAt,At/NSUFF_FEM_PL,,MSA,form_gen:f form_num:p stt:c cas:u,else,FP,موظفَات,,,,,,,
314,,,,,,,,,,,,,,,,,,,,
315,292,,MORPH,[PRON],_,_,_,_,MSA,enc0:0,_,,,,,,,,,
316,293,,MORPH,[PRON],hu/PRON.3MS,hi,hu/POSS_PRON_3MS,its/his,MSA,enc0:3ms_poss,#^i||#^ay||#^iy,poss enc0,كتابِهِ,_+hi,_+hu,_+hi,_+hu,,,
317,294,,MORPH,[PRON],hu/PRON.3MS,hu,hu/POSS_PRON_3MS,its/his,MSA,enc0:3ms_poss,else,poss enc0,كتابُهُ,_+hu,_+hu,_+hu,_+hu,,,
318,295,RED,MORPH,[PRON],hA/PRON.3FS,haA,hA/POSS_PRON_3FS,its/their/her,MSA,enc0:3fs_poss,_,poss enc0,كتابُهَا,_+haA,_+haA,_+haA,_+haA,,,
319,296,RED,MORPH,[PRON],humA/PRON.3D,himaA,humA/POSS_PRON_3D,their,MSA,enc0:3d_poss,#^i||#^ay||#^iy,poss enc0,كتابِهِمَا,_+himaA,_+humaA,_+himaA,_+humaA,,,
320,297,RED,MORPH,[PRON],humA/PRON.3D,humaA,humA/POSS_PRON_3D,their,MSA,enc0:3d_poss,else,poss enc0,كتابُهُمَا,_+humaA,_+humaA,_+humaA,_+humaA,,,
321,298,RED,MORPH,[PRON],hun~a/PRON.3FP,hin~a,hun~a/POSS_PRON_3FP,their,MSA,enc0:3fp_poss,#^i||#^ay||#^iy,poss enc0,كتابِهِنَِ,_+hin~a,_+hun~a,_+hin~a,_+hun~a,,,
322,299,RED,MORPH,[PRON],hun~a/PRON.3FP,hun~a,hun~a/POSS_PRON_3FP,their,MSA,enc0:3fp_poss,else,poss enc0,كتابُهُنَّ,_+hun~a,_+hun~a,_+hun~a,_+hun~a,,,
323,300,RED,MORPH,[PRON],hum/PRON.3MP,him,hum/POSS_PRON_3MP,their,MSA,enc0:3mp_poss,#^i||#^ay||#^iy,poss enc0,كتابِهِم,_+him,_+hum,_+him,_+hum,,,
324,301,RED,MORPH,[PRON],hum/PRON.3MP,hum,hum/POSS_PRON_3MP,their,MSA,enc0:3mp_poss,else,poss enc0,كتابُهُم,_+hum,_+hum,_+hum,_+hum,,,
325,302,RED,MORPH,[PRON],ka/PRON.2MS,ka,ka/POSS_PRON_2MS,your_[masc.sg.],MSA,enc0:2ms_poss,_,poss enc0,كتابُكَ,_+ka,_+ka,_+ka,_+ka,,,
326,303,RED,MORPH,[PRON],ki/PRON.2FS,ki,ki/POSS_PRON_2FS,your_[fem.sg.],MSA,enc0:2fs_poss,_,poss enc0,كتابُكِ,_+ki,_+ki,_+ki,_+ki,,,
327,304,RED,MORPH,[PRON],kumA/PRON.2D,kumaA,kumA/POSS_PRON_2D,your_[du.],MSA,enc0:2d_poss,_,poss enc0,كتابُكُمَا,_+kumaA,_+kumaA,_+kumaA,_+kumaA,,,
328,305,RED,MORPH,[PRON],kum/PRON.2MP,kum,kum/POSS_PRON_2MP,your_[masc.pl.],MSA,enc0:2mp_poss,_,poss enc0,كتابُكَم,_+kum,_+kum,_+kum,_+kum,,,
329,306,RED,MORPH,[PRON],kun~a/PRON.2FP,kun~a,kun~a/POSS_PRON_2FP,your_[fem.pl.],MSA,enc0:2fp_poss,_,poss enc0,كتابُكَنَّ,_+kun~a,_+kun~a,_+kun~a,_+kun~a,,,
330,307,,MORPH,[PRON],iy/PRON.1S,ya,iy/POSS_PRON_1S,my,MSA,enc0:1s_poss,#^A,1s_poss enc0,كتابايَ,_+ya,_+iy,_+ya,_+iy,,,
331,308,,MORPH,[PRON],iy/PRON.1S,~a,iy/POSS_PRON_1S,my,MSA,enc0:1s_poss,#^ay||#^iy,1s_poss enc0,كتابَيَّ,_+~a,_+iy,_+~a,_+iy,,,
332,309,,MORPH,[PRON],iy/PRON.1S,iy,iy/POSS_PRON_1S,my,MSA,enc0:1s_poss,else,1s_poss enc0 i-suff,كتابِي,_+iy,_+iy,_+iy,_+iy,,,
333,310,RED,MORPH,[PRON],nA/PRON.1P,naA,nA/POSS_PRON_1P,our,MSA,enc0:1p_poss,_,poss enc0,كتابُنَا,_+naA,_+naA,_+naA,_+naA,,,
334,,,,,,,,,,,,,,,,,,,,
335,311,STATS,MORPH,[PRON-OTHER],_,_,_,_,MSA,enc0:0,_,,-,,,,,,,
336,312,STATS,MORPH,[PRON-OTHER],iy/PRON.1S,ya,iy/PRON_1S,me,MSA,enc0:1s_pron,C:A#||C:i#,enc0 PRON-iy,عَصايَ,_+ya,_+iy,_+ya,_+iy,,,
337,313,STATS,MORPH,[PRON-OTHER],iy/PRON.1S,~a,iy/PRON_1S,me,MSA,enc0:1s_pron,C:ay#||C:iy#,enc0 PRON-iy,دَاعِيَّ,_+~a,_+iy,_+~a,_+iy,,,
338,314,STATS,MORPH,[PRON-OTHER],iy/PRON.1S,iy,iy/PRON_1S,me,MSA,enc0:1s_pron,else,enc0 PRON-iy,سامعِي,_+iy,_+iy,_+iy,_+iy,,,
339,315,STATS,MORPH,[PRON-OTHER],niy/PRON.1S,~iy,niy/PRON_1S,me,MSA,enc0:1s_pron,C:n#,enc0,مُعيِّنِّي,_+~iy,_+niy,_+~iy,_+niy,,,
340,316,STATS,MORPH,[PRON-OTHER],niy/PRON.1S,niy,niy/PRON_1S,me,MSA,enc0:1s_pron,else,enc0,آخذنِي,_+niy,_+niy,_+niy,_+niy,,,
341,317,STATS,MORPH,[PRON-OTHER],nA/PRON.1P,~aA,nA/PRON_1P,us,MSA,enc0:1p_pron,C:n#,enc0 ,مُعيِّنَّا,_+~aA,_+naA,_+~aA,_+naA,,,
342,318,STATS,MORPH,[PRON-OTHER],nA/PRON.1P,naA,nA/PRON_1P,our,MSA,enc0:1p_pron,else,enc0 ,آخذُنَا,_+naA,_+naA,_+naA,_+naA,,,
343,319,STATS,MORPH,[PRON-OTHER],ki/PRON.2FS,ki,ki/PRON_2FS,your_[fem.sg.],MSA,enc0:2fs_pron,_,enc0 enc0:2*,آخذُكي,_+ki,_+ki,_+ki,_+ki,,,
344,320,STATS,MORPH,[PRON-OTHER],ka/PRON.2MS,ka,ka/PRON_2MS,your_[masc.sg.],MSA,enc0:2ms_pron,_,enc0 enc0:2*,أخذُكَ,_+ka,_+ka,_+ka,_+ka,,,
345,321,STATS,MORPH,[PRON-OTHER],kumA/PRON.2D,kumaA,kumA/PRON_2D,your_[du.],MSA,enc0:2d_pron,_,enc0 enc0:2*,آخذُكُمَا,_+kumaA,_+kumaA,_+kumaA,_+kumaA,,,
346,322,STATS,MORPH,[PRON-OTHER],kum/PRON.2MP,kum,kum/PRON_2MP,your_[masc.pl.],MSA,enc0:2mp_pron,_,enc0 enc0:2*,آخذُكُمَ ,_+kum,_+kum,_+kum,_+kum,,,
347,323,STATS,MORPH,[PRON-OTHER],kun~a/PRON.2FP,kun~a,kun~a/PRON_2FP,your_[fem.pl.],MSA,enc0:2fp_pron,_,enc0 enc0:2*,آخذكُنَّا,_+kun~a,_+kun~a,_+kun~a,_+kun~a,,,
348,324,STATS,MORPH,[PRON-OTHER],hu/PRON.3MS,hi,hu/PRON_3MS,its/his,MSA,enc0:3ms_pron,C:i#||C:ay#||C:iy#,enc0 ,داعيِهِ,_+hi,_+hu,_+hi,_+hu,,,
349,325,STATS,MORPH,[PRON-OTHER],hu/PRON.3MS,hu,hu/PRON_3MS,it/him,MSA,enc0:3ms_pron,else,enc0 ,آخذُهُ,_+hu,_+hu,_+hu,_+hu,,,
350,326,STATS,MORPH,[PRON-OTHER],hA/PRON.3FS,haA,hA/PRON_3FS,it;them;her,MSA,enc0:3fs_pron,_,enc0 ,آخذُهَا,_+haA,_+haA,_+haA,_+haA,,,
351,327,STATS,MORPH,[PRON-OTHER],humA/PRON.3D,himaA,humA/PRON_3D,their,MSA,enc0:3d_pron,C:i#||C:ay#||C:iy#,enc0 ,داعِيهِمَا,_+himaA,_+humaA,_+himaA,_+humaA,,,
352,328,STATS,MORPH,[PRON-OTHER],humA/PRON.3D,humaA,humA/PRON_3D,their,MSA,enc0:3d_pron,else,enc0 ,آخذهُمَا,_+humaA,_+humaA,_+humaA,_+humaA,,,
353,329,STATS,MORPH,[PRON-OTHER],hum/PRON.3MP,him,hum/PRON_3MP,their,MSA,enc0:3mp_pron,C:i#||C:ay#||C:iy#,enc0 ,دَاعِيهِم,_+him,_+hum,_+him,_+hum,,,
354,330,STATS,MORPH,[PRON-OTHER],hum/PRON.3MP,hum,hum/PRON_3MP,their,MSA,enc0:3mp_pron,else,enc0 ,آخِذُهُم,_+hum,_+hum,_+hum,_+hum,,,
355,331,STATS,MORPH,[PRON-OTHER],hun~a/PRON.3FP,hin~a,hun~a/PRON_3FP,their,MSA,enc0:3fp_pron,C:i#||C:ay#||C:iy#,enc0 ,آخِذِهِنَّ,_+hin~a,_+hun~a,_+hin~a,_+hun~a,,,
356,332,STATS,MORPH,[PRON-OTHER],hun~a/PRON.3FP,hun~a,hun~a/PRON_3FP,their,MSA,enc0:3fp_pron,else,enc0 ,آخِذُهُنَّ,_+hun~a,_+hun~a,_+hun~a,_+hun~a,,,
