,LINE,ROOT,PATTERN,PATTERN_ABSTRACT,DEFINE,CLASS,BW,LEMMA,FORM,GLOSS,COND-T,COND-S,D3SEG,D3TOK,ATBSEG,ATBTOK,FEAT,STATUS,COMMENTS,NOTES,#CLASS
0,1,m.r.>,NTWS,NTWS,LEXICON,[STEM-ACCUSATIVE],NOUN,{imoru&,{imor,man,MS||MD,#a>,,,,,pos:noun gen:- num:- rat:r cas:a,,,,[STEM-NOM]
1,2,m.r.>,NTWS,NTWS,LEXICON,[STEM-GENITIVE],NOUN,{imoru&,{imori},man,MS||MD,,,,,,pos:noun gen:- num:- rat:r cas:g,,,,[STEM-NOM]
2,3,m.r.>,NTWS,NTWS,LEXICON,[STEM-NOMINATIVE],NOUN,{imoru&,{imor,man,MS||MD,#u&,,,,,pos:noun gen:- num:- rat:r cas:n,,,,[STEM-NOM]
3,4,m.r.>,NTWS,NTWS,LEXICON,[STEM-ACCUSATIVE],NOUN_PROP,{imoru&,{imor,man,MS||MD,#a>,,,,,pos:noun_prop gen:- num:- rat:r cas:a,,,,[STEM-NOM]
4,5,m.r.>,NTWS,NTWS,LEXICON,[STEM-GENITIVE],NOUN_PROP,{imoru&,{imori},man,MS||MD,,,,,,pos:noun_prop gen:- num:- rat:r cas:g,,,,[STEM-NOM]
5,6,m.r.>,NTWS,NTWS,LEXICON,[STEM-NOMINATIVE],NOUN_PROP,{imoru&,{imor,man,MS||MD,#u&,,,,,pos:noun_prop gen:- num:- rat:r cas:n,,,,[STEM-NOM]
6,7,s.m.y,NTWS,NTWS,LEXICON,[STEM-CONJ],bi/PREP+{isom/NOUN+i/CASE_DEF_GEN,{isom,bisomi,in/by_the_name_of,,,bi+_somi,bi+_{isomi,bi+_somi,bi+_{isomi,pos:noun prc1:bi_prep gen:m num:s stt:c cas:g,,,,[STEM-NOM]
7,8,*.w.y,NTWS,NTWS,LEXICON,[STEM-CONJ-PREP],ABBREV,*,*,DH.;25th,,,,,,,pos:abbrev,,,,[STEM-BASE]
8,9,*.w.y,NTWS,NTWS,LEXICON,[STEM-CONJ-PREP],DEM_PRON_MS,*a`lika,*a`lika,that;those,,,,,,,pos:pron_dem rat:n gen:m num:s cas:u stt:i,,,,[STEM-BASE]
9,10,*.w.y,NTWS,NTWS,LEXICON,[STEM-CONJ-PREP],DEM_PRON_F,*a`lika,tiloka,that;those,,,,,,,pos:pron_dem rat:n gen:f num:s cas:u stt:i,,,,[STEM-BASE]
10,11,*.w.y,NTWS,NTWS,LEXICON,[STEM-CONJ-PREP],DEM_PRON_MP,*a`lika,*a`likum,that;those,,,,,,,pos:pron_dem rat:n gen:m num:p cas:u stt:i,,,,[STEM-BASE]
11,12,*.w.y,NTWS,NTWS,LEXICON,[STEM-CONJ-PREP],DEM_PRON_FS,*a`lika,tilokum,that;those,,,,,,,pos:pron_dem rat:n gen:f num:s cas:u stt:i,,,,[STEM-BASE]
12,13,*.w.y,NTWS,NTWS,LEXICON,[STEM-CONJ-PREP],DEM_PRON_D,*a`lika,*a`likumaA,that;those,,,,,,,pos:pron_dem rat:n gen:- num:d cas:u stt:i,,,,[STEM-BASE]
13,14,*.w.y,NTWS,NTWS,LEXICON,[STEM-CONJ-PREP],DEM_PRON_MS,*a`lika,*a`likun~a,that;those,,,,,,,pos:pron_dem rat:n gen:f num:p cas:u stt:i,,,,[STEM-BASE]
14,15,*.w.y,NTWS,NTWS,LEXICON,[STEM-CONJ-PREP],DEM_PRON_MS,*aA,*aA,this;that;these;those,,,,,,,pos:pron_dem rat:n gen:m num:s cas:u stt:i,,,,[STEM-BASE]
15,16,*.w.y,NTWS,NTWS,LEXICON,[STEM-CONJ],DEM_PRON_MD,*aA,*aAna,this;that;these;those,,,,,,,pos:pron_dem rat:n gen:m num:d cas:n stt:i,,,,[STEM-BASE]
16,17,*.w.y,NTWS,NTWS,LEXICON,[STEM-CONJ-PREP],DEM_PRON_MD,*aA,*ayna,this;that;these;those,,,,,,,pos:pron_dem rat:n gen:m num:d cas:g stt:i,,,,[STEM-BASE]
17,18,*.w.y,NTWS,NTWS,LEXICON,[STEM-CONJ],DEM_PRON_MD,*aA,*ayna,this;that;these;those,,,,,,,pos:pron_dem rat:n gen:m num:d cas:a stt:i,,,,[STEM-BASE]
18,19,*.w.y,NTWS,NTWS,LEXICON,[STEM-CONJ],DEM_PRON_FD,*aA,taAni,this;that;these;those,,,,,,,pos:pron_dem rat:n gen:f num:d cas:n stt:i,,,,[STEM-BASE]
19,20,*.w.y,NTWS,NTWS,LEXICON,[STEM-CONJ],DEM_PRON_FD,*aA,tayoni,this;that;these;those,,,,,,,pos:pron_dem rat:n gen:f num:d cas:a stt:i,,,,[STEM-BASE]
20,21,*.w.y,NTWS,NTWS,LEXICON,[STEM-CONJ-PREP],DEM_PRON_FD,*aA,tayoni,this;that;these;those,,,,,,,pos:pron_dem rat:n gen:f num:d cas:g stt:i,,,,[STEM-BASE]
21,22,*.w.y,NTWS,NTWS,LEXICON,[STEM-CONJ],DEM_PRON_FS,*aA,tiy,this;that;these;those,,,,,,,pos:pron_dem rat:n gen:f num:s cas:u stt:i,,,,[STEM-BASE]
22,23,*.w.y,NTWS,NTWS,LEXICON,[STEM-CONJ],DEM_PRON_MD,*aAka,*aAnika,those;that,,,,,,,pos:pron_dem rat:n gen:m num:d cas:n stt:i,,,,[STEM-BASE]
23,24,*.w.y,NTWS,NTWS,LEXICON,[STEM-CONJ-PREP],DEM_PRON_MS,*aAka,*aAka,those;that,,,,,,,pos:pron_dem rat:n gen:m num:s cas:u stt:i,,,,[STEM-BASE]
24,25,*.w.y,NTWS,NTWS,LEXICON,[STEM-CONJ],DEM_PRON_MD,*aAka,*aynika,those;that,,,,,,,pos:pron_dem rat:n gen:m num:d cas:a stt:i,,,,[STEM-BASE]
25,26,*.w.y,NTWS,NTWS,LEXICON,[STEM-CONJ-PREP],DEM_PRON_MD,*aAka,*aynika,those;that,,,,,,,pos:pron_dem rat:n gen:m num:d cas:g stt:i,,,,[STEM-BASE]
26,27,*.w.y,NTWS,NTWS,LEXICON,[STEM-CONJ],DEM_PRON_FS,*aAka,taAka,those;that,,,,,,,pos:pron_dem rat:n gen:f num:s cas:n stt:i,,,,[STEM-BASE]
27,28,*.w.y,NTWS,NTWS,LEXICON,[STEM-CONJ],DEM_PRON_FD,*aAka,taAnika,those;that,,,,,,,pos:pron_dem rat:n gen:f num:d cas:n stt:i,,,,[STEM-BASE]
28,29,*.w.y,NTWS,NTWS,LEXICON,[STEM-CONJ],DEM_PRON_FD,*aAka,tayonika,those;that,,,,,,,pos:pron_dem rat:n gen:f num:d cas:a stt:i,,,,[STEM-BASE]
29,30,*.w.y,NTWS,NTWS,LEXICON,[STEM-CONJ-PREP],DEM_PRON_FD,*aAka,tayonika,those;that,,,,,,,pos:pron_dem rat:n gen:f num:d cas:g stt:i,,,,[STEM-BASE]
30,31,*.w.y,NTWS,NTWS,LEXICON,[STEM-CONJ],DEM_PRON_FS,*aAka,tiyka,those;that,,,,,,,pos:pron_dem rat:n gen:f num:s cas:a stt:i,,,,[STEM-BASE]
31,32,*.w.y,NTWS,NTWS,LEXICON,[STEM-CONJ-PREP],DEM_PRON_FS,*aAka,tiyka,those;that,,,,,,,pos:pron_dem rat:n gen:f num:s cas:g stt:i,,,,[STEM-BASE]
32,33,*.w.y,NTWS,NTWS,LEXICON,[STEM-CONST],NOUN,*uw,*aAt,of;with,MS,,,,,,pos:noun gen:f num:- rat:i stt:c,,,,
33,34,*.w.y,NTWS,NTWS,LEXICON,[STEM-CONST],NOUN,*uw,*aw,of;with,MD||MP||FP,,,,,,pos:noun gen:- num:- rat:i stt:c,,,,
34,35,*.w.y,NTWS,NTWS,LEXICON,[STEM-CONST],NOUN,*uw,*,of;with,MS,Five-nouns,,,,,pos:noun gen:- num:- rat:i stt:c,,,,
35,36,NTWS,NTWS,NTWS,LEXICON,[STEM-CONJ-PREP],ABBREV,<i,<i,I.,,,,,,,pos:abbrev,,,,[STEM-BASE]
36,37,NTWS,NTWS,NTWS,LEXICON,[STEM-CONJ],ADV,<i*~aAka,<i*~aAka,then,,,,,,,pos:adv stt:i cas:u,,,,[STEM-BASE]
37,38,NTWS,NTWS,NTWS,LEXICON,[STEM-CONJ],PART,<i*aA,<i*aA,suddenly,,,,,,,pos:part,,,,[STEM-BASE]
38,39,NTWS,NTWS,NTWS,LEXICON,[STEM-CONJ],SUB_CONJ,<i*aA,<i*aA,"If,_whether,_when,_whenever",,,,,,,pos:conj_sub,,,,[STEM-BASE]
39,40,NTWS,NTWS,NTWS,LEXICON,[STEM-CONJ],ADV,<i*aAF,<i*aAF,Therefore;hence;then;so;in_that_case;thus;consequently;accordingly,,,,,,,pos:adv stt:i cas:u,,,,[STEM-BASE]
40,41,NTWS,NTWS,NTWS,LEXICON,[STEM-CONJ],ADV,<i*ano,<i*ano,hence_so,,,,,,,pos:adv stt:i cas:u,,,,[STEM-BASE]
41,42,NTWS,NTWS,NTWS,LEXICON,[STEM-CONJ],PART,<i*o,<i*o,Then;and_then;as;when;while;(and)_suddenly;(and)_all_of_a_sudden,,,,,,,pos:part,,,,[STEM-BASE]
42,43,NTWS,NTWS,NTWS,LEXICON,[STEM-CONJ],SUB_CONJ,<i*o,<i*o,Then;and_then;as;when;while;(and)_suddenly;(and)_all_of_a_sudden,,,,,,,pos:conj_sub,,,,[STEM-BASE]
43,44,NTWS,NTWS,NTWS,LEXICON,[STEM-CONJ-PREP],ABBREV,<if,<if,F.,,,,,,,pos:abbrev,,,,[STEM-BASE]
44,45,NTWS,NTWS,NTWS,LEXICON,[STEM-CONJ-PREP],ABBREV,<il,<il,L.,,,,,,,pos:abbrev,,,,[STEM-BASE]
45,46,NTWS,NTWS,NTWS,LEXICON,[STEM-CONJ],PREP,<il~aA,<il~aA,except_for,,,,,,,pos:prep,,,,[STEM-BASE]
46,47,NTWS,NTWS,NTWS,LEXICON,[STEM-CONJ],RESTRIC_PART,<il~aA,<il~aA,except_for,,,,,,,pos:part_restrict,,,,[STEM-BASE]
47,48,NTWS,NTWS,NTWS,LEXICON,[STEM-CONJ],PREP,<ilaY,<ilaY,to;towards,,,,,,,pos:prep,,,,[STEM-BASE]
48,49,NTWS,NTWS,NTWS,LEXICON,[STEM-CONJ-PRON],PREP,<ilaY,<ilayo,to;towards,enc0,C:ay#,,,,,pos:prep,,,,[STEM-BASE]
49,50,NTWS,NTWS,NTWS,LEXICON,[STEM-CONJ-PREP],ABBREV,<im,<im,M.,,,,,,,pos:abbrev,,,,[STEM-BASE]
50,51,NTWS,NTWS,NTWS,LEXICON,[STEM-CONJ],CONJ,<im~aA,<im~aA,Either;whether;if,,,,,,,pos:conj,,,,[STEM-BASE]
51,52,NTWS,NTWS,NTWS,LEXICON,[STEM-CONJ-PREP],ABBREV,<in,<in,N.,,,,,,,pos:abbrev,,,,[STEM-BASE]
52,53,NTWS,NTWS,NTWS,LEXICON,[STEM-CONJ-PREP],<in~/PSEUDO_VERB+niy/PRON_1S,<in~a,<in~iy,indeed,,,<in~_+iy,<in~a_+niy,<in~_+iy,<in~a_+niy,pos:verb_pseudo enc0:1s_pron,,,,[STEM-BASE]
53,54,NTWS,NTWS,NTWS,LEXICON,[STEM-CONJ-PREP],<in~/PSEUDO_VERB+naA/PRON_1P,<in~a,<in~aA,indeed,,,<in~_+aA,<in~a_+naA,<in~_+aA,<in~a_+naA,pos:verb_pseudo enc0:1p_pron,,,,[STEM-BASE]
54,55,NTWS,NTWS,NTWS,LEXICON,[STEM],PSEUDO_VERB,<in~a,<in~a,indeed,!PRON-iy,,,,,,pos:verb_pseudo,,,,[STEM-BASE]
55,56,NTWS,NTWS,NTWS,LEXICON,[STEM-CONJ],<in~a/PSEUDO_VERB+maA/REL_PRON,<in~a,<in~amaA,indeed_that,,,<in~a_+maA,<in~a_+maA,<in~a_+maA,<in~a_+maA,pos:verb_pseudo enc0:mA_rel,,,,[STEM-COMPOUND]
56,57,NTWS,NTWS,NTWS,LEXICON,[STEM-CONJ-PRON],la/EMPHATIC_PART+<in~a/PSEUDO_VERB,<in~a,la}in~a,definitely+indeed,,,la+_}in~a,la+_<in~a,la+_}in~a,la+_<in~a,pos:verb_pseudo prc1:la_emph,,,,[STEM-COMPOUND]
57,58,NTWS,NTWS,NTWS,LEXICON,[STEM-CONJ],RESTRIC_PART,<in~amaA,<in~amaA,but_rather;indeed,,,,,,,pos:part_restrict,,,,[STEM-BASE]
58,59,NTWS,NTWS,NTWS,LEXICON,[STEM-CONJ],SUB_CONJ,<ino,<ino,Although;(even)_though;even_if;despite;in_spite_of_the_fact_that;verily;truly,,,,,,,pos:conj_sub,,,,[STEM-BASE]
59,60,NTWS,NTWS,NTWS,LEXICON,[STEM-CONJ],la/EMPHATIC_PART+<ino/SUB_CONJ,<ino,la}ino,indeed+if,,,la+_}in,la+_<ino,la+_}ino,la+_<ino,pos:conj_sub prc1:la_emph,,,,[STEM-COMPOUND]
60,61,NTWS,NTWS,NTWS,LEXICON,[STEM-CONJ-PREP],ABBREV,<is,<is,S.,,,,,,,pos:abbrev,,,,[STEM-BASE]
61,62,NTWS,NTWS,NTWS,LEXICON,[STEM-CONJ-PREP],ABBREV,<it$,<it$,H.,,,,,,,pos:abbrev,,,,[STEM-BASE]
62,63,NTWS,NTWS,NTWS,LEXICON,[STEM-CONJ-PREP],ABBREV,<iy,<iy,E.,,,,,,,pos:abbrev,,,,[STEM-BASE]
63,64,NTWS,NTWS,NTWS,LEXICON,[STEM-CONJ-PRON],PART,<iy~aA,<iy~aA,to;for,,,,,,,pos:part,,,,[STEM-BASE]
64,65,NTWS,NTWS,NTWS,LEXICON,[STEM-CONJ-PREP],ABBREV,<iyh,<iyh,A.,,,,,,,pos:abbrev,,,,[STEM-BASE]
65,66,NTWS,NTWS,NTWS,LEXICON,[STEM-CONJ-PREP],ABBREV,>a,>a,A.;1st,,,,,,,pos:abbrev,,,,[STEM-BASE]
66,67,NTWS,NTWS,NTWS,LEXICON,[STEM-CONJ],INTERROG_PART,>a,>a,does;is;are;do,,,,,,,pos:part_interrog,CHECK,Should we allow prep here?,,[STEM-BASE]
67,68,NTWS,NTWS,NTWS,LEXICON,[STEM-CONJ],VOC_PART,>a,>a,hey,,,,,,,pos:part_voc,,,,[STEM-BASE]
68,69,NTWS,NTWS,NTWS,LEXICON,[STEM-CONJ-PREP],ABBREV,>af,>af,A.F.,,,,,,,pos:abbrev,,,,[STEM-BASE]
69,70,NTWS,NTWS,NTWS,LEXICON,[STEM-CONJ-PREP],INTERJ,>ah,>ah,ah!;ouch!,,,,,,,pos:interj,,,,[STEM-BASE]
70,71,NTWS,NTWS,NTWS,LEXICON,[STEM-CONJ-PREP],INTERJ,>ajal,>ajal,yes;indeed;certainly,,,,,,,pos:interj,,,,[STEM-BASE]
71,72,NTWS,NTWS,NTWS,LEXICON,[STEM-CONJ-PREP],PART,>alaA,>alaA,namely;i.e.,,,,,,,pos:part,,,,[STEM-BASE]
72,73,NTWS,NTWS,NTWS,LEXICON,[STEM-CONJ-PREP],INTERJ,>aluw,>aluw,hello,,,,,,,pos:interj,,,,[STEM-BASE]
73,74,NTWS,NTWS,NTWS,LEXICON,[STEM-CONJ],FOCUS_PART,>am~aA,>am~aA,"As_to;as_for;as_far_as_he_(she,_it,_..etc)_is_concerned;but;however;yet;on_the_other_hand",,,,,,,pos:part_focus,,,,[STEM-BASE]
74,75,NTWS,NTWS,NTWS,LEXICON,[STEM-CONJ],CONJ,>amo,>amo,or,,,,,,,pos:conj,,,,[STEM-BASE]
75,76,NTWS,NTWS,NTWS,LEXICON,[STEM-CONJ-PREP],>an~/SUB_CONJ+niy/PRON_1S,>an~a,>an~iy,that,,,>an~_+iy,>an~a_+niy,>an~_+iy,>an~a_+niy,pos:conj_sub enc0:1s_pron,,,,[STEM-BASE]
76,77,NTWS,NTWS,NTWS,LEXICON,[STEM-CONJ-PREP],>an~/SUB_CONJ+naA/PRON_1P,>an~a,>an~aA,that,,,>an~_+aA,>an~a_+naA,>an~_+aA,>an~a_+naA,pos:conj_sub enc0:1p_pron,,,,[STEM-BASE]
77,78,NTWS,NTWS,NTWS,LEXICON,[STEM],SUB_CONJ,>an~a,>an~a,that,!PRON-iy,,,,,,pos:conj_sub,,,,[STEM-BASE]
78,79,NTWS,NTWS,NTWS,LEXICON,[STEM-CONJ-PREP],>an~a/SUB_CONJ+maA/REL_PRON,>an~a,>an~amaA,that,,,>an~a_+maA,>an~a_+maA,>an~a_+maA,>an~a_+maA,pos:conj_sub enc0:mA_rel,,,,[STEM-COMPOUND]
79,80,NTWS,NTWS,NTWS,LEXICON,[STEM-CONJ-PREP],SUB_CONJ,>an~amaA,>an~amaA,that,,,,,,,pos:conj_sub,,,,[STEM-BASE]
80,81,NTWS,NTWS,NTWS,LEXICON,[STEM-CONJ-PREP],INTERROG_ADV,>an~aY,>an~aY,where?;how?;however,,,,,,,pos:part_interrog,,,,[STEM-BASE]
81,82,NTWS,NTWS,NTWS,LEXICON,[STEM-CONJ-PREP],REL_ADV,>an~aY,>an~aY,wherever;however,,,,,,,pos:adv_rel stt:i cas:u,,,,[STEM-BASE]
82,83,NTWS,NTWS,NTWS,LEXICON,[STEM-CONJ],PRON_1S,>anaA,>anaA,I,,,,,,,pos:pron per:1 gen:m num:s stt:d cas:n rat:r,,,,[STEM-BASE]
83,84,NTWS,NTWS,NTWS,LEXICON,[STEM-CONJ],haA/DEM_PRON+>anaA/PRON_1S,>anaA,haA>anaA,here_I_am;this+I,,,haA+_>anaA,haA+_>anaA,haA+_>anaA,haA+_>anaA,pos:pron prc1:hA_dem per:1 gen:m num:s stt:d cas:n rat:r,,,,[STEM-COMPOUND]
84,85,NTWS,NTWS,NTWS,LEXICON,[STEM-CONJ-PREP],>ano/SUB_CONJ+laA/NEG_PART,>ano,>al~aA,that/to_not,!li/PREP,,>a_+l~aA,>ano_+laA,>a_+l~aA,>ano_+laA,pos:conj_sub enc0:lA_neg,,,أن الناصبة (المصدرية),[STEM-COMPOUND]
85,86,NTWS,NTWS,NTWS,LEXICON,[STEM-CONJ-PREP],>ano/SUB_CONJ+laA/NEG_PART,>ano,}al~aA,that/to_not,li/PREP,,}a_+l~aA,>ano_+laA,}a_+l~aA,>ano_+laA,pos:conj_sub enc0:lA_neg,,,أن الناصبة (المصدرية),[STEM-COMPOUND]
86,87,NTWS,NTWS,NTWS,LEXICON,[STEM-CONJ-PREP],SUB_CONJ,>ano,>ano,that;to,,,,,,,pos:conj_sub,,,أن الناصبة (المصدرية),[STEM-BASE]
87,88,NTWS,NTWS,NTWS,LEXICON,[STEM-CONJ],PRON_2MS,>anota,>anota,you,,,,,,,pos:pron per:2 gen:m num:s stt:d cas:n rat:r,,,,[STEM-BASE]
88,89,NTWS,NTWS,NTWS,LEXICON,[STEM-CONJ],haA/DEM_PRON+>anota/PRON_2MS,>anota,haA>anota,there_you_are;this+you,,,haA+_>anota,haA+_>anota,haA+_>anota,haA+_>anota,pos:pron prc1:hA_dem per:2 gen:m num:s stt:d cas:n rat:r,,,,[STEM-COMPOUND]
89,90,NTWS,NTWS,NTWS,LEXICON,[STEM-CONJ],PRON_2FS,>anoti,>anoti,you,,,,,,,pos:pron per:2 gen:f num:s stt:d cas:n rat:r,,,,[STEM-BASE]
90,91,NTWS,NTWS,NTWS,LEXICON,[STEM-CONJ],haA/DEM_PRON+>anoti/PRON_2FS,>anoti,haA>anoti,there_you_are;this+you,,,haA+_>anoti,haA+_>anoti,haA+_>anoti,haA+_>anoti,pos:pron prc1:hA_dem per:2 gen:f num:s stt:d cas:n rat:r,,,,[STEM-COMPOUND]
91,92,NTWS,NTWS,NTWS,LEXICON,[STEM-CONJ],PRON_2D,>anotumaA,>anotumaA,you_both,,,,,,,pos:pron per:2 gen:m num:d stt:d cas:n rat:r,,,,[STEM-BASE]
92,93,NTWS,NTWS,NTWS,LEXICON,[STEM-CONJ],haA/DEM_PRON+>anotumaA/PRON_2D,>anotumaA,haA>anotumaA,there_you_both_are;this+you,,,haA+_>anotumaA,haA+_>anotumaA,haA+_>anotumaA,haA+_>anotumaA,pos:pron prc1:hA_dem per:2 gen:m num:d stt:d cas:n rat:r,,,,[STEM-COMPOUND]
93,94,NTWS,NTWS,NTWS,LEXICON,[STEM-CONJ],PRON_2MP,>anotumo,>anotumo,you,,,,,,,pos:pron per:2 gen:m num:p stt:d cas:n rat:r,,,,[STEM-BASE]
94,95,NTWS,NTWS,NTWS,LEXICON,[STEM-CONJ],haA/DEM_PRON+>anotum/PRON_2MP,>anotumo,haA>anotumo,there_you_are;this+you,,,haA+_>anotumo,haA+_>anotumo,haA+_>anotumo,haA+_>anotumo,pos:pron prc1:hA_dem per:2 gen:m num:p stt:d cas:n rat:r,,,,[STEM-COMPOUND]
95,96,NTWS,NTWS,NTWS,LEXICON,[STEM-CONJ],PRON_2FP,>anotun~a,>anotun~a,you,,,,,,,pos:pron per:2 gen:f num:p stt:d cas:n rat:r,,,,[STEM-BASE]
96,97,NTWS,NTWS,NTWS,LEXICON,[STEM-CONJ],haA/DEM_PRON+>anotun~a/PRON_2FP,>anotun~a,haA>anotun~a,there_you_are;this+you,,,haA+_>anotun~a,haA+_>anotun~a,haA+_>anotun~a,haA+_>anotun~a,pos:pron prc1:hA_dem per:2 gen:f num:p stt:d cas:n rat:r,,,,[STEM-COMPOUND]
97,98,NTWS,NTWS,NTWS,LEXICON,[STEM-CONJ-PREP],ABBREV,>ar,>ar,R.,,,,,,,pos:abbrev,,,,[STEM-BASE]
98,99,r.b.E,NTWS,NTWS,LEXICON,[STEM-ACCUSATIVE],NOUN,>arobaEami}ap,>arobaEami},four-hundred,FS,X100,,,,,pos:noun gen:- num:- rat:i cas:a,,,,
99,100,r.b.E,NTWS,NTWS,LEXICON,[STEM-GENITIVE],NOUN,>arobaEami}ap,>arobaEimi},four-hundred,FS,X100,,,,,pos:noun gen:- num:- rat:r cas:g,,,,
100,101,r.b.E,NTWS,NTWS,LEXICON,[STEM-NOMINATIVE],NOUN,>arobaEami}ap,>arobaEumi},four-hundred,FS,X100,,,,,pos:noun gen:- num:- rat:r cas:n,,,,
101,102,r.b.E,NTWS,NTWS,LEXICON,[STEM-ACCUSATIVE],NOUN,>arobaEamiA}ap,>arobaEamiA},four-hundred,FS,X100,,,,,pos:noun gen:- num:- rat:i cas:a,,,,
102,103,r.b.E,NTWS,NTWS,LEXICON,[STEM-GENITIVE],NOUN,>arobaEamiA}ap,>arobaEimiA},four-hundred,FS,X100,,,,,pos:noun gen:- num:- rat:r cas:g,,,,
103,104,r.b.E,NTWS,NTWS,LEXICON,[STEM-NOMINATIVE],NOUN,>arobaEamiA}ap,>arobaEumiA},four-hundred,FS,X100,,,,,pos:noun gen:- num:- rat:r cas:n,,,,
104,105,NTWS,NTWS,NTWS,LEXICON,[STEM-CONJ-PREP],INTERJ,>aw~ah,>aw~ah,oh!,,,,,,,pos:interj,,,,[STEM-BASE]
105,106,NTWS,NTWS,NTWS,LEXICON,[STEM-CONJ-PREP],INTERJ,>aw~ah,>uw~aAh,oh!,,,,,,,pos:interj,,,,[STEM-BASE]
106,107,NTWS,NTWS,NTWS,LEXICON,[STEM-CONJ],CONJ,>awo,>awo,Or;if_not;unless;except_if;except_when,,,,,,,pos:conj,,,,[STEM-BASE]
107,108,NTWS,NTWS,NTWS,LEXICON,[STEM-CONJ-PREP],ABBREV,>ay,>ay,A.###I.,,,,,,,pos:abbrev,,,,[STEM-BASE]
108,109,NTWS,NTWS,NTWS,LEXICON,[STEM-CONST],INTERROG_PRON,>ay~,>ay~,which,MS||FS,,,,,,pos:part_interrog gen:- num:s,,,,[STEM-NOM]
109,110,NTWS,NTWS,NTWS,LEXICON,[STEM-CONST],REL_PRON,>ay~,>ay~,which,MS||FS,,,,,,pos:pron_rel gen:- num:s,,,,[STEM-NOM]
110,111,NTWS,NTWS,NTWS,LEXICON,[STEM-CONJ-PREP],>ay~/REL_PRON+AF/CASE_INDEF_ACC,>ay~,>ay~aAF,whatever;whichever,,,,,,,pos:pron_rel gen:- num:s,,,,[STEM-NOM]
111,112,NTWS,NTWS,NTWS,LEXICON,[STEM-CONJ-PREP],INTERROG_ADV,>ay~aAna,>ay~aAna,where,,,,,,,pos:part_interrog,,,,[STEM-BASE]
112,113,NTWS,NTWS,NTWS,LEXICON,[STEM-CONJ-PREP],REL_ADV,>ay~aAna,>ay~aAna,where,,,,,,,pos:adv_rel stt:i cas:u,,,,[STEM-BASE]
113,114,NTWS,NTWS,NTWS,LEXICON,[STEM-CONJ],>ay~/NOUN+a/CASE_INDEF_ACC+maA/REL_PRON,>ay~amaA,>ay~amaA,every;much,,,>ay~a_+maA,>ay~a_+maA,>ay~a_+maA,>ay~a_+maA,pos:noun gen:m num:s enc0:mA_rel stt:c cas:a,,,,[STEM-COMPOUND]
114,115,NTWS,NTWS,NTWS,LEXICON,[STEM-CONJ],VOC_PART,>ay~atuhaA,>ay~tuhaA,O;oh,,,,,,,pos:part_voc,,,,[STEM-BASE]
115,116,NTWS,NTWS,NTWS,LEXICON,[STEM-CONJ],VOC_PART,>ay~uhaA,>ay~uhaA,O;oh,,,,,,,pos:part_voc,,,,[STEM-BASE]
116,117,NTWS,NTWS,NTWS,LEXICON,[STEM-CONJ],VOC_PART,>ayaA,>ayaA,Hey,,,,,,,pos:part_voc,,,,[STEM-BASE]
117,118,NTWS,NTWS,NTWS,LEXICON,[STEM-CONJ-PREP],PART,>ayo,>ayo,that_is_to_say,,,,,,,pos:part,,,,[STEM-BASE]
118,119,NTWS,NTWS,NTWS,LEXICON,[STEM-CONJ-PREP],VOC_PART,>ayo,>ayo,O;oh,,,,,,,pos:part_voc,,,,[STEM-BASE]
119,120,NTWS,NTWS,NTWS,LEXICON,[STEM-CONJ],ADV,>ayoDaAF,>ayoDaAF,also;too;as_well_(as);along_with;in_addition_(to),,,,,,,pos:adv stt:i cas:u,,,,[STEM-BASE]
120,121,NTWS,NTWS,NTWS,LEXICON,[STEM-CONJ-PREP],INTERROG_ADV,>ayona,>ayona,where,,,,,,,pos:part_interrog,,,,[STEM-BASE]
121,122,NTWS,NTWS,NTWS,LEXICON,[STEM-CONJ-PREP],REL_ADV,>ayona,>ayona,where,,,,,,,pos:adv_rel gen:u num:u stt:i cas:u,,,,[STEM-BASE]
122,123,NTWS,NTWS,NTWS,LEXICON,[STEM-CONJ],REL_ADV,>ayonamaA,>ayonamaA,wherever;wheresoever;anywhere,,,,,,,pos:adv_rel stt:i cas:u,,,,[STEM]
123,124,NTWS,NTWS,NTWS,LEXICON,[STEM-CONJ-PREP],ABBREV,>b,>b,A.P.,,,,,,,pos:abbrev,,,,[STEM-BASE]
124,125,NTWS,NTWS,NTWS,LEXICON,[STEM-CONJ-PREP],ABBREV,>fb,>fb,A.F.P.,,,,,,,pos:abbrev,,,,[STEM-BASE]
125,126,NTWS,NTWS,NTWS,LEXICON,[STEM-CONJ-PREP],ABBREV,>lx,<lx,etc.,,,,,,,pos:abbrev,,,,[STEM-BASE]
126,127,NTWS,NTWS,NTWS,LEXICON,[STEM-CONJ-PREP],ABBREV,>lx,>lx,etc.,,,,,,,pos:abbrev,,,,[STEM-BASE]
127,128,NTWS,NTWS,NTWS,LEXICON,[STEM-CONJ-PREP],ABBREV,>lx,|lx,etc.,,,,,,,pos:abbrev,,,,[STEM-BASE]
128,129,NTWS,NTWS,NTWS,LEXICON,[STEM-CONJ-PREP],INTERJ,>uHayolaY,>uHayolaY,how_sweet!,,,,,,,pos:interj,,,,[STEM-BASE]
129,130,NTWS,NTWS,NTWS,LEXICON,[STEM],NOUN,>uluw,>uluw,those,,,,,,,pos:noun gen:m num:p stt:i cas:u,CHECK,Should it not take case/stt/rat?,,[STEM]
130,131,NTWS,NTWS,NTWS,LEXICON,[STEM-CONJ-PREP],INTERJ,>um,>um,um_(filled_pause),,,,,,,pos:interj,,,,[STEM-BASE]
131,132,NTWS,NTWS,NTWS,LEXICON,[STEM-CONJ-PREP],ABBREV,>uw,>uw,O.,,,,,,,pos:abbrev,,,,[STEM-BASE]
132,133,NTWS,NTWS,NTWS,LEXICON,[STEM],DEM_PRON_P,>uwlaA'i,>uwlaA'i,they/those,,,,,,,pos:pron_dem gen:m num:p rat:r stt:i cas:u,,,,[STEM-BASE]
133,134,NTWS,NTWS,NTWS,LEXICON,[STEM-CONJ-PREP],DEM_PRON_P,>uwlaA'i,>uwlaA}ika,they/those,,,,,,,pos:pron_dem gen:m num:p rat:r stt:i cas:u,,,,[STEM-BASE]
134,135,NTWS,NTWS,NTWS,LEXICON,[STEM-CONJ-PREP],DEM_PRON_P,>uwlaA'i,>uwla}ika,they/those,,,,,,,pos:pron_dem gen:m num:p rat:r stt:i cas:u,,,,[STEM-BASE]
135,136,NTWS,NTWS,NTWS,LEXICON,[STEM-CONJ-PREP],DEM_PRON_MP,>uwlaA'i,>uwlaA}ikum,they/those,,,,,,,pos:pron_dem gen:m num:p rat:r stt:i cas:u,,,,[STEM-BASE]
136,137,NTWS,NTWS,NTWS,LEXICON,[STEM-CONJ-PREP],DEM_PRON_MP,>uwlaA'i,>uwla}ikum,they/those,,,,,,,pos:pron_dem gen:m num:p rat:r stt:i cas:u,,,,[STEM-BASE]
137,138,NTWS,NTWS,NTWS,LEXICON,[STEM-CONJ-PREP],DEM_PRON_MP,>uwlaA'i,>uwluw,they/those;possessors_of,,,,,,,pos:pron_dem gen:m num:p rat:r stt:c cas:n,,,,[STEM]
138,139,NTWS,NTWS,NTWS,LEXICON,[STEM-CONJ-PREP],DEM_PRON_MP,>uwlaA'i,>uwliy,they/those;possessors_of,,,,,,,pos:pron_dem gen:m num:p rat:r stt:c cas:a,,,,[STEM]
139,140,NTWS,NTWS,NTWS,LEXICON,[STEM-CONJ-PREP],DEM_PRON_MP,>uwlaA'i,>uwliy,they/those;possessors_of,,,,,,,pos:pron_dem gen:m num:p rat:r stt:c cas:i,,,,[STEM]
140,141,NTWS,NTWS,NTWS,LEXICON,[STEM-CONJ-PREP],ABBREV,|,|,A.,,,,,,,pos:abbrev,,,,[STEM-BASE]
141,142,NTWS,NTWS,NTWS,LEXICON,[STEM-CONJ-PREP],ABBREV,|ar,|ar,R.,,,,,,,pos:abbrev,,,,[STEM-BASE]
142,143,NTWS,NTWS,NTWS,LEXICON,[STEM-CONJ],ADV,|na}i*K,|na}i*K,then;at_that_time,,,,,,,pos:adv stt:i cas:u,,,,[STEM-BASE]
143,144,NTWS,NTWS,NTWS,LEXICON,[STEM-CONJ],ADV,|na*aAk,|na*aAk,then;at_that_time,,,,,,,pos:adv stt:i cas:u,,,,[STEM-BASE]
144,145,NTWS,NTWS,NTWS,LEXICON,[STEM-CONJ-PREP],ABBREV,|s,|s,S.,,,,,,,pos:abbrev,,,,[STEM-BASE]
145,146,NTWS,NTWS,NTWS,LEXICON,[STEM-CONJ-PREP],ABBREV,|y,|y,A.,,,,,,,pos:abbrev,,,,[STEM-BASE]
146,147,NTWS,NTWS,NTWS,LEXICON,[STEM-CONJ-PREP],ABBREV,|y,|y,I.,,,,,,,pos:abbrev,,,,[STEM-BASE]
147,148,NTWS,NTWS,NTWS,LEXICON,[STEM-CONJ-PREP],ABBREV,$,$,SH.;21st;(street),,,,,,,pos:abbrev,,,,[STEM-BASE]
148,149,NTWS,NTWS,NTWS,LEXICON,[STEM-CONJ-PREP],INTERJ,$ub~ayok,$ub~ayok,"shubbeik_(magical_encantation:_approx._""alakazam"")",,,,,,,pos:interj,,,,[STEM-BASE]
149,150,NTWS,NTWS,NTWS,LEXICON,[STEM-CONJ-PREP],DET,Al,Al,the,!li/PREP,,,,,,pos:part_det,,,,[STEM-BASE]
150,151,NTWS,NTWS,NTWS,LEXICON,[STEM-CONJ],li/PREP+Al/DET,Al,lil,for/to+the,,,li+_l+_,li+_Al+_,li+_l,li+_Al,pos:part_det prc1:li_prep,,,,[STEM-COMPOUND]
151,152,NTWS,NTWS,NTWS,LEXICON,[STEM-CONJ],REL_PRON,Al~a*iy,All~atayoni,which;who;whom,,,,,,,pos:pron_rel rat:n gen:f num:d stt:d cas:a,,,,[STEM-BASE]
152,153,NTWS,NTWS,NTWS,LEXICON,[STEM-CONJ],li/PREP+All~atayoni/REL_PRON,Al~a*iy,lil~atayoni,which;who;whom,,,li+_l~atayoni,li+_All~atayoni,li+_l~atayoni,li+_All~atayoni,pos:pron_rel rat:n gen:f num:d stt:d cas:g prc1:li_prep,,,,[STEM-BASE]
153,154,NTWS,NTWS,NTWS,LEXICON,[STEM-CONJ-PREP],REL_PRON,Al~a*iy,All~atayoni,which;who;whom,!li/PREP,,,,,,pos:pron_rel rat:n gen:f num:d stt:d cas:g,,,,[STEM-BASE]
154,155,NTWS,NTWS,NTWS,LEXICON,[STEM-CONJ],REL_PRON,Al~a*iy,All~ataAni,which;who;whom,,,,,,,pos:pron_rel rat:n gen:f num:d stt:d cas:n,,,,[STEM-BASE]
155,156,NTWS,NTWS,NTWS,LEXICON,[STEM-CONJ],REL_PRON,Al~a*iy,All~aA}iy,which;who;whom,,,,,,,pos:pron_rel rat:n gen:f num:p stt:d cas:a ,,,,[STEM-BASE]
156,157,NTWS,NTWS,NTWS,LEXICON,[STEM-CONJ],REL_PRON,Al~a*iy,All~aAtiy,which;who;whom,,,,,,,pos:pron_rel rat:n gen:f num:p stt:d cas:a ,,,,[STEM-BASE]
157,158,NTWS,NTWS,NTWS,LEXICON,[STEM-CONJ],REL_PRON,Al~a*iy,All~awaAtiy,which;who;whom,,,,,,,pos:pron_rel rat:n gen:f num:p stt:d cas:a ,,,,[STEM-BASE]
158,159,NTWS,NTWS,NTWS,LEXICON,[STEM-CONJ],li/PREP+All~A}iy/REL_PRON,Al~a*iy,lil~aA}iy,which;who;whom,,,li+_l~aA}iy,li+_All~aA}iy,li+_l~aA}iy,li+_All~aA}iy,pos:pron_rel rat:n gen:f num:p stt:d cas:g prc1:li_prep,,,,[STEM-BASE]
159,160,NTWS,NTWS,NTWS,LEXICON,[STEM-CONJ-PREP],REL_PRON,Al~a*iy,All~aA}iy,which;who;whom,!li/PREP,,,,,,pos:pron_rel rat:n gen:f num:p stt:d cas:g ,,,,[STEM-BASE]
160,161,NTWS,NTWS,NTWS,LEXICON,[STEM-CONJ],li/PREP+All~Atiy/REL_PRON,Al~a*iy,lil~aAtiy,which;who;whom,,,li+_l~aAtiy,li+_All~aAtiy,li+_l~aAtiy,li+_All~aAtiy,pos:pron_rel rat:n gen:f num:p stt:d cas:g prc1:li_prep,,,,[STEM-BASE]
161,162,NTWS,NTWS,NTWS,LEXICON,[STEM-CONJ-PREP],REL_PRON,Al~a*iy,All~aAtiy,which;who;whom,!li/PREP,,,,,,pos:pron_rel rat:n gen:f num:p stt:d cas:g ,,,,[STEM-BASE]
162,163,NTWS,NTWS,NTWS,LEXICON,[STEM-CONJ],li/PREP+All~awAtiy/REL_PRON,Al~a*iy,lil~awaAtiy,which;who;whom,,,li+_l~awaAtiy,li+_All~awaAtiy,li+_l~awaAtiy,li+_All~awaAtiy,pos:pron_rel rat:n gen:f num:p stt:d cas:g prc1:li_prep,,,,[STEM-BASE]
163,164,NTWS,NTWS,NTWS,LEXICON,[STEM-CONJ-PREP],REL_PRON,Al~a*iy,All~awaAtiy,which;who;whom,!li/PREP,,,,,,pos:pron_rel rat:n gen:f num:p stt:d cas:g ,,,,[STEM-BASE]
164,165,NTWS,NTWS,NTWS,LEXICON,[STEM-CONJ],REL_PRON,Al~a*iy,All~aA}iy,which;who;whom,,,,,,,pos:pron_rel rat:n gen:f num:p stt:d cas:n ,,,,[STEM-BASE]
165,166,NTWS,NTWS,NTWS,LEXICON,[STEM-CONJ],REL_PRON,Al~a*iy,All~aAtiy,which;who;whom,,,,,,,pos:pron_rel rat:n gen:f num:p stt:d cas:n ,,,,[STEM-BASE]
166,167,NTWS,NTWS,NTWS,LEXICON,[STEM-CONJ],REL_PRON,Al~a*iy,All~awaAtiy,which;who;whom,,,,,,,pos:pron_rel rat:n gen:f num:p stt:d cas:n ,,,,[STEM-BASE]
167,168,NTWS,NTWS,NTWS,LEXICON,[STEM-CONJ],REL_PRON,Al~a*iy,Al~atiy,which;who;whom,,,,,,,pos:pron_rel rat:n gen:f num:s stt:d cas:a ,,,,[STEM-BASE]
168,169,NTWS,NTWS,NTWS,LEXICON,[STEM-CONJ],li/PREP+Al~atiy/REL_PRON,Al~a*iy,lil~atiy,which;who;whom,,,li+_l~atiy,li+_Al~atiy,li+_l~atiy,li+_Al~atiy,pos:pron_rel rat:n gen:f num:s stt:d cas:g prc1:li_prep,,,,[STEM-BASE]
169,170,NTWS,NTWS,NTWS,LEXICON,[STEM-CONJ-PREP],REL_PRON,Al~a*iy,Al~atiy,which;who;whom,!li/PREP,,,,,,pos:pron_rel rat:n gen:f num:s stt:d cas:g ,,,,[STEM-BASE]
170,171,NTWS,NTWS,NTWS,LEXICON,[STEM-CONJ],REL_PRON,Al~a*iy,Al~atiy,which;who;whom,,,,,,,pos:pron_rel rat:n gen:f num:s stt:d cas:n ,,,,[STEM-BASE]
171,172,NTWS,NTWS,NTWS,LEXICON,[STEM-CONJ],REL_PRON,Al~a*iy,All~a*ayoni,which;who;whom,,,,,,,pos:pron_rel rat:n gen:m num:d stt:d cas:a ,,,,[STEM-BASE]
172,173,NTWS,NTWS,NTWS,LEXICON,[STEM-CONJ],li/PREP+Al~a*ayoni/REL_PRON,Al~a*iy,lil~a*ayoni,which;who;whom,,,li+_l~a*ayoni,li+_Al~a*ayoni,li+_l~a*ayoni,li+_Al~a*ayoni,pos:pron_rel rat:n gen:m num:d stt:d cas:g prc1:li_prep,,,,[STEM-BASE]
173,174,NTWS,NTWS,NTWS,LEXICON,[STEM-CONJ-PREP],REL_PRON,Al~a*iy,All~a*ayoni,which;who;whom,!li/PREP,,,,,,pos:pron_rel rat:n gen:m num:d stt:d cas:g ,,,,[STEM-BASE]
174,175,NTWS,NTWS,NTWS,LEXICON,[STEM-CONJ],REL_PRON,Al~a*iy,All~a*aAni,which;who;whom,,,,,,,pos:pron_rel rat:n gen:m num:d stt:d cas:n ,,,,[STEM-BASE]
175,176,NTWS,NTWS,NTWS,LEXICON,[STEM-CONJ],REL_PRON,Al~a*iy,Al~a*iyna,which;who;whom,,,,,,,pos:pron_rel rat:n gen:m num:p stt:d cas:a ,,,,[STEM-BASE]
176,177,NTWS,NTWS,NTWS,LEXICON,[STEM-CONJ],li/PREP+Al~a*iyna/REL_PRON,Al~a*iy,lil~a*iyna,which;who;whom,,,li+_l~a*iyna,li+_Al~a*iyna,li+_l~a*iyna,li+_Al~a*iyna,pos:pron_rel rat:n gen:m num:p stt:d cas:g prc1:li_prep,,,,[STEM-BASE]
177,178,NTWS,NTWS,NTWS,LEXICON,[STEM-CONJ-PREP],REL_PRON,Al~a*iy,Al~a*iyna,which;who;whom,!li/PREP,,,,,,pos:pron_rel rat:n gen:m num:p stt:d cas:g ,,,,[STEM-BASE]
178,179,NTWS,NTWS,NTWS,LEXICON,[STEM-CONJ],REL_PRON,Al~a*iy,Al~a*iyna,which;who;whom,,,,,,,pos:pron_rel rat:n gen:m num:p stt:d cas:n ,,,,[STEM-BASE]
179,180,NTWS,NTWS,NTWS,LEXICON,[STEM-CONJ],REL_PRON,Al~a*iy,Al~a*iy,which;who;whom,,,,,,,pos:pron_rel rat:n gen:m num:s stt:d cas:a ,,,,[STEM-BASE]
180,181,NTWS,NTWS,NTWS,LEXICON,[STEM-CONJ],li/PREP+Al~a*iy/REL_PRON,Al~a*iy,lil~a*iy,which;who;whom,,,li+_l~a*iy,li+_Al~a*iy,li+_l~a*iy,li+_Al~a*iy,pos:pron_rel rat:n gen:m num:s stt:d cas:g prc1:li_prep,,,,[STEM-BASE]
181,182,NTWS,NTWS,NTWS,LEXICON,[STEM-CONJ-PREP],REL_PRON,Al~a*iy,Al~a*iy,which;who;whom,!li/PREP,,,,,,pos:pron_rel rat:n gen:m num:s stt:d cas:g ,,,,[STEM-BASE]
182,183,NTWS,NTWS,NTWS,LEXICON,[STEM-CONJ],REL_PRON,Al~a*iy,Al~a*iy,which;who;whom,,,,,,,pos:pron_rel rat:n gen:m num:s stt:d cas:n ,,,,[STEM-BASE]
183,184,>.l.h,NTWS,NTWS,LEXICON,[STEM-CONJ],All~a`h/NOUN_PROP+u/CASE_DEF_NOM,All~a`h,All~a`hu,Allah;God,,,,,,,pos:noun_prop gen:m num:s rat:r stt:d cas:n prc0:Al_det,,,,
184,185,>.l.h,NTWS,NTWS,LEXICON,[STEM-CONJ],All~a`h/NOUN_PROP+a/CASE_DEF_ACC,All~a`h,All~a`ha,Allah;God,,,,,,,pos:noun_prop gen:m num:s rat:r stt:d cas:a prc0:Al_det,,,,
185,186,>.l.h,NTWS,NTWS,LEXICON,[STEM-CONJ-PREP],All~a`h/NOUN_PROP+i/CASE_DEF_GEN,All~a`h,All~a`hi,Allah;God,!li/PREP,,,,,,pos:noun_prop gen:m num:s rat:r stt:d cas:g prc0:Al_det,,,,
186,187,>.l.h,NTWS,NTWS,LEXICON,[STEM-CONJ],li/PREP+All~a`h/NOUN_PROP+i/CASE_DEF_GEN,All~a`h,lil~a`hi,to/for_Allah/God,,,li_+l~a`hi,li_+All~a`hi,li_+l~a`hi,li_+All~a`hi,pos:noun_prop gen:m num:s rat:r stt:d cas:g prc0:Al_det prc1:li_prep,,,,
187,188,>.l.h,NTWS,NTWS,LEXICON,[STEM-CONJ],ta/PREP+All~a`h/NOUN_PROP+i/CASE_DEF_GEN,All~a`h,taAll~a`hi,by_Allah/God,,,ta_+All~a`hi,ta_+All~a`hi,ta_+All~a`hi,ta_+All~a`hi,pos:noun_prop gen:m num:s rat:r stt:d cas:g prc0:Al_det prc1:ta_prep,,,,
188,189,>.l.h,NTWS,NTWS,LEXICON,[STEM-CONJ-PREP],INTERJ,All~a`hum~a,All~a`hum~a,truly;certainly;oh_God!;dear_God,,,,,,,pos:interj,,,,[STEM]
189,190,NTWS,NTWS,NTWS,LEXICON,[STEM],NOUN,All~utay~aA,All~utay~,who's_and_whom's,,,,,,,pos:noun gen:m num:s rat:r stt:i cas:u,,,,[STEM]
190,191,NTWS,NTWS,NTWS,LEXICON,[STEM-CONJ-PREP],ABBREV,b,b,B.;2nd;P.,,,,,,,pos:abbrev,,,,[STEM-BASE]
191,192,NTWS,NTWS,NTWS,LEXICON,[STEM-CONJ-PREP],INTERJ,badaAri,AlobadaAri,hurry!,,,,,,,pos:interj,,,,[STEM-BASE]
192,193,NTWS,NTWS,NTWS,LEXICON,[STEM-CONJ-PREP],INTERJ,badaAri,badaAri,hurry!,,,,,,,pos:interj,,,,[STEM-BASE]
193,194,b.E.d,NTWS,NTWS,LEXICON,[STEM-CONJ],baEod/NOUN+a/CASE_DEF_ACC+maA/REL_PRON,baEod,baEodamaA,after_what/which,,,baEoda_+maA,baEoda_+maA,baEoda_+maA,baEoda_+maA,pos:noun gen:m num:s enc0:mA_rel stt:c cas:a,,,,[STEM-COMPOUND]
194,195,b.E.d,NTWS,NTWS,LEXICON,[STEM-CONJ],baEod/NOUN+a/CASE_DEF_ACC+maA/SUB_CONJ,baEod,baEodamaA,after_what/which,,,baEoda_+maA,baEoda_+maA,baEoda_+maA,baEoda_+maA,pos:noun gen:m num:s enc0:mA_sub stt:c cas:a,,,,[STEM-COMPOUND]
195,196,NTWS,NTWS,NTWS,LEXICON,[STEM-CONJ],ADV,baEoda}i*K,baEoda}i*K,after_that_time,,,,,,,pos:adv stt:i cas:u,,,,[STEM-BASE]
196,197,NTWS,NTWS,NTWS,LEXICON,[STEM-CONJ-PREP],INTERJ,balaY,balaY,indeed;certainly,,,,,,,pos:interj,,,,[STEM-BASE]
197,198,NTWS,NTWS,NTWS,LEXICON,[STEM-CONJ],CONJ,balo,balo,Rather;even;but;yet;however,,,,,,,pos:conj,,,,[STEM-BASE]
198,199,b.l.h,NTWS,NTWS,LEXICON,[STEM],NOUN,baloha,baloha,not_to_mention,,,,,,,pos:noun gen:m num:s stt:i cas:u,CHECK,,,[STEM]
199,200,NTWS,NTWS,NTWS,LEXICON,[STEM-CONJ-PREP],INTERJ,bax,bax,bravo!,,,,,,,pos:interj,,,,[STEM-BASE]
200,201,NTWS,NTWS,NTWS,LEXICON,[STEM-CONJ],SUB_CONJ,bayonamaA,bayonamaA,whereas;while,,,,,,,pos:conj_sub,,,,[STEM-BASE]
201,202,NTWS,NTWS,NTWS,LEXICON,[STEM-CONJ-PRON],PREP,bi,bi,with;by,,C:i#,,,,,pos:prep,,,,[STEM-BASE]
202,203,NTWS,NTWS,NTWS,LEXICON,[STEM],ADJ,bi}osa,bi}osa,bad;evil;poor;unfortunate,,,,,,,pos:adj gen:m num:s stt:i cas:u,CHECK,,,[STEM]
203,204,NTWS,NTWS,NTWS,LEXICON,[STEM-CONJ],ADJ,bi}osamaA,bi}osamaA,how_bad;how_evil;how_poor;how_unfortunate,,,,,,,pos:adj gen:m num:s stt:i cas:u,CHECK,,,[STEM-COMPOUND]
204,205,b.n.y,NTWS,NTWS,LEXICON,[STEM-CONJ],NOUN,bino,bino,son,,,,,,,pos:noun gen:m num:s rat:r stt:c cas:u,,,,[STEM-NOM]
205,206,NTWS,NTWS,NTWS,LEXICON,[STEM-CONJ-PREP],ABBREV,biy,biy,B.,,,,,,,pos:abbrev,,,,[STEM-BASE]
206,207,NTWS,NTWS,NTWS,LEXICON,[STEM-CONJ-PREP],ABBREV,biy,biy,P.,,,,,,,pos:abbrev,,,,[STEM-BASE]
207,208,NTWS,NTWS,NTWS,LEXICON,[STEM-CONJ-PREP],INTERJ,bliyz,bliyz,please!,,,,,,,pos:interj,,,,[STEM-BASE]
208,209,NTWS,NTWS,NTWS,LEXICON,[STEM-CONJ-PREP],INTERJ,braAfuw,braAfuw,bravo,,,,,,,pos:interj,,,,[STEM-BASE]
209,210,NTWS,NTWS,NTWS,LEXICON,[STEM-CONJ-PREP],ABBREV,d,d,D.;4th;Dr.;(minute);(dinar);(dirham),,,,,,,pos:abbrev,,,,[STEM-BASE]
210,211,NTWS,NTWS,NTWS,LEXICON,[STEM-CONJ-PREP],ABBREV,D,D,D.;26th,,,,,,,pos:abbrev,,,,[STEM-BASE]
211,212,NTWS,NTWS,NTWS,LEXICON,[STEM-CONJ-PREP],ABBREV,diy,diy,D.,,,,,,,pos:abbrev,,,,[STEM-BASE]
212,213,d.w.n,NTWS,NTWS,LEXICON,[STEM-CONJ],duwn/NOUN+a/CASE_DEF_ACC+maA/REL_PRON,duwn,duwnamaA,without;beneath;underneath;inferior;poor+what/which,,,duwna_+maA,duwna_+maA,duwna_+maA,duwna_+maA,pos:noun gen:m num:s enc0:mA_rel stt:c cas:a,,,,[STEM-COMPOUND]
213,214,d.w.n,NTWS,NTWS,LEXICON,[STEM-CONJ],duwn/NOUN+a/CASE_DEF_ACC+maA/SUB_CONJ,duwn,duwnamaA,without;beneath;underneath;inferior;poor+what/which,,,duwna_+maA,duwna_+maA,duwna_+maA,duwna_+maA,pos:noun gen:m num:s enc0:mA_sub stt:c cas:a,,,,[STEM-COMPOUND]
214,215,NTWS,NTWS,NTWS,LEXICON,[STEM-CONJ-PREP],ABBREV,E,E,('ayn);16th;(Arab),,,,,,,pos:abbrev,,,,[STEM-BASE]
215,216,NTWS,NTWS,NTWS,LEXICON,[STEM-CONJ],ADV,EaAma}i*K,EaAma}i*K,that_year,,,,,,,pos:adv stt:i cas:u,,,,[STEM-BASE]
216,217,NTWS,NTWS,NTWS,LEXICON,[STEM-CONJ],ADV,EaAma*aAko,EaAma*aAko,that_year,,,,,,,pos:adv stt:i cas:u,,,,[STEM-BASE]
217,218,NTWS,NTWS,NTWS,LEXICON,[STEM-CONJ-PRON],PREP,EadaA,EadaA,except_for,,C:A#,,,,,pos:prep,,,,[STEM-BASE]
218,219,NTWS,NTWS,NTWS,LEXICON,[STEM-CONJ-PREP],INTERJ,EafaArim,EafaArim,well_done!;bravo!,,,,,,,pos:interj,,,,[STEM]
219,220,NTWS,NTWS,NTWS,LEXICON,[STEM-CONJ-PRON],PSEUDO_VERB,Eal~a,Eal~a,perhaps;maybe,!PRON-iy,,,,,,pos:verb_pseudo,,,,[STEM-BASE]
220,221,NTWS,NTWS,NTWS,LEXICON,[STEM-CONJ],PREP,EalaY,EalaY,on;above,,,,,,,pos:prep,,,,[STEM-BASE]
221,222,NTWS,NTWS,NTWS,LEXICON,[STEM-CONJ-PRON],PREP,EalaY,Ealayo,on;above,enc0,C:ay#,,,,,pos:prep,,,,[STEM-BASE]
222,223,NTWS,NTWS,NTWS,LEXICON,[STEM-CONJ],EalaY/PREP+maA/INTERROG_PRON,EalaY,EalaAma,on;about+what;which,,,EalaA_+maA,EalaY_+maA,EalaA_+maA,EalaY_+maA,pos:prep enc0:ma_interrog,,,,[STEM-COMPOUND]
223,224,NTWS,NTWS,NTWS,LEXICON,[STEM-CONJ],EalaY/PREP+maA/REL_PRON,EalaY,EalaAma,on;about+what;which,,,EalaA_+maA,EalaY_+maA,EalaA_+maA,EalaY_+maA,pos:prep enc0:ma_rel,,,,[STEM-COMPOUND]
224,225,NTWS,NTWS,NTWS,LEXICON,[STEM-CONJ],ADV,Eam~a}i*K,Eam~a}i*K,then,,,,,,,pos:adv stt:i cas:u,,,,[STEM-BASE]
225,226,NTWS,NTWS,NTWS,LEXICON,[STEM-CONJ-PRON],PREP,Eano,Eano,away_from;off;about;on;over,!PRON-iy,C:n#,,,,,pos:prep,,,,[STEM-BASE]
226,227,NTWS,NTWS,NTWS,LEXICON,[STEM-CONJ],Eano/PREP+maA/INTERROG_PRON,Eano,Eam~a,away_from;off;about;on;over+what/which,,,Eam_+~aA,Eano_+maA,Eam_+~aA,Eano_+maA,pos:prep enc0:mA_interrog,,,,[STEM-COMPOUND]
227,228,NTWS,NTWS,NTWS,LEXICON,[STEM-CONJ],Eano/PREP+maA/INTERROG_PRON,Eano,Eam~aA,about+what/which,,,Eam_+~aA,Eano_+maA,Eam_+~aA,Eano_+maA,pos:prep enc0:mA_interrog,,,,[STEM-COMPOUND]
228,229,NTWS,NTWS,NTWS,LEXICON,[STEM-CONJ],Eano/PREP+maA/REL_PRON,Eano,Eam~a,away_from;off;about;on;over+what/which,,,Eam_+~aA,Eano_+maA,Eam_+~aA,Eano_+maA,pos:prep enc0:mA_rel,,,,[STEM-COMPOUND]
229,230,NTWS,NTWS,NTWS,LEXICON,[STEM-CONJ],Eano/PREP+maA/REL_PRON,Eano,Eam~aA,about+what/which,,,Eam_+~aA,Eano_+maA,Eam_+~aA,Eano_+maA,pos:prep enc0:mA_rel,,,,[STEM-COMPOUND]
230,231,NTWS,NTWS,NTWS,LEXICON,[STEM-CONJ],Eano/PREP+mA/SUB_CONJ,Eano,Eam~a,about+that/if/unless/whether/as_long_as/as_soon_as,,,Eam_+~aA,Eano_+maA,Eam_+~aA,Eano_+maA,pos:prep enc0:mA_sub,,,,[STEM-COMPOUND]
231,232,NTWS,NTWS,NTWS,LEXICON,[STEM-CONJ],Eano/PREP+mA/SUB_CONJ,Eano,Eam~aA,about+that/if/unless/whether/as_long_as/as_soon_as,,,Eam_+~aA,Eano_+maA,Eam_+~aA,Eano_+maA,pos:prep enc0:mA_sub,,,,[STEM-COMPOUND]
232,233,NTWS,NTWS,NTWS,LEXICON,[STEM-CONJ],Eano/PREP+mano/REL_PRON,Eano,Eam~ano,away_from;off;about;on;over+who/whom,,,Eam_+~ano,Eano_+mano,Eam_+~ano,Eano_+mano,pos:prep enc0:man_rel,,,,[STEM-COMPOUND]
233,234,NTWS,NTWS,NTWS,LEXICON,[STEM-CONJ-PRON],PSEUDO_VERB,EasaY,EasaA,may_be;perhaps,,,,,,,pos:verb_pseudo,,,,[STEM-BASE]
234,235,NTWS,NTWS,NTWS,LEXICON,[STEM-CONJ],PSEUDO_VERB,EasaY,EasaY,may_be;perhaps,,,,,,,pos:verb_pseudo,,,,[STEM-BASE]
235,236,E.n.d,NTWS,NTWS,LEXICON,[STEM-CONJ],Einod/NOUN+a/CASE_DEF_ACC+maA/SUB_CONJ,Einod,EinodamaA,when,,,Einoda_+maA,Einoda_+maA,Einoda_+maA,Einoda_+maA,pos:noun gen:m num:s enc0:mA_sub stt:c cas:a,,,,[STEM-COMPOUND]
236,237,NTWS,NTWS,NTWS,LEXICON,[STEM-CONJ],ADV,Einoda}i*K,Einoda}i*K,Then;at_that_time;at_that_moment,,,,,,,pos:adv stt:i cas:u,,,,[STEM-BASE]
237,238,NTWS,NTWS,NTWS,LEXICON,[STEM-CONJ],ADV,Einoda*aAko,Einoda*aAko,(by)_then;at_that_time;thereupon;whereupon,,,,,,,pos:adv stt:i cas:u,,,,[STEM-BASE]
238,239,NTWS,NTWS,NTWS,LEXICON,[STEM-CONJ-PREP],ABBREV,fa,f,F.;17th;(fils),,,,,,,pos:abbrev,,,,[STEM-BASE]
239,240,NTWS,NTWS,NTWS,LEXICON,[STEM-STANDALONE],CONJ,fa,fa,and;so,,,,,,,pos:conj,,,,[STEM-BASE]
240,241,NTWS,NTWS,NTWS,LEXICON,[STEM-STANDALONE],CONNEC_PART,fa,fa,and;so,,,,,,,pos:part_connect,,,,[STEM-BASE]
241,242,NTWS,NTWS,NTWS,LEXICON,[STEM-CONJ],ADV,faHasbu,faHasbu,only;that_is_all,,,,,,,pos:adv stt:i cas:u,,,,[STEM-BASE]
242,243,NTWS,NTWS,NTWS,LEXICON,[STEM-CONJ],ADV,faqaT,faqaT,only,,,,,,,pos:adv stt:i cas:u,,,,[STEM-BASE]
243,244,NTWS,NTWS,NTWS,LEXICON,[STEM-CONJ-PREP],ABBREV,fiy,fiy,V.,,,,,,,pos:abbrev,,,,[STEM-BASE]
244,245,NTWS,NTWS,NTWS,LEXICON,[STEM-CONJ-PRON],PREP,fiy,fiy,in,,C:iy#,,,,,pos:prep,,,,[STEM-BASE]
245,246,NTWS,NTWS,NTWS,LEXICON,[STEM-CONJ],fiy/PREP+maA/INTERROG_PRON,fiy,fiyma,in+what/which,,,fiy_+maA,fiy_+maA,fiy_+maA,fiy_+maA,pos:prep enc0:ma_interrog,,,,[STEM-COMPOUND]
246,247,NTWS,NTWS,NTWS,LEXICON,[STEM-CONJ],fiy/PREP+maA/REL_PRON,fiy,fiymaA,in+what/which,,,fiy_+maA,fiy_+maA,fiy_+maA,fiy_+maA,pos:prep enc0:mA_rel,,,,
247,248,NTWS,NTWS,NTWS,LEXICON,[STEM-CONJ],SUB_CONJ,fiymaA,fiymaA,while;as;during,,,,,,,pos:conj_sub,,,,[STEM-BASE]
248,249,f.w.h,NTWS,NTWS,LEXICON,[STEM-NOM],NOUN,fuw,>afowaAh,mouth,MS,,,,,,pos:noun gen:- num:p rat:i,,,,
249,250,f.w.h,NTWS,NTWS,LEXICON,[STEM-CONST],NOUN,fuw,faw,mouth,MD||MP,Five-nouns,,,,,pos:noun gen:- num:- rat:i stt:c,,,,
250,251,f.w.h,NTWS,NTWS,LEXICON,[STEM-CONST],NOUN,fuw,f,mouth,MS,,,,,,pos:noun gen:- num:- rat:i stt:c,,,,
251,252,NTWS,NTWS,NTWS,LEXICON,[STEM-CONJ-PREP],ABBREV,g,g,GH.;28th;(Greenwich);(piaster);(gram),,,,,,,pos:abbrev,,,,[STEM-BASE]
252,253,NTWS,NTWS,NTWS,LEXICON,[STEM-CONJ-PREP],ABBREV,H,H,H.;8th,,,,,,,pos:abbrev,,,,[STEM-BASE]
253,254,NTWS,NTWS,NTWS,LEXICON,[STEM-CONJ-PREP],ABBREV,h,h,H.;(Hijrah);5th,,,,,,,pos:abbrev,,,,[STEM-BASE]
254,255,NTWS,NTWS,NTWS,LEXICON,[STEM-CONJ-PREP],DEM_PRON_FD,ha`*aA,haAtayoni,this;these,,,,,,,pos:pron_dem rat:n gen:f num:d cas:a stt:i,,,,[STEM-BASE]
255,256,NTWS,NTWS,NTWS,LEXICON,[STEM-CONJ-PREP],DEM_PRON_FD,ha`*aA,haAtayoni,this;these,,,,,,,pos:pron_dem rat:n gen:f num:d cas:g stt:i,,,,[STEM-BASE]
256,257,NTWS,NTWS,NTWS,LEXICON,[STEM-CONJ-PREP],DEM_PRON_FD,ha`*aA,haAtaAni,this;these,,,,,,,pos:pron_dem rat:n gen:f num:d cas:n stt:i,,,,[STEM-BASE]
257,258,NTWS,NTWS,NTWS,LEXICON,[STEM-CONJ-PREP],DEM_PRON_P,ha`*aA,ha`&ulaA'i,this;these,,,,,,,pos:pron_dem rat:n gen:f num:p cas:a stt:i,,,,[STEM-BASE]
258,259,NTWS,NTWS,NTWS,LEXICON,[STEM-CONJ-PREP],DEM_PRON_P,ha`*aA,ha`&ulaA'i,this;these,,,,,,,pos:pron_dem rat:n gen:f num:p cas:g stt:i,,,,[STEM-BASE]
259,260,NTWS,NTWS,NTWS,LEXICON,[STEM-CONJ-PREP],DEM_PRON_P,ha`*aA,ha`&ulaA'i,this;these,,,,,,,pos:pron_dem rat:n gen:f num:p cas:n stt:i,,,,[STEM-BASE]
260,261,NTWS,NTWS,NTWS,LEXICON,[STEM-CONJ-PREP],DEM_PRON_F,ha`*aA,ha`*ihi,this;these,,,,,,,pos:pron_dem rat:n gen:f num:s cas:a stt:i,,,,[STEM-BASE]
261,262,NTWS,NTWS,NTWS,LEXICON,[STEM-CONJ-PREP],DEM_PRON_F,ha`*aA,ha`*iy,this;these,,,,,,,pos:pron_dem rat:n gen:f num:s cas:a stt:i,,,,[STEM-BASE]
262,263,NTWS,NTWS,NTWS,LEXICON,[STEM-CONJ-PREP],DEM_PRON_F,ha`*aA,haAti,this;these,,,,,,,pos:pron_dem rat:n gen:f num:s cas:a stt:i,,,,[STEM-BASE]
263,264,NTWS,NTWS,NTWS,LEXICON,[STEM-CONJ-PREP],DEM_PRON_F,ha`*aA,haAtihi,this;these,,,,,,,pos:pron_dem rat:n gen:f num:s cas:a stt:i,,,,[STEM-BASE]
264,265,NTWS,NTWS,NTWS,LEXICON,[STEM-CONJ-PREP],DEM_PRON_F,ha`*aA,ha`*ihi,this;these,,,,,,,pos:pron_dem rat:n gen:f num:s cas:g stt:i,,,,[STEM-BASE]
265,266,NTWS,NTWS,NTWS,LEXICON,[STEM-CONJ-PREP],DEM_PRON_F,ha`*aA,ha`*iy,this;these,,,,,,,pos:pron_dem rat:n gen:f num:s cas:g stt:i,,,,[STEM-BASE]
266,267,NTWS,NTWS,NTWS,LEXICON,[STEM-CONJ-PREP],DEM_PRON_F,ha`*aA,haAti,this;these,,,,,,,pos:pron_dem rat:n gen:f num:s cas:g stt:i,,,,[STEM-BASE]
267,268,NTWS,NTWS,NTWS,LEXICON,[STEM-CONJ-PREP],DEM_PRON_F,ha`*aA,haAtihi,this;these,,,,,,,pos:pron_dem rat:n gen:f num:s cas:g stt:i,,,,[STEM-BASE]
268,269,NTWS,NTWS,NTWS,LEXICON,[STEM-CONJ-PREP],DEM_PRON_F,ha`*aA,ha`*ihi,this;these,,,,,,,pos:pron_dem rat:n gen:f num:s cas:n stt:i,,,,[STEM-BASE]
269,270,NTWS,NTWS,NTWS,LEXICON,[STEM-CONJ-PREP],DEM_PRON_F,ha`*aA,ha`*iy,this;these,,,,,,,pos:pron_dem rat:n gen:f num:s cas:n stt:i,,,,[STEM-BASE]
270,271,NTWS,NTWS,NTWS,LEXICON,[STEM-CONJ-PREP],DEM_PRON_F,ha`*aA,haAti,this;these,,,,,,,pos:pron_dem rat:n gen:f num:s cas:n stt:i,,,,[STEM-BASE]
271,272,NTWS,NTWS,NTWS,LEXICON,[STEM-CONJ-PREP],DEM_PRON_F,ha`*aA,haAtihi,this;these,,,,,,,pos:pron_dem rat:n gen:f num:s cas:n stt:i,,,,[STEM-BASE]
272,273,NTWS,NTWS,NTWS,LEXICON,[STEM-CONJ-PREP],DEM_PRON_MD,ha`*aA,ha`*ayoni,this;these,,,,,,,pos:pron_dem rat:n gen:m num:d cas:a stt:i,,,,[STEM-BASE]
273,274,NTWS,NTWS,NTWS,LEXICON,[STEM-CONJ-PREP],DEM_PRON_MD,ha`*aA,ha`*ayoni,this;these,,,,,,,pos:pron_dem rat:n gen:m num:d cas:g stt:i,,,,[STEM-BASE]
274,275,NTWS,NTWS,NTWS,LEXICON,[STEM-CONJ-PREP],DEM_PRON_MD,ha`*aA,ha`*aAni,this;these,,,,,,,pos:pron_dem rat:n gen:m num:d cas:n stt:i,,,,[STEM-BASE]
275,276,NTWS,NTWS,NTWS,LEXICON,[STEM-CONJ-PREP],DEM_PRON_P,ha`*aA,ha`&ulaA'i,this;these,,,,,,,pos:pron_dem rat:n gen:m num:p cas:a stt:i,,,,[STEM-BASE]
276,277,NTWS,NTWS,NTWS,LEXICON,[STEM-CONJ-PREP],DEM_PRON_P,ha`*aA,ha`&ulaA'i,this;these,,,,,,,pos:pron_dem rat:n gen:m num:p cas:g stt:i,,,,[STEM-BASE]
277,278,NTWS,NTWS,NTWS,LEXICON,[STEM-CONJ-PREP],DEM_PRON_P,ha`*aA,ha`&ulaA'i,this;these,,,,,,,pos:pron_dem rat:n gen:m num:p cas:n stt:i,,,,[STEM-BASE]
278,279,NTWS,NTWS,NTWS,LEXICON,[STEM-CONJ-PREP],DEM_PRON_MS,ha`*aA,ha`*aA,this;these,,,,,,,pos:pron_dem rat:n gen:m num:s cas:a stt:i,,,,[STEM-BASE]
279,280,NTWS,NTWS,NTWS,LEXICON,[STEM-CONJ-PREP],DEM_PRON_MS,ha`*aA,ha`*aA,this;these,,,,,,,pos:pron_dem rat:n gen:m num:s cas:g stt:i,,,,[STEM-BASE]
280,281,NTWS,NTWS,NTWS,LEXICON,[STEM-CONJ-PREP],DEM_PRON_MS,ha`*aA,ha`*aA,this;these,,,,,,,pos:pron_dem rat:n gen:m num:s cas:n stt:i,,,,[STEM-BASE]
281,282,NTWS,NTWS,NTWS,LEXICON,[STEM-CONJ-PREP],ADV,ha`ka*aA,ha`ka*aA,this_way;this;thus,,,,,,,pos:adv stt:i cas:u,,,,[STEM-BASE]
282,283,NTWS,NTWS,NTWS,LEXICON,[STEM-CONJ],DEM_PRON,haA,haA,this,,,,,,,pos:pron_dem rat:n gen:m num:s cas:u stt:i,,,,[STEM-BASE]
283,284,NTWS,NTWS,NTWS,LEXICON,[STEM-CONJ-PRON],PREP,HaA$aA,HaA$aA,except,,C:A#,,,,,pos:prep,,,,[STEM-BASE]
284,285,NTWS,NTWS,NTWS,LEXICON,[STEM-CONJ],SUB_CONJ,HaAlamaA,HaAlamaA,as_soon_as,,,,,,,pos:conj_sub,,,,[STEM-BASE]
285,286,NTWS,NTWS,NTWS,LEXICON,[STEM-CONJ],ADV,hahunaA,hahunaA,here,,,,,,,pos:adv stt:i cas:u,,,,[STEM-BASE]
286,287,NTWS,NTWS,NTWS,LEXICON,[STEM-CONJ],hal/INTERROG_PART+laA/NEG_PART,halo,hal~aA,is_not?,,,hal_+~aA,hal_+laA,hal_+~aA,hal_+laA,pos:part_interrog enc0:lA_neg,,,,[STEM-COMPOUND]
287,288,NTWS,NTWS,NTWS,LEXICON,[STEM-CONJ],INTERROG_PART,halo,halo,do?;is?,,,,,,,pos:part_interrog,,,,[STEM-BASE]
288,289,NTWS,NTWS,NTWS,LEXICON,[STEM-CONJ-PRON],VERB,HanaAnay,HanaAnayo,mercy!,enc0:2*,,,,,,pos:verb_nom,CHECK,Should probably be changed to verb_nom,,[STEM-COMPOUND]
289,290,H.s.b,NTWS,NTWS,LEXICON,[STEM-CONJ],Hasab/NOUN+a/CASE_DEF_ACC+maA/REL_PRON,Hasab,HasabamaA,according_to,,,Hasaba_+maA,Hasaba_+maA,Hasaba_+maA,Hasaba_+maA,pos:noun gen:m num:s enc0:mA_rel stt:c cas:a,,,,[STEM-COMPOUND]
290,291,H.s.b,NTWS,NTWS,LEXICON,[STEM-CONJ],Hasob/NOUN+a/CASE_DEF_ACC+maA/REL_PRON,Hasob,HasobamaA,according_to,,,Hasoba_+maA,Hasoba_+maA,Hasoba_+maA,Hasoba_+maA,pos:noun gen:m num:s enc0:mA_rel stt:c cas:a,,,,[STEM-COMPOUND]
291,292,NTWS,NTWS,NTWS,LEXICON,[STEM-CONJ],SUB_CONJ,Hat~amaA,Hat~amaA,until_when,,,,,,,pos:conj_sub,,,,[STEM-BASE]
292,293,NTWS,NTWS,NTWS,LEXICON,[STEM-CONJ],CONJ,Hat~aY,Hat~aY,and;and_even,,,,,,,pos:conj,,,,[STEM-BASE]
293,294,NTWS,NTWS,NTWS,LEXICON,[STEM-CONJ],PART,Hat~aY,Hat~aY,even;including,,,,,,,pos:part,,,,[STEM-BASE]
294,295,NTWS,NTWS,NTWS,LEXICON,[STEM-CONJ],PREP,Hat~aY,Hat~aY,until;up_to,,,,,,,pos:prep,,,,[STEM-BASE]
295,296,NTWS,NTWS,NTWS,LEXICON,[STEM-CONJ],SUB_CONJ,Hat~aY,Hat~aY,so_that,,,,,,,pos:conj_sub,,,,[STEM-BASE]
296,297,NTWS,NTWS,NTWS,LEXICON,[STEM-CONJ-PREP],REL_ADV,Hayovu,Hayovu,where;whereby;since,,,,,,,pos:adv_rel rat:n gen:u num:u stt:i cas:u,,,,[STEM-BASE]
297,298,NTWS,NTWS,NTWS,LEXICON,[STEM-CONJ],REL_ADV,HayovumaA,HayovumaA,wherever,,,,,,,pos:adv_rel stt:i cas:u,,,,[STEM-BASE]
298,299,NTWS,NTWS,NTWS,LEXICON,[STEM-CONJ],haA/DEM_PRON+hiya/PRON_3FS,hiya,haAhiya,here_she/they_is/are,,,haA+_hiya,haA+_hiya,haA+_hiya,haA+_hiya,pos:pron prc1:hA_dem gen:f num:s stt:d cas:n rat:u,,,,[STEM-COMPOUND]
299,300,NTWS,NTWS,NTWS,LEXICON,[STEM-CONJ],PRON_3FS,hiya,hiya,it/they/she,,,,,,,pos:pron gen:f num:s stt:d cas:n rat:u,,,,[STEM-BASE]
300,301,H.y.n,NTWS,NTWS,LEXICON,[STEM-CONJ],Hiyna/NOUN+a/CASE_DEF_ACC+maA/SUB_CONJ,Hiyn,HiynamaA,when;while_that,,,Hiyna_+maA,Hiyna_+maA,Hiyna_+maA,Hiyna_+maA,pos:noun gen:m num:s enc0:mA_sub stt:c cas:a,,,,[STEM-COMPOUND]
301,302,NTWS,NTWS,NTWS,LEXICON,[STEM-CONJ],ADV,Hiyna}i*K,Hiyna}i*K,Then;at_that_time;at_that_moment;by_then,,,,,,,pos:adv stt:i cas:u,,,,[STEM-BASE]
302,303,NTWS,NTWS,NTWS,LEXICON,[STEM-CONJ],ADV,Hiyna*aAka,Hiyna*aAka,at_that_moment;then,,,,,,,pos:adv stt:i cas:u,,,,[STEM-BASE]
303,304,NTWS,NTWS,NTWS,LEXICON,[STEM-CONJ],ADV,Hiyna*aAko,Hiyna*aAko,Then;at_that_time;at_that_moment;by_then,,,,,,,pos:adv stt:i cas:u,,,,[STEM-BASE]
304,305,NTWS,NTWS,NTWS,LEXICON,[STEM-CONJ],haA/DEM_PRON+hum/PRON_3MP,hum,haAhum,here_they_are,,,haA+_hum,haA+_hum,haA+_hum,haA+_hum,pos:pron prc1:hA_dem gen:m num:p stt:d cas:n rat:r,,,,[STEM-COMPOUND]
305,306,NTWS,NTWS,NTWS,LEXICON,[STEM-CONJ],PRON_3MP,hum,hum,they,,,,,,,pos:pron gen:m num:p stt:d cas:n rat:r,,,,[STEM-BASE]
306,307,NTWS,NTWS,NTWS,LEXICON,[STEM-CONJ],haA/DEM_PRON+humaA/PRON_3D,humaA,haAhumaA,here_they_both_are,,,haA+_humaA,haA+_humaA,haA+_humaA,haA+_humaA,pos:pron prc1:hA_dem gen:m num:d stt:d cas:n rat:u,,,,[STEM-COMPOUND]
307,308,NTWS,NTWS,NTWS,LEXICON,[STEM-CONJ],PRON_3D,humaA,humaA,they_both,,,,,,,pos:pron gen:m num:d stt:d cas:n rat:u,,,,[STEM-BASE]
308,309,NTWS,NTWS,NTWS,LEXICON,[STEM-CONJ],haA/DEM_PRON+hun~a/PRON_3FP,hun~a,haAhun~a,here_they_are(fem),,,haA+_hun~a,haA+_hun~a,haA+_hun~a,haA+_hun~a,pos:pron prc1:hA_dem gen:f num:p stt:d cas:n rat:r,,,,[STEM-COMPOUND]
309,310,NTWS,NTWS,NTWS,LEXICON,[STEM-CONJ],PRON_3FP,hun~a,hun~a,they(fem),,,,,,,pos:pron gen:f num:p stt:d cas:n rat:r,,,,[STEM-BASE]
310,311,NTWS,NTWS,NTWS,LEXICON,[STEM-CONJ],ADV,hunaA,hunaA,here,,,,,,,pos:adv stt:i cas:u,,,,[STEM-BASE]
311,312,NTWS,NTWS,NTWS,LEXICON,[STEM-CONJ],ADV,hunaAka,hunaAka,there,,,,,,,pos:adv stt:i cas:u,,,,[STEM-BASE]
312,313,NTWS,NTWS,NTWS,LEXICON,[STEM-CONJ],ADV,hunaAlika,hunaAlika,there,,,,,,,pos:adv stt:i cas:u,,,,[STEM-BASE]
313,314,NTWS,NTWS,NTWS,LEXICON,[STEM-CONJ],haA/DEM_PRON+huwa/PRON_3MS,huwa,haAhuwa,here_he_is,,,haA+_huwa,haA+_huwa,haA+_huwa,haA+_huwa,pos:pron prc1:hA_dem gen:m num:s stt:d cas:n rat:u,,,,[STEM-COMPOUND]
314,315,NTWS,NTWS,NTWS,LEXICON,[STEM-CONJ],PRON_3MS,huwa,huwa,it/he,,,,,,,pos:pron gen:m num:s stt:d cas:n rat:u,,,,[STEM-BASE]
315,316,NTWS,NTWS,NTWS,LEXICON,[STEM-CONJ-PREP],INTERJ,huwa*aA,huwa*aA,behold;see;look,,,,,,,pos:interj,,,,[STEM-BASE]
316,317,NTWS,NTWS,NTWS,LEXICON,[STEM-CONJ-PREP],ABBREV,j,j,J.;3rd;(pounds/lira);(answer);(republic);(gram),,,,,,,pos:abbrev,,,,[STEM-BASE]
317,318,NTWS,NTWS,NTWS,LEXICON,[STEM-CONJ-PREP],ABBREV,jiy,jiy,G.,,,,,,,pos:abbrev,,,,[STEM-BASE]
318,319,NTWS,NTWS,NTWS,LEXICON,[STEM-CONJ-PREP],ABBREV,jiy,jiy,J.,,,,,,,pos:abbrev,,,,[STEM-BASE]
319,320,NTWS,NTWS,NTWS,LEXICON,[STEM-CONJ-PREP],ABBREV,ka,k,K.;11th;(kilo-),,,,,,,pos:abbrev,,,,[STEM-BASE]
320,321,NTWS,NTWS,NTWS,LEXICON,[STEM-CONJ],PREP,ka,ka,as;like,,,,,,,pos:prep,,,,[STEM-BASE]
321,322,NTWS,NTWS,NTWS,LEXICON,[STEM],NOUN,ka*aA,ka*aA,such;thus;so,,,,,,,pos:noun gen:m num:s stt:i cas:u,,,,[STEM-BASE]
322,323,NTWS,NTWS,NTWS,LEXICON,[STEM-CONJ],ka>an~/PSEUDO_VERB+niy/PRON_1S,ka>an~a,ka>an~iy,as_if;as_though;like,,,ka>an~_+iy,ka>an~a_+niy,ka>an~_+iy,ka>an~a_+niy,pos:verb_pseudo enc0:1s_pron,,,,[STEM-BASE]
323,324,NTWS,NTWS,NTWS,LEXICON,[STEM-CONJ],ka>an~/PSEUDO_VERB+naA/PRON_1P,ka>an~a,ka>an~aA,as_if;as_though;like,,,ka>an~_+aA,ka>an~a_+naA,ka>an~_+aA,ka>an~a_+naA,pos:verb_pseudo enc0:1p_pron,,,,[STEM-BASE]
324,325,NTWS,NTWS,NTWS,LEXICON,[STEM],PSEUDO_VERB,ka>an~a,ka>an~a,as_if;as_though;like,!PRON-iy,,,,,,pos:verb_pseudo,,,,[STEM-BASE]
325,326,NTWS,NTWS,NTWS,LEXICON,[STEM-CONJ],PART,ka>an~amaA,ka>an~amaA,as_if;as_though;like,,,,,,,pos:part,,,,[STEM-BASE]
326,327,NTWS,NTWS,NTWS,LEXICON,[STEM-CONJ-PREP],INTERJ,kal~aA,kal~aA,not_at_all;definitely_not,,,,,,,pos:interj,,,,[STEM-BASE]
327,328,NTWS,NTWS,NTWS,LEXICON,[STEM-CONJ],CONJ,kamaA,kamaA,and;as;also,,,,,,,pos:conj,,,,[STEM-BASE]
328,329,NTWS,NTWS,NTWS,LEXICON,[STEM-CONJ-PREP],INTERROG_PRON,kamo,kamo,how_many/much,,,,,,,pos:part_interrog,,,,[STEM-BASE]
329,330,NTWS,NTWS,NTWS,LEXICON,[STEM-CONJ-PREP],REL_ADV,kamo,kamo,how,,,,,,,pos:adv_rel stt:i cas:u,,,,[STEM-BASE]
330,331,NTWS,NTWS,NTWS,LEXICON,[STEM-CONJ-PREP],REL_PRON,kamo,kamo,how_many/much,,,,,,,pos:pron_rel rat:n gen:m num:s stt:i cas:u,,,,[STEM-BASE]
331,332,NTWS,NTWS,NTWS,LEXICON,[STEM-CONJ],SUB_CONJ,kayo,kayo,in_order_(to);so_(that);for,,,,,,,pos:conj_sub,,,,[STEM-BASE]
332,333,NTWS,NTWS,NTWS,LEXICON,[STEM-CONJ],kayo/SUB_CONJ+laA/NEG_PART,kayo,kayolaA,in_order_not_to,,,kayo_+laA,kayo_+laA,kayo_+laA,kayo_+laA,pos:conj_sub enc0:lA_neg,,,,[STEM-COMPOUND]
333,334,NTWS,NTWS,NTWS,LEXICON,[STEM-CONJ],li/PREP+kayo/SUB_CONJ,kayo,likayo,in_order_to,,,li+_kayo,li+_kayo,li+_kayo,li+_kayo,pos:conj_sub prc1:li_prep,,,,[STEM-COMPOUND]
334,335,NTWS,NTWS,NTWS,LEXICON,[STEM-CONJ],li/PREP+kayo/SUB_CONJ+laA/NEG_PART,kayo,likayolaA,in_order_not_to,,,li+_kayo_+laA,li+_kayo_+laA,li+_kayo_+laA,li+_kayo_+laA,pos:conj_sub prc1:li_prep enc0:lA_neg,,,,[STEM-COMPOUND]
335,336,NTWS,NTWS,NTWS,LEXICON,[STEM-CONJ-PREP],INTERROG_ADV,kayofa,kayofa,how,,,,,,,pos:part_interrog,,,,[STEM-BASE]
336,337,NTWS,NTWS,NTWS,LEXICON,[STEM-CONJ-PREP],REL_ADV,kayofa,kayofa,how,,,,,,,pos:adv_rel stt:i cas:u,,,,[STEM-BASE]
337,338,NTWS,NTWS,NTWS,LEXICON,[STEM-CONJ],REL_ADV,kayofamaA,kayofamaA,whichever/however,,,,,,,pos:adv_rel gen:u stt:i cas:u,,,,[STEM-BASE]
338,339,NTWS,NTWS,NTWS,LEXICON,[STEM-CONJ],SUB_CONJ,kayomaA,kayomaA,in_order_to,,,,,,,pos:conj_sub,,,,[STEM-BASE]
339,340,NTWS,NTWS,NTWS,LEXICON,[STEM-CONST],NOUN_QUANT,kilaA,kil,both_of,MD||FD,,,,,,pos:noun_quant gen:- num:- rat:r stt:c,,,,
340,341,NTWS,NTWS,NTWS,LEXICON,[STEM-CONJ-PREP],ABBREV,kiyh,kiyh,K.,,,,,,,pos:abbrev,,,,[STEM-BASE]
341,342,NTWS,NTWS,NTWS,LEXICON,[STEM-CONJ-PREP],ABBREV,kjm,kg,kilogram,,,,,,,pos:abbrev,,,,[STEM-BASE]
342,343,NTWS,NTWS,NTWS,LEXICON,[STEM-CONJ-PREP],ABBREV,kjm,kgm,kilogram,,,,,,,pos:abbrev,,,,[STEM-BASE]
343,344,NTWS,NTWS,NTWS,LEXICON,[STEM-CONJ-PREP],ABBREV,kjm,kj,kilogram,,,,,,,pos:abbrev,,,,[STEM-BASE]
344,345,NTWS,NTWS,NTWS,LEXICON,[STEM-CONJ-PREP],ABBREV,kjm,kjm,kilogram,,,,,,,pos:abbrev,,,,[STEM-BASE]
345,346,NTWS,NTWS,NTWS,LEXICON,[STEM-CONJ-PREP],ABBREV,kjm,klg,kilogram,,,,,,,pos:abbrev,,,,[STEM-BASE]
346,347,NTWS,NTWS,NTWS,LEXICON,[STEM-CONJ-PREP],ABBREV,kjm,klj,kilogram,,,,,,,pos:abbrev,,,,[STEM-BASE]
347,348,NTWS,NTWS,NTWS,LEXICON,[STEM-CONJ-PREP],ABBREV,klm,klm,kilometer(s),,,,,,,pos:abbrev,,,,[STEM-BASE]
348,349,NTWS,NTWS,NTWS,LEXICON,[STEM-CONJ-PREP],ABBREV,km,km,kilometer(s),,,,,,,pos:abbrev,,,,[STEM-BASE]
349,350,NTWS,NTWS,NTWS,LEXICON,[STEM-CONJ],REL_ADV,kul~amaA,kul~amaA,whenever,,,,,,,pos:adv_rel stt:i cas:u,,,,[STEM-BASE]
350,351,NTWS,NTWS,NTWS,LEXICON,[STEM-CONJ],REL_ADV,kul~amaA,kul~amaA,whenever,,,,,,,pos:adv_rel stt:i cas:u,,,,[STEM-COMPOUND]
351,352,NTWS,NTWS,NTWS,LEXICON,[STEM-CONJ],l`kin~/PSEUDO_VERB+niy/PRON_1S,la`kin~a,la`kin~iy,But;however;yet;still;nevertheless;on_the_other_hand,,,la`kin~_+iy,la`kin~a_+niy,la`kin~_+iy,la`kin~a_+niy,pos:verb_pseudo enc0:1s_pron,,,,[STEM-BASE]
352,353,NTWS,NTWS,NTWS,LEXICON,[STEM-CONJ],l`kin~/PSEUDO_VERB+naA/PRON_1P,la`kin~a,la`kin~aA,But;however;yet;still;nevertheless;on_the_other_hand,,,la`kin~_+aA,la`kin~a_+naA,la`kin~_+aA,la`kin~a_+naA,pos:verb_pseudo enc0:1p_pron,,,,[STEM-BASE]
353,354,NTWS,NTWS,NTWS,LEXICON,[STEM-CONJ-PRON],PSEUDO_VERB,la`kin~a,la`kin~a,But;however;yet;still;nevertheless;on_the_other_hand,!PRON-iy,,,,,,pos:verb_pseudo,,,,[STEM-BASE]
354,355,NTWS,NTWS,NTWS,LEXICON,[STEM-CONJ],CONJ,la`kino,la`kino,But;however;yet;still;nevertheless;on_the_other_hand,,,,,,,pos:conj,,,,[STEM-BASE]
355,356,NTWS,NTWS,NTWS,LEXICON,[STEM-CONJ],CONJ,laA,laA,"nor,neither",,,,,,,pos:conj,,,,[STEM-BASE]
356,357,NTWS,NTWS,NTWS,LEXICON,[STEM-CONJ-PREP],INTERJ,laA,laA,no,,,,,,,pos:interj,,,,[STEM-BASE]
357,358,NTWS,NTWS,NTWS,LEXICON,[STEM-CONJ-PREP],NEG_PART,laA,laA,no;not;non-,,,,,,,pos:part_neg,,,,[STEM-BASE]
358,359,NTWS,NTWS,NTWS,LEXICON,[STEM-CONJ],PSEUDO_VERB,laA,laA,no,,,,,,,pos:verb_pseudo,,,,[STEM-BASE]
359,360,NTWS,NTWS,NTWS,LEXICON,[STEM-CONJ],NOUN,lab~ay,lab~ayoka,I_have_answered_you,,,,,,,pos:noun gen:m num:s stt:i cas:u,CHECK,,,[STEM-BASE]
360,361,NTWS,NTWS,NTWS,LEXICON,[STEM-CONJ-PREP],INTERJ,lab~ayok,lab~ayok,"labbeik_(part_of_the_magical_encantation_""shubbeik_labbeik"":_approx._""alakazam"")",,,,,,,pos:interj,,,,[STEM-BASE]
361,362,l.d.y,NTWS,NTWS,LEXICON,[STEM-POSS],NOUN,ladaY,ladaY,by;with,!enc0,,,,,,pos:noun gen:m num:s stt:c cas:u,,,,[STEM-BASE]
362,363,l.d.y,NTWS,NTWS,LEXICON,[STEM-POSS],NOUN,ladaY,ladayo,by;with,enc0,#^ay,,,,,pos:noun gen:m num:s stt:c cas:u,,Why is ladaY noun wherease <ilaY and EalaY are prep?,,[STEM-BASE]
363,364,NTWS,NTWS,NTWS,LEXICON,[STEM-CONJ],laEal~/PSEUDO_VERB+niy/PRON_1S,laEal~a,laEal~iy,perhaps;maybe,,,laEal~_+iy,laEal~a_+niy,laEal~_+iy,laEal~a_+niy,pos:verb_pseudo enc0:1s_pron,,,,[STEM-BASE]
364,365,NTWS,NTWS,NTWS,LEXICON,[STEM-CONJ-PRON],PSEUDO_VERB,laEal~a,laEal~a,perhaps;maybe,!PRON-iy,,,,,,pos:verb_pseudo,,,,[STEM-BASE]
365,366,NTWS,NTWS,NTWS,LEXICON,[STEM-CONJ-PREP],INTERJ,laEamriy,laEamriy,I_swear_by_my_life,,,,,,,pos:interj,,,,[STEM-COMPOUND]
366,367,NTWS,NTWS,NTWS,LEXICON,[STEM-CONJ],ADV,laHoZata}i*K,laHoZata}i*K,at_that_moment,,,,,,,pos:adv stt:i cas:u,,,,[STEM-BASE]
367,368,NTWS,NTWS,NTWS,LEXICON,[STEM-CONJ],NEG_PART,lam~aA,lam~aA,not;not_yet,,,,,,,pos:part_neg,,,,[STEM-BASE]
368,369,NTWS,NTWS,NTWS,LEXICON,[STEM-CONJ],SUB_CONJ,lam~aA,lam~aA,as;when,,,,,,,pos:conj_sub,,,,[STEM-BASE]
369,370,NTWS,NTWS,NTWS,LEXICON,[STEM-CONJ],NEG_PART,lamo,lamo,did_not,,,,,,,pos:part_neg,,,,[STEM-BASE]
370,371,NTWS,NTWS,NTWS,LEXICON,[STEM-CONJ],mA/PART+lamo/NEG_PART,lamo,maAlam,unless,,,maA+_lamo,maA+_lamo,maA+_lamo,maA+_lamo,pos:part_neg prc0:mA_part,,,,[STEM-COMPOUND]
371,372,NTWS,NTWS,NTWS,LEXICON,[STEM-CONJ],NEG_PART,lano,lano,not;never;nevermore,,,,,,,pos:part_neg,,,,[STEM-BASE]
372,373,NTWS,NTWS,NTWS,LEXICON,[STEM-CONJ],SUB_CONJ,lawo,lawo,if,,,,,,,pos:conj_sub,,,,[STEM-BASE]
373,374,NTWS,NTWS,NTWS,LEXICON,[STEM-CONJ-PRON],SUB_CONJ,lawolaA,lawolaA,except_for;had_it_not_been_for;if_not;unless,,,,,,,pos:conj_sub,,,,[STEM-BASE]
374,375,NTWS,NTWS,NTWS,LEXICON,[STEM-CONJ],ADV,layolata}i*K,layolata}i*K,on_that_night,,,,,,,pos:adv stt:i cas:u,,,,[STEM-BASE]
375,376,NTWS,NTWS,NTWS,LEXICON,[STEM-CONJ],NEG_PART,layosa,layosa,not,,,,,,,pos:part_neg,,,,[STEM-BASE]
376,377,NTWS,NTWS,NTWS,LEXICON,[STEM-CONJ-PRON],PSEUDO_VERB,layota,layota,Would_that!;would_God!;I_wish!;if_only!,!PRON-iy,,,,,,pos:verb_pseudo,,,,[STEM-BASE]
377,378,NTWS,NTWS,NTWS,LEXICON,[STEM-CONJ-PREP],ABBREV,li,l,L.;12th;(pounds/lira),,,,,,,pos:abbrev,,,,[STEM-BASE]
378,379,NTWS,NTWS,NTWS,LEXICON,[STEM-CONJ-PRON],PREP,li,la,to;for,enc0 !PRON-iy,,,,,,pos:prep,,,,[STEM-BASE]
379,380,NTWS,NTWS,NTWS,LEXICON,[STEM-CONJ],li/PREP+iy/PRON_1S,li,liy,to;for,,,li_+y,li_+iy,li_+y,li_+iy,pos:prep enc0:1s_pron,,,,[STEM-BASE]
380,381,NTWS,NTWS,NTWS,LEXICON,[STEM-CONJ],li/PREP+iy/PRON_1S,li,liya,to;for,,,li_+ya,li_+iy,li_+ya,li_+iy,pos:prep enc0:1s_pron,,,,[STEM-BASE]
381,382,NTWS,NTWS,NTWS,LEXICON,[STEM-CONJ],PREP,li,li,to;for,,C:i#,,,,,pos:prep,,,,[STEM-BASE]
382,383,NTWS,NTWS,NTWS,LEXICON,[STEM-CONJ],INTERROG_ADV,lima,lima,why,,,,,,,pos:part_interrog,,,,[STEM-BASE]
383,384,NTWS,NTWS,NTWS,LEXICON,[STEM-CONJ],REL_ADV,lima,lima,why,,,,,,,pos:adv_rel stt:i cas:u,,,,[STEM-BASE]
384,385,NTWS,NTWS,NTWS,LEXICON,[STEM-CONJ],REL_ADV,limaA,limaA,why,,,,,,,pos:adv_rel stt:i cas:u,,,,[STEM-BASE]
385,386,NTWS,NTWS,NTWS,LEXICON,[STEM-CONJ],INTERROG_ADV,limaA*aA,limaA*aA,why,,,,,,,pos:part_interrog,,,,[STEM-BASE]
386,387,NTWS,NTWS,NTWS,LEXICON,[STEM-CONJ],REL_ADV,limaA*aA,limaA*aA,why,,,,,,,pos:adv_rel stt:i cas:u,,,,[STEM-BASE]
387,388,NTWS,NTWS,NTWS,LEXICON,[STEM-CONJ-PREP],ABBREV,m,m,(A.D.);M;13th;meter,,,,,,,pos:abbrev,,,,[STEM-BASE]
388,389,NTWS,NTWS,NTWS,LEXICON,[STEM-CONJ],fiy/PREP+maA/REL_PRON,maA,fiymaA,while;as;during,,,fiy_+maA,fiy_+maA,fiy_+maA,fiy_+maA,pos:pron_rel prc1:fiy_prep,,,,[STEM-BASE]
389,390,NTWS,NTWS,NTWS,LEXICON,[STEM-CONJ],bi/PREP+maA/INTERROG_PRON,maA,bima,with+what/which,,,bi+_ma,bi+_maA,bi+_ma,bi+_maA,pos:part_interrog prc1:bi_prep,,,,[STEM-COMPOUND]
390,391,NTWS,NTWS,NTWS,LEXICON,[STEM-CONJ],la/EMPHATIC_PART+maA/NEG_PART,maA,lamaA,did_not,,,la+_maA,la+_maA,la+_maA,la+_maA,pos:part_neg prc1:la_emph,,,,[STEM-COMPOUND]
391,392,NTWS,NTWS,NTWS,LEXICON,[STEM-CONJ],la/RC_PART+maA/NEG_PART,maA,lamaA,would_not_have,,,la+_maA,la+_maA,la+_maA,la+_maA,pos:part_neg prc1:la_rc,,,,[STEM-COMPOUND]
392,393,NTWS,NTWS,NTWS,LEXICON,[STEM-CONJ],EXCLAM_PRON,maA,maA,what/how,,,,,,,pos:pron_exclam stt:i cas:u,,,,[STEM-BASE]
393,394,NTWS,NTWS,NTWS,LEXICON,[STEM-CONJ],INTERROG_PRON,maA,maA,what/which,,,,,,,pos:part_interrog,,,,[STEM-BASE]
394,395,NTWS,NTWS,NTWS,LEXICON,[STEM-CONJ],NEG_PART,maA,maA,not,,,,,,,pos:part_neg,,,,[STEM-BASE]
395,396,NTWS,NTWS,NTWS,LEXICON,[STEM-CONJ],PART,maA,maA,which,,,,,,,pos:part,,,,[STEM-BASE]
396,397,NTWS,NTWS,NTWS,LEXICON,[STEM-CONJ-PREP],REL_PRON,maA,maA,what/which,,,,,,,pos:pron_rel rat:n gen:m num:s stt:i cas:u,,,,[STEM-BASE]
397,398,NTWS,NTWS,NTWS,LEXICON,[STEM-CONJ-PREP],SUB_CONJ,maA,maA,that/if/unless/whether/as_long_as/as_soon_as,,,,,,,pos:conj_sub,,,,[STEM-BASE]
398,399,NTWS,NTWS,NTWS,LEXICON,[STEM-CONJ-PREP],INTERROG_PRON,maA*aA,maA*aA,what,,,,,,,pos:part_interrog,,,,[STEM-BASE]
399,400,NTWS,NTWS,NTWS,LEXICON,[STEM-CONJ-PREP],REL_PRON,maA*aA,maA*aA,what,,,,,,,pos:pron_rel rat:n gen:m num:s stt:i cas:u,,,,[STEM-BASE]
400,401,NTWS,NTWS,NTWS,LEXICON,[STEM-CONJ-PRON],PREP,maAEadaA,maAEadaA,except_for,,C:A#,,,,,pos:prep,,,,[STEM-BASE]
401,402,NTWS,NTWS,NTWS,LEXICON,[STEM-CONJ],REL_PRON,maAhuwa,maAhuwa,what,,,,,,,pos:pron_rel rat:n gen:m num:s stt:i cas:u,,,,[STEM-BASE]
402,403,NTWS,NTWS,NTWS,LEXICON,[STEM-CONJ-PRON],PREP,maAxalaA,maAxalaA,except_for,,C:A#,,,,,pos:prep,,,,[STEM-BASE]
403,404,NTWS,NTWS,NTWS,LEXICON,[STEM-CONJ-PREP],REL_PRON,mahomaA,mahomaA,whatever;often;frequently;oftentimes;many_times;many_a_time;repeatedly;continually;constantly,,,,,,,pos:pron_rel rat:n gen:m num:s stt:i cas:u,,,,[STEM-BASE]
404,405,NTWS,NTWS,NTWS,LEXICON,[STEM-CONJ],SUB_CONJ,mahomaA,mahomaA,whatever;often;frequently;oftentimes;many_times;many_a_time;repeatedly;continually;constantly,,,,,,,pos:conj_sub,,,,[STEM-BASE]
405,406,NTWS,NTWS,NTWS,LEXICON,[STEM-CONJ-PREP],INTERROG_PRON,mano,mano,who/whom,,,,,,,pos:part_interrog,,,,[STEM-BASE]
406,407,NTWS,NTWS,NTWS,LEXICON,[STEM-CONJ-PREP],REL_PRON,mano,mano,who/whom,,,,,,,pos:pron_rel rat:n gen:m num:s stt:i cas:u,,,,[STEM-BASE]
407,408,NTWS,NTWS,NTWS,LEXICON,[STEM-CONJ-PREP],INTERROG_ADV,mataY,mataY,when,,,,,,,pos:part_interrog,,,,[STEM-BASE]
408,409,NTWS,NTWS,NTWS,LEXICON,[STEM-CONJ-PREP],REL_ADV,mataY,mataY,when,,,,,,,pos:adv_rel stt:i cas:u,,,,[STEM-BASE]
409,410,NTWS,NTWS,NTWS,LEXICON,[STEM-CONJ-PRON],la/EMPHATIC_PART+mino/PREP,mino,lamin,indeed;indeed+from,!PRON-iy,C:n#,la+_mino,la+_mino,la+_mino,la+_mino,pos:prep prc1:la_emph,,,,[STEM-COMPOUND]
410,411,NTWS,NTWS,NTWS,LEXICON,[STEM-CONJ-PRON],PREP,mino,mino,from,!PRON-iy,C:n#,,,,,pos:prep,,,,[STEM-BASE]
411,412,NTWS,NTWS,NTWS,LEXICON,[STEM-CONJ-PREP],PART,mino,mino,from,,,,,,,pos:part,,,,[STEM-BASE]
412,413,NTWS,NTWS,NTWS,LEXICON,[STEM-CONJ],mino/PREP+maA/INTERROG_PRON,mino,mim~a,from+what/which,,,mim_+~aA,mino_+maA,mim_+~aA,mino_+maA,pos:prep enc0:mA_interrog,,,,[STEM-COMPOUND]
413,414,NTWS,NTWS,NTWS,LEXICON,[STEM-CONJ],mino/PREP+maA/INTERROG_PRON,mino,mim~aA,from+what/which,,,mim_+~aA,mino_+maA,mim_+~aA,mino_+maA,pos:prep enc0:mA_interrog,,,,[STEM-COMPOUND]
414,415,NTWS,NTWS,NTWS,LEXICON,[STEM-CONJ],mino/PREP+maA/REL_PRON,mino,mim~a,from+what/which,,,mim_+~aA,mino_+maA,mim_+~aA,mino_+maA,pos:prep enc0:mA_rel,,,,[STEM-COMPOUND]
415,416,NTWS,NTWS,NTWS,LEXICON,[STEM-CONJ],mino/PREP+maA/REL_PRON,mino,mim~aA,from+what/which,,,mim_+~aA,mino_+maA,mim_+~aA,mino_+maA,pos:prep enc0:mA_rel,,,,[STEM-COMPOUND]
416,417,NTWS,NTWS,NTWS,LEXICON,[STEM-CONJ],mino/PREP+maA/SUB_CONJ,mino,mim~a,from+that/if/unless/whether/as_long_as/as_soon_as,,,mim_+~aA,mino_+maA,mim_+~aA,mino_+maA,pos:prep enc0:mA_sub,,,,[STEM-COMPOUND]
417,418,NTWS,NTWS,NTWS,LEXICON,[STEM-CONJ],mino/PREP+maA/SUB_CONJ,mino,mim~aA,from+that/if/unless/whether/as_long_as/as_soon_as,,,mim_+~aA,mino_+maA,mim_+~aA,mino_+maA,pos:prep enc0:mA_sub,,,,[STEM-COMPOUND]
418,419,NTWS,NTWS,NTWS,LEXICON,[STEM-CONJ],mino/PREP+mano/INTERROG_PRON,mino,mim~an,from+whom,,,mim_+~ano,mino_+mano,mim_+~ano,mino_+mano,pos:prep enc0:man_interrog,,,,[STEM-COMPOUND]
419,420,NTWS,NTWS,NTWS,LEXICON,[STEM-CONJ],mino/PREP+mano/REL_PRON,mino,mim~an,from+whom,,,mim_+~ano,mino_+mano,mim_+~ano,mino_+mano,pos:prep enc0:man_rel,,,,[STEM-COMPOUND]
420,421,m.v.l,NTWS,NTWS,LEXICON,[STEM-CONJ],mivol/NOUN+a/CASE_DEF_ACC+maA/REL_PRON,mivol,mivolamaA,something_like;like;as,,,mivola_+maA,mivola_+maA,mivola_+maA,mivola_+maA,pos:noun gen:m num:s enc0:mA_rel stt:c cas:a,,,,[STEM-COMPOUND]
421,422,m.v.l,NTWS,NTWS,LEXICON,[STEM-CONJ],mivol/NOUN+a/CASE_DEF_ACC+maA/SUB_CONJ,mivol,mivolamaA,something_like;like;as,,,mivola_+maA,mivola_+maA,mivola_+maA,mivola_+maA,pos:noun gen:m num:s enc0:mA_sub stt:c cas:a,,,,[STEM-COMPOUND]
422,423,NTWS,NTWS,NTWS,LEXICON,[STEM-CONJ-PREP],ABBREV,mlm,mlm,millimeter,,,,,,,pos:abbrev,,,,[STEM-BASE]
423,424,NTWS,NTWS,NTWS,LEXICON,[STEM-CONJ-PREP],ABBREV,mlm,mm,millimeter,,,,,,,pos:abbrev,,,,[STEM-BASE]
424,425,NTWS,NTWS,NTWS,LEXICON,[STEM-CONJ],ADV,mu*~aAka,mu*~aAka,since_then,,,,,,,pos:adv stt:i cas:u,,,,[STEM-BASE]
425,426,NTWS,NTWS,NTWS,LEXICON,[STEM-CONJ],PREP,mu*o,mu*o,since,,,,,,,pos:prep,,,,[STEM-BASE]
426,427,NTWS,NTWS,NTWS,LEXICON,[STEM],NOUN,mu*o,mu*o,the_time_since,,,,,,,pos:noun gen:m num:s stt:i cas:u,,,,[STEM-BASE]
427,428,NTWS,NTWS,NTWS,LEXICON,[STEM-CONJ],ADV,mudo*aAka,mudo*aAka,since_then,,,,,,,pos:adv stt:i cas:u,,,,[STEM-BASE]
428,429,NTWS,NTWS,NTWS,LEXICON,[STEM-CONJ],PREP,muno*u,muno*u,since;for;in;ago,,,,,,,pos:prep,,,,[STEM-BASE]
429,430,NTWS,NTWS,NTWS,LEXICON,[STEM-CONJ-PREP],ABBREV,mv,mv,fem.,,,,,,,pos:abbrev,,,,[STEM-BASE]
430,431,NTWS,NTWS,NTWS,LEXICON,[STEM-CONJ-PREP],ABBREV,n,n,N.;14th,,,,,,,pos:abbrev,,,,[STEM-BASE]
431,432,NTWS,NTWS,NTWS,LEXICON,[STEM-CONJ-PREP],INTERJ,naEam,naEam,yes,,,,,,,pos:interj,,,,[STEM-BASE]
432,433,NTWS,NTWS,NTWS,LEXICON,[STEM-CONJ],haA/DEM_PRON+naHonu/PRON_1P,naHonu,haAnaHonu,here_we_are,,,haA+_naHonu,haA+_naHonu,haA+_naHonu,haA+_naHonu,pos:pron prc1:hA_dem per:1 gen:m num:p stt:d cas:n rat:r,,,,[STEM-COMPOUND]
433,434,NTWS,NTWS,NTWS,LEXICON,[STEM-CONJ],PRON_1P,naHonu,naHonu,we,,,,,,,pos:pron per:1 gen:m num:p stt:d cas:n rat:r,,,,[STEM-BASE]
434,435,NTWS,NTWS,NTWS,LEXICON,[STEM-CONJ-PREP],ABBREV,q,q,Q.;Qatari;19th;(before);(piaster),,,,,,,pos:abbrev,,,,[STEM-BASE]
435,436,q.b.l,NTWS,NTWS,LEXICON,[STEM-CONJ],qabol/NOUN+a/CASE_DEF_ACC+maA/SUB_CONJ,qabol,qabolamaA,before_that,,,qabola_+maA,qabola_+maA,qabola_+maA,qabola_+maA,pos:noun gen:m num:s enc0:mA_sub stt:c cas:a,,,,[STEM-COMPOUND]
436,437,q.b.l,NTWS,NTWS,LEXICON,[STEM-CONJ],ADV,qabola}i*K,qabola}i*K,before_then,,,,,,,pos:adv stt:i cas:u,,,,[STEM-BASE]
437,438,NTWS,NTWS,NTWS,LEXICON,[STEM-CONJ],VERB_PART,qado,laqado,already,,,,,,,pos:part_verb,,,,[STEM-BASE]
438,439,NTWS,NTWS,NTWS,LEXICON,[STEM-CONJ],VERB_PART,qado,qado,may;might;perhaps;maybe;possibly;probably,,,,,,,pos:part_verb,,,,[STEM-BASE]
439,440,q.T.T,NTWS,NTWS,LEXICON,[STEM-CONJ],ADV,qaT~u,qaT~u,ever;at_all,,,,,,,pos:adv stt:i cas:u,,,,[STEM-BASE]
440,441,q.T.T,NTWS,NTWS,LEXICON,[STEM-CONJ],ADV,qaTo,qaTo,ever;at_all,,,,,,,pos:adv stt:i cas:u,,Should it be qaT~?,,[STEM-BASE]
441,442,NTWS,NTWS,NTWS,LEXICON,[STEM-CONJ-PREP],ABBREV,r,r,R.;20th;(Reuters);(rial),,,,,,,pos:abbrev,,,,[STEM-BASE]
442,443,r.y.v,NTWS,NTWS,LEXICON,[STEM-CONJ],SUB_CONJ,rayovamaA,rayovamaA,as_long_as;until,,,,,,,pos:conj_sub,,,,[STEM-BASE]
443,444,NTWS,NTWS,NTWS,LEXICON,[STEM-CONJ],PART,rub~a,rub~a,"many_a_(time,_man,_etc)",,,,,,,pos:part,,,,[STEM-BASE]
444,445,NTWS,NTWS,NTWS,LEXICON,[STEM-CONJ],ADV,rub~amaA,rub~amaA,perhaps;maybe,,,,,,,pos:adv stt:i cas:u,,,,[STEM-BASE]
445,446,NTWS,NTWS,NTWS,LEXICON,[STEM-CONJ-PREP],ABBREV,s,s,S.;15th;(question);(hour),,,,,,,pos:abbrev,,,,[STEM-BASE]
446,447,NTWS,NTWS,NTWS,LEXICON,[STEM-CONJ-PREP],ABBREV,S,S,S.;(page);18th,,,,,,,pos:abbrev,,,,[STEM-BASE]
447,448,s.w.E,NTWS,NTWS,LEXICON,[STEM-CONJ],ADV,saAEata}i*K,saAEata}i*K,at_that_hour/time,,,,,,,pos:adv stt:i cas:u,,,,[STEM-BASE]
448,449,s.b.E,NTWS,NTWS,LEXICON,[STEM-ACCUSATIVE],NOUN,saboEami}ap,saboEami},seven-hundred,FS,X100,,,,,pos:noun gen:- num:- rat:i cas:a,,,,
449,450,s.b.E,NTWS,NTWS,LEXICON,[STEM-GENITIVE],NOUN,saboEami}ap,saboEimi},seven-hundred,FS,X100,,,,,pos:noun gen:- num:- rat:r cas:g,,,,
450,451,s.b.E,NTWS,NTWS,LEXICON,[STEM-NOMINATIVE],NOUN,saboEami}ap,saboEumi},seven-hundred,FS,X100,,,,,pos:noun gen:- num:- rat:r cas:n,,,,
451,452,s.b.E,NTWS,NTWS,LEXICON,[STEM-ACCUSATIVE],NOUN,saboEamiA}ap,saboEamiA},seven-hundred,FS,X100,,,,,pos:noun gen:- num:- rat:i cas:a,,,,
452,453,s.b.E,NTWS,NTWS,LEXICON,[STEM-GENITIVE],NOUN,saboEamiA}ap,saboEimiA},seven-hundred,FS,X100,,,,,pos:noun gen:- num:- rat:r cas:g,,,,
453,454,s.b.E,NTWS,NTWS,LEXICON,[STEM-NOMINATIVE],NOUN,saboEamiA}ap,saboEumiA},seven-hundred,FS,X100,,,,,pos:noun gen:- num:- rat:r cas:n,,,,
454,455,s.n.h,NTWS,NTWS,LEXICON,[STEM-CONJ],ADV,sanata*aAka,sanata*aAk,that_year,,,,,,,pos:adv stt:i cas:u,,,,[STEM-BASE]
455,456,NTWS,NTWS,NTWS,LEXICON,[STEM-CONJ],ADV,sawaA,sawaA,together,,,,,,,pos:adv stt:i cas:u,,,,[STEM-BASE]
456,457,NTWS,NTWS,NTWS,LEXICON,[STEM-CONJ],FUT_PART,sawofa,sawofa,will;shall,,,,,,,pos:part_fut,,,,[STEM-BASE]
457,458,NTWS,NTWS,NTWS,LEXICON,[STEM-CONJ],la/EMPHATIC_PART+sawofa/FUT_PART,sawofa,lasawofa,will/shall_indeed,,,la+_sawofa,la+_sawofa,la+_sawofa,la+_sawofa,pos:part_fut prc1:la_emph,,,,[STEM-BASE]
458,459,s.t.t,NTWS,NTWS,LEXICON,[STEM-ACCUSATIVE],NOUN,sit~ami}ap,sit~ami},six-hundred,FS,X100,,,,,pos:noun gen:- num:- rat:i cas:a,,,,
459,460,s.t.t,NTWS,NTWS,LEXICON,[STEM-GENITIVE],NOUN,sit~ami}ap,sit~imi},six-hundred,FS,X100,,,,,pos:noun gen:- num:- rat:r cas:g,,,,
460,461,s.t.t,NTWS,NTWS,LEXICON,[STEM-NOMINATIVE],NOUN,sit~ami}ap,sit~umi},six-hundred,FS,X100,,,,,pos:noun gen:- num:- rat:r cas:n,,,,
461,462,s.t.t,NTWS,NTWS,LEXICON,[STEM-ACCUSATIVE],NOUN,sit~amiA}ap,sit~amiA},six-hundred,FS,X100,,,,,pos:noun gen:- num:- rat:i cas:a,,,,
462,463,s.t.t,NTWS,NTWS,LEXICON,[STEM-GENITIVE],NOUN,sit~amiA}ap,sit~imiA},six-hundred,FS,X100,,,,,pos:noun gen:- num:- rat:r cas:g,,,,
463,464,s.t.t,NTWS,NTWS,LEXICON,[STEM-NOMINATIVE],NOUN,sit~amiA}ap,sit~umiA},six-hundred,FS,X100,,,,,pos:noun gen:- num:- rat:r cas:n,,,,
464,465,NTWS,NTWS,NTWS,LEXICON,[STEM-CONJ],RESTRIC_PART,siwaY,siwaY,except_(for),,,,,,,pos:part_restrict,,,,[STEM-BASE]
465,466,NTWS,NTWS,NTWS,LEXICON,[STEM-CONJ-PREP],ABBREV,siy,siy,C.,,,,,,,pos:abbrev,,,,[STEM-BASE]
466,467,NTWS,NTWS,NTWS,LEXICON,[STEM-CONJ],laA/NEG_PART+siy~amaA/ADV,siy~amaA,laAsiy~amaA,especially,,,laA+_siy~amaA,laA+_siy~amaA,laA+_siy~amaA,laA+_siy~amaA,pos:adv prc0:lA_neg stt:i cas:u,,,,[STEM-COMPOUND]
467,468,NTWS,NTWS,NTWS,LEXICON,[STEM-CONJ],ADV,siy~amaA,siy~amaA,especially,,,,,,,pos:adv stt:i cas:u,,,,[STEM-BASE]
468,469,NTWS,NTWS,NTWS,LEXICON,[STEM-CONJ-PREP],ABBREV,SlEm,SlEm,Peace_Be_Upon_Him,,,,,,,pos:abbrev,,,,[STEM-BASE]
469,470,NTWS,NTWS,NTWS,LEXICON,[STEM-CONJ-PREP],ABBREV,sm,sm,centimeter,,,,,,,pos:abbrev,,,,[STEM-BASE]
470,471,NTWS,NTWS,NTWS,LEXICON,[STEM-CONJ-PREP],ABBREV,t,t,T.;(date);(time/timing);(died);22nd,,,,,,,pos:abbrev,,,,[STEM-BASE]
471,472,NTWS,NTWS,NTWS,LEXICON,[STEM-CONJ-PREP],ABBREV,T,T,T.;9th,,,,,,,pos:abbrev,,,,[STEM-BASE]
472,473,NTWS,NTWS,NTWS,LEXICON,[STEM-CONJ],la/EMPHATIC_PART+TAlamaA/ADV,TaAlamaA,laTaAlamaA,indeed+so_often_that,,,la+_TaAlamaA,la+_TaAlamaA,la+_TaAlamaA,la+_TaAlamaA,pos:adv prc1:la_emph stt:i cas:u,,,,[STEM-COMPOUND]
473,474,NTWS,NTWS,NTWS,LEXICON,[STEM-CONJ],ADV,TaAlamaA,TaAlamaA,so_often_that,,,,,,,pos:adv stt:i cas:u,,,,[STEM-BASE]
474,475,NTWS,NTWS,NTWS,LEXICON,[STEM-CONJ],SUB_CONJ,TaAlamaA,TaAlamaA,as_long_as,,,,,,,pos:conj_sub,,,,[STEM-BASE]
475,476,NTWS,NTWS,NTWS,LEXICON,[STEM-CONJ],ADV,tatoraY,tatoraA,one_after_the_other;in_succession,,,,,,,pos:adv stt:i cas:u,,,,[STEM-BASE]
476,477,NTWS,NTWS,NTWS,LEXICON,[STEM-CONJ],ADV,tatoraY,tatoraY,one_after_the_other;in_succession,,,,,,,pos:adv stt:i cas:u,,,,[STEM-BASE]
477,478,NTWS,NTWS,NTWS,LEXICON,[STEM-CONJ-PREP],ABBREV,tg,tg,GMT_(Greenwich_Mean_Time),,,,,,,pos:abbrev,,,,[STEM-BASE]
478,479,NTWS,NTWS,NTWS,LEXICON,[STEM-CONJ-PREP],ABBREV,tg,tj,GMT_(Greenwich_Mean_Time),,,,,,,pos:abbrev,,,,[STEM-BASE]
479,480,t.s.E,NTWS,NTWS,LEXICON,[STEM-ACCUSATIVE],NOUN,tisoEami}ap,tisoEami},nine-hundred,FS,X100,,,,,pos:noun gen:- num:- rat:i cas:a,,,,
480,481,t.s.E,NTWS,NTWS,LEXICON,[STEM-GENITIVE],NOUN,tisoEami}ap,tisoEimi},nine-hundred,FS,X100,,,,,pos:noun gen:- num:- rat:r cas:g,,,,
481,482,t.s.E,NTWS,NTWS,LEXICON,[STEM-NOMINATIVE],NOUN,tisoEami}ap,tisoEumi},nine-hundred,FS,X100,,,,,pos:noun gen:- num:- rat:r cas:n,,,,
482,483,t.s.E,NTWS,NTWS,LEXICON,[STEM-ACCUSATIVE],NOUN,tisoEamiA}ap,tisoEamiA},nine-hundred,FS,X100,,,,,pos:noun gen:- num:- rat:i cas:a,,,,
483,484,t.s.E,NTWS,NTWS,LEXICON,[STEM-GENITIVE],NOUN,tisoEamiA}ap,tisoEimiA},nine-hundred,FS,X100,,,,,pos:noun gen:- num:- rat:r cas:g,,,,
484,485,t.s.E,NTWS,NTWS,LEXICON,[STEM-NOMINATIVE],NOUN,tisoEamiA}ap,tisoEumiA},nine-hundred,FS,X100,,,,,pos:noun gen:- num:- rat:r cas:n,,,,
485,486,NTWS,NTWS,NTWS,LEXICON,[STEM-CONJ-PREP],ABBREV,tiy,tiy,T.,,,,,,,pos:abbrev,,,,[STEM-BASE]
486,487,NTWS,NTWS,NTWS,LEXICON,[STEM-CONJ-PREP],INTERJ,tuf~,tuf~,phew!,,,,,,,pos:interj,,,,[STEM-BASE]
487,488,NTWS,NTWS,NTWS,LEXICON,[STEM-CONJ-PREP],INTERJ,turaY,turaY,I_wonder,,,,,,,pos:interj,,,,[STEM-BASE]
488,489,NTWS,NTWS,NTWS,LEXICON,[STEM-CONJ-PREP],ABBREV,v,v,TH.;23rd,,,,,,,pos:abbrev,,,,[STEM-BASE]
489,490,NTWS,NTWS,NTWS,LEXICON,[STEM-CONJ-PREP],ABBREV,vaA',vaA',sec._(seconds),,,,,,,pos:abbrev,,,,[STEM-BASE]
490,491,NTWS,NTWS,NTWS,LEXICON,[STEM-CONJ-PREP],ABBREV,vaA',vaA,sec._(seconds),,,,,,,pos:abbrev,,,,[STEM-BASE]
491,492,v.l.v,NTWS,NTWS,LEXICON,[STEM-ACCUSATIVE],NOUN,valaAvami}ap,valaAvami},three-hundred,FS,X100,,,,,pos:noun gen:- num:- rat:i cas:a,,,,
492,493,v.l.v,NTWS,NTWS,LEXICON,[STEM-GENITIVE],NOUN,valaAvami}ap,valaAvimi},three-hundred,FS,X100,,,,,pos:noun gen:- num:- rat:r cas:g,,,,
493,494,v.l.v,NTWS,NTWS,LEXICON,[STEM-NOMINATIVE],NOUN,valaAvami}ap,valaAvumi},three-hundred,FS,X100,,,,,pos:noun gen:- num:- rat:r cas:n,,,,
494,495,v.l.v,NTWS,NTWS,LEXICON,[STEM-ACCUSATIVE],NOUN,valaAvamiA}ap,valaAvamiA},three-hundred,FS,X100,,,,,pos:noun gen:- num:- rat:i cas:a,,,,
495,496,v.l.v,NTWS,NTWS,LEXICON,[STEM-GENITIVE],NOUN,valaAvamiA}ap,valaAvimiA},three-hundred,FS,X100,,,,,pos:noun gen:- num:- rat:r cas:g,,,,
496,497,v.l.v,NTWS,NTWS,LEXICON,[STEM-NOMINATIVE],NOUN,valaAvamiA}ap,valaAvumiA},three-hundred,FS,X100,,,,,pos:noun gen:- num:- rat:r cas:n,,,,
497,498,v.m.m,NTWS,NTWS,LEXICON,[STEM-CONJ],ADV,vam~a,vam~a,there;over_there;in_that_place;there_is/are,,,,,,,pos:adv stt:i cas:u,,,,[STEM-BASE]
498,499,v.m.m,NTWS,NTWS,LEXICON,[STEM-CONJ],ADV,vam~apa,vam~apa,there,,,,,,,pos:adv stt:i cas:u,,,,[STEM-BASE]
499,500,v.m.n,NTWS,NTWS,LEXICON,[STEM-ACCUSATIVE],NOUN,vamaAnami}ap,vamaAnimi},eight-hundred,FS,X100,,,,,pos:noun gen:- num:- rat:i cas:a,,,,
500,501,v.m.n,NTWS,NTWS,LEXICON,[STEM-NOMINATIVE],NOUN,vamaAnami}ap,vamaAnami},eight-hundred,FS,X100,,,,,pos:noun gen:- num:- rat:r cas:n,,,,
501,502,v.m.n,NTWS,NTWS,LEXICON,[STEM-GENITIVE],NOUN,vamaAnami}ap,vamaAnumiA},eight-hundred,FS,X100,,,,,pos:noun gen:- num:- rat:r cas:g,,,,
502,503,v.m.n,NTWS,NTWS,LEXICON,[STEM-GENITIVE],NOUN,vamaAnamiA}ap,vamaAnimiA},eight-hundred,FS,X100,,,,,pos:noun gen:- num:- rat:r cas:g,,,,
503,504,v.m.n,NTWS,NTWS,LEXICON,[STEM-ACCUSATIVE],NOUN,vamaAnamiA}ap,vamaAnamiA},eight-hundred,FS,X100,,,,,pos:noun gen:- num:- rat:i cas:a,,,,
504,505,v.m.n,NTWS,NTWS,LEXICON,[STEM-NOMINATIVE],NOUN,vamaAnamiA}ap,vamaAnumi},eight-hundred,FS,X100,,,,,pos:noun gen:- num:- rat:r cas:n,,,,
505,506,v.m.m,NTWS,NTWS,LEXICON,[STEM-CONJ],CONJ,vum~a,vum~a,then;afterwards;next;moreover,,,,,,,pos:conj,,,,[STEM-BASE]
506,507,NTWS,NTWS,NTWS,LEXICON,[STEM-CONJ-PREP],ABBREV,wa,w,W.;6th,,,,,,,pos:abbrev,,,,[STEM-BASE]
507,508,NTWS,NTWS,NTWS,LEXICON,[STEM-STANDALONE],CONJ,wa,wa,and,,,,,,,pos:conj,,,,[STEM-BASE]
508,509,NTWS,NTWS,NTWS,LEXICON,[STEM-CONJ],VOC_PART,waA,waA,O;oh,,,,,,,pos:part_voc,,,,[STEM-BASE]
509,510,NTWS,NTWS,NTWS,LEXICON,[STEM-CONJ-PREP],INTERJ,waAh,waAh,wow!,,,,,,,pos:interj,,,,[STEM-BASE]
510,511,NTWS,NTWS,NTWS,LEXICON,[STEM-CONJ-PREP],INTERJ,waAh,waAhaA,wow!,,,,,,,pos:interj,,,,[STEM-BASE]
511,512,w.q.t,NTWS,NTWS,LEXICON,[STEM-CONJ],waqot/NOUN+a/CASE_DEF_ACC+maA/SUB_CONJ,waqot,waqotamaA,the_time_that,,,waqota_+maA,waqota_+maA,waqota_+maA,waqota_+maA,pos:noun gen:m num:s enc0:mA_sub stt:c cas:a,,,,[STEM-COMPOUND]
512,513,w.q.t,NTWS,NTWS,LEXICON,[STEM-CONJ],ADV,waqot,waqota}i*K,at_that_time,,,,,,,pos:adv stt:i cas:u,,,,[STEM-BASE]
513,514,w.q.t,NTWS,NTWS,LEXICON,[STEM-CONJ],ADV,waqot,waqota*aAk,at_that_time,,,,,,,pos:adv stt:i cas:u,,,,[STEM-BASE]
514,515,NTWS,NTWS,NTWS,LEXICON,[STEM-CONJ-PREP],ABBREV,x,x,KH.;24th,,,,,,,pos:abbrev,,,,[STEM-BASE]
515,516,x.l.w,NTWS,NTWS,LEXICON,[STEM-CONJ-PRON],PREP,xalaA,xalaA,except_for,,C:A#,,,,,pos:prep,,,,[STEM-BASE]
516,517,x.m.s,NTWS,NTWS,LEXICON,[STEM-ACCUSATIVE],NOUN,xamosami}ap,xamosami},five-hundred,FS,X100,,,,,pos:noun gen:- num:- rat:i cas:a,,,,
517,518,x.m.s,NTWS,NTWS,LEXICON,[STEM-GENITIVE],NOUN,xamosami}ap,xamosimi},five-hundred,FS,X100,,,,,pos:noun gen:- num:- rat:r cas:g,,,,
518,519,x.m.s,NTWS,NTWS,LEXICON,[STEM-NOMINATIVE],NOUN,xamosami}ap,xamosumi},five-hundred,FS,X100,,,,,pos:noun gen:- num:- rat:r cas:n,,,,
519,520,x.m.s,NTWS,NTWS,LEXICON,[STEM-ACCUSATIVE],NOUN,xamosamiA}ap,xamosamiA},five-hundred,FS,X100,,,,,pos:noun gen:- num:- rat:i cas:a,,,,
520,521,x.m.s,NTWS,NTWS,LEXICON,[STEM-GENITIVE],NOUN,xamosamiA}ap,xamosimiA},five-hundred,FS,X100,,,,,pos:noun gen:- num:- rat:r cas:g,,,,
521,522,x.m.s,NTWS,NTWS,LEXICON,[STEM-NOMINATIVE],NOUN,xamosamiA}ap,xamosumiA},five-hundred,FS,X100,,,,,pos:noun gen:- num:- rat:r cas:n,,,,
522,523,NTWS,NTWS,NTWS,LEXICON,[STEM-CONJ-PREP],ABBREV,y,y,Y.;10th,,,,,,,pos:abbrev,,,,[STEM-BASE]
523,524,NTWS,NTWS,NTWS,LEXICON,[STEM-CONJ],VOC_PART,yaA,yaA,O;oh,,,,,,,pos:part_voc,,,,[STEM-BASE]
524,525,>.l.h,NTWS,NTWS,LEXICON,[STEM],NOUN,yaAll~a`h,yaAll~a`h,oh_God,,,,,,,pos:noun gen:m num:s stt:i cas:u,,,,[STEM]
525,526,y.w.m,NTWS,NTWS,LEXICON,[STEM-CONJ],ADV,yawoma}i*K,yawoma}i*K,on_that_day,,,,,,,pos:adv stt:i cas:u,,,,[STEM-BASE]
526,527,y.w.m,NTWS,NTWS,LEXICON,[STEM-CONJ],ADV,yawoma*aAko,yawoma*aAko,on_that_day,,,,,,,pos:adv stt:i cas:u,,,,[STEM-BASE]
527,528,PLACEHOLDER,NTWS,NTWS,LEXICON,[STEM-CONJ-PREP],ABBREV,yuw,yuw,U.,,,,,,,pos:abbrev,,,,[STEM-BASE]
528,529,PLACEHOLDER,NTWS,NTWS,LEXICON,[STEM-CONJ-PREP],ABBREV,z,z,Z.;7th,,,,,,,pos:abbrev,,,,[STEM-BASE]
529,530,PLACEHOLDER,NTWS,NTWS,LEXICON,[STEM-CONJ-PREP],ABBREV,Z,Z,ZH.;27th,,,,,,,pos:abbrev,,,,[STEM-BASE]
530,531,PLACEHOLDER,NTWS,NTWS,LEXICON,[STEM-CONJ-PREP],ABBREV,z,zid,Z.,,,,,,,pos:abbrev,,,,[STEM-BASE]
