,LINE,EXCLUDE,DEFINE,CLASS,FUNC,FORM,BW,GLOSS,VARIANT,FEAT,COND-T,COND-F,COND-S,NOTES,EXAMPLES,STATUS,NSTAT,Check,Notes
0,1,,CONDITIONS,[LEMMA],Frozen,,,,,,,,,,,,,,
1,2,,CONDITIONS,[STEM-X],#aA-Ap-w #aA-Ap-y #A' #A'@w #A'-w #A}iy #a> #aA #aY-Ap-y #iy #o'-con #o'-dis #u& #w' X100 FIVE-NOUNS,,,,,,,,,,,,,,
2,3,,CONDITIONS,[X-STEM],L#             ,,,,,,,,,,,,,,
3,4,,CONDITIONS,[SUFF-GN],MS MD FP MP FS FD FS100,,,,,,,,,,,,,,
4,4,,CONDITIONS,[SUFF-ORTH],MS-AF,,,,,,,,,,,,,,
5,5,,CONDITIONS,[SEMANTIC],@instance @collective @collective-plural @genderpolarity @ADV         ,,,,,,,,,,,,,,
6,6,,CONDITIONS,[CLASS],#dip UCase Mono,,,,,,,,,,,,,,
7,7,,CONDITIONS,[PROCLITIC],li/PREP bi/PREP            ,,,,,,,,,,,,,,
8,8,,CONDITIONS,[X-SUFF.PHONE.V],i-suff u-suff a-suff           ,,,,,,,,,,,,,,
9,9,,CONDITIONS,[X-SUFF.LETTER],A-suff w-suff y-suff           ,,,,,,,,,,,,,,
10,10,,CONDITIONS,[SUFF-X],#^A #^ay #^i #^iy          ,,,,,,,,,,,,,,
11,11,,CONDITIONS,[PRON:X],MA enc0 POSS_PRON POSS_PRON-iy          ,,,,,,,,,,,,,,
12,,,,,,,,,,,,,,,,,,,
13,1,,MORPH,[QUES],_,_,_,_,MSA,prc3:0,_,,_,Clitics,,OK,GOOD,,
14,2,RED,MORPH,[QUES],>a/PART_INTERROG,>a,>a/INTERROG_PART,is/are,MSA,prc3:>a_ques,_,,_,Clitics,,OK,GOOD,,
15,,,,,,,,,,,,,,,,,,,
16,4,,MORPH,[CONJ],_,_,_,_,MSA,prc2:0,_,,_,Clitics,,OK,GOOD,,
17,5,RED,MORPH,[CONJ],fa/CONJ,fa,fa/CONJ,so/and,MSA,prc2:fa_conj,_,,_,Clitics,,OK,GOOD,,
18,6,RED,MORPH,[CONJ],fa/PART_CONNECT,fa,fa/CONNEC_PART,so/then,MSA,prc2:fa_conn,_,,_,Clitics,,OK,GOOD,,
19,7,RED,MORPH,[CONJ],fa/PART_RC,fa,fa/RC_PART,so/then,MSA,prc2:fa_rc,_,,_,Clitics,,OK,GOOD,,
20,8,RED,MORPH,[CONJ],fa/CONJ_SUB,fa,fa/SUB_CONJ,because/therefore/as_a_result,MSA,prc2:fa_sub,_,,_,Clitics,,OK,GOOD,,
21,9,RED,MORPH,[CONJ],wa/CONJ,wa,wa/CONJ,and,MSA,prc2:wa_conj,_,,_,Clitics,,OK,GOOD,,
22,10,RED,MORPH,[CONJ],wa/PART,wa,wa/PART,[part.],MSA,prc2:wa_part,_,,_,Clitics,,OK,GOOD,,
23,11,RED,MORPH,[CONJ],wa/SUB_CONJ,wa,wa/SUB_CONJ,while,MSA,prc2:wa_sub,_,,_,Clitics,,OK,GOOD,,
24,,,,,,,,,,,,,,,,,,,
25,13,,MORPH,[PREP],_,_,_,_,MSA,prc1:0,_,,_,Clitics,,OK,GOOD,,
26,14,RED,MORPH,[PREP],bi/PREP,bi,bi/PREP,with/by,MSA,prc1:bi_prep,_,,_,Clitics,,OK,GOOD,,
27,15,RED,MORPH,[PREP],ka/PREP,ka,ka/PREP,like/such_as,MSA,prc1:ka_prep,_,,_,Clitics,,OK,GOOD,,
28,16,RED,MORPH,[PREP],li/PREP,li,li/PREP,for/to,MSA,prc1:li_prep,_,,li/PREP,Clitics,,OK,GOOD,,
29,17,RED,MORPH,[PREP],wa/PREP,wa,wa/PREP,with/by,MSA,prc1:wa_prep,_,,_,Clitics,,OK,GOOD,,
30,18,RED,MORPH,[PREP],bi/PART,bi,bi/PART,[part.],MSA,prc1:bi_part,_,,_,Clitics,,OK,GOOD,,
31,,,,,,,,,,,,,,,,,,,
32,20,RED,MORPH,[EMPH],_,_,_,_,MSA,prc1:0,_,,_,Clitics,,OK,GOOD,,
33,21,RED,MORPH,[EMPH],la/PART_EMPHATIC,la,la/EMPHATIC_PART,indeed/truly,MSA,prc1:la_emph,_,,_,Clitics,,OK,GOOD,,
34,,,,,,,,,,,,,,,,,,,
35,23,,MORPH,[ART],_,_,_,_,MSA,prc0:0,_,,_,Clitics,"بيت، لغة , لِلُغة",OK,GOOD,,
36,24,,MORPH,[ART],Al/PART_DET,Al@,Al/DET,the,MSA,prc0:Al_det,!li/PREP,,_,Clitics,البيت، اللغة,OK,GOOD,,
37,27,,MORPH,[ART],Al/PART_DET,l@,Al/DET,the,MSA,prc0:Al_det,li/PREP !L#,,_,Clitics,للبيت،,OK,GOOD,,
38,26,,MORPH,[ART],Al/PART_DET,@,Al/DET,the,MSA,prc0:Al_det,li/PREP L#,,_,Clitics,لِلُّغة,OK,GOOD,,
39,,,#Buffers,,,,,,,,,,,,,,,,
40,101,,MORPH,[NBuff],Buffer,_,_,,MSA,,else,,,Buffer Base,,OK,GOOD,,
41,102,,MORPH,[NBuff],Buffer,aY,aY/STEM,,MSA,,#aY-Ap-y MS !enc0,,,Buffer #aY-Ap-y,فتى,OK,GOOD,,
42,103,,MORPH,[NBuff],Buffer,A,A/STEM,,MSA,,#aY-Ap-y MS enc0,,,Buffer #aY-Ap-y,فتاه، فتاي,OK,GOOD,,
43,104,,MORPH,[NBuff],Buffer,ay,ay/STEM,,MSA,,#aY-Ap-y MD||FP,,,Buffer #aY-Ap-y,فتيان، فتيات,OK,GOOD,,
44,105,,MORPH,[NBuff],Buffer,A,A/STEM,,MSA,,#aY-Ap-y FS||FD,,,Buffer #aY-Ap-y,فتاة، فتاتان,OK,GOOD,,
45,106,,MORPH,[NBuff],Buffer,_,_,,MSA,,#aY-Ap-y MP,,,Buffer #aY-Ap-y,مصطفون,OK,GOOD,,
46,107,,MORPH,[NBuff],Buffer,A,A/STEM,,MSA,,#aA-Ap-y MS,,,Buffer #aA-Ap-y,دنيا,OK,GOOD,,
47,108,,MORPH,[NBuff],Buffer,ay,ay/STEM,,MSA,,#aA-Ap-y MD||FP,,,Buffer #aA-Ap-y,دنييان,OK,GOOD,,
48,109,,MORPH,[NBuff],Buffer,A,A/STEM,,MSA,,#aA-Ap-y FS||FD,,,Buffer #aA-Ap-y,؟؟,OK,GOOD,,
49,110,,MORPH,[NBuff],Buffer,_,_,,MSA,,#aA-Ap-y MP,,,Buffer #aA-Ap-y,؟؟,OK,GOOD,,
50,107,,MORPH,[NBuff],Buffer,A,A/STEM,,MSA,,#aA-Ap-w MS,,,Buffer #aA-Ap-w,عصا,OK,GOOD,,
51,108,,MORPH,[NBuff],Buffer,aw,aw/STEM,,MSA,,#aA-Ap-w MD||FP,,,Buffer #aA-Ap-w,عصوان عصوات أدوات,OK,GOOD,,
52,109,,MORPH,[NBuff],Buffer,A,A/STEM,,MSA,,#aA-Ap-w FS||FD,,,Buffer #aA-Ap-w,اداة أداتان ,OK,GOOD,,
53,110,,MORPH,[NBuff],Buffer,_,_,,MSA,,#aA-Ap-w MP,,,Buffer #aA-Ap-w,,OK,GOOD,,
54,111,,MORPH,[NBuff],Buffer,','/STEM,,MSA,,#A' MS !enc0,,,Buffer #A',قراء غطاء,OK,GOOD,,no pron/word end
55,112,,MORPH,[NBuff],Buffer,','/STEM,,MSA,,#A' MS enc0 a-suff,,,Buffer #A',غطاءَها,OK,GOOD,,a-suff + pron
56,113,,MORPH,[NBuff],Buffer,&,&/STEM,,MSA,,#A' MS enc0 u-suff,,,Buffer #A',غطاؤها,OK,GOOD,,u-suff + pron
57,114,,MORPH,[NBuff],Buffer,},}/STEM,,MSA,,#A' MS enc0 i-suff,,,Buffer #A',غطائها,OK,GOOD,,i-suff + pron
58,115,,MORPH,[NBuff],Buffer,&,&/STEM,,MSA,,#A' MP w-suff,,,Buffer #A',قراؤون,OK,GOOD,,%w-suff
59,116,,MORPH,[NBuff],Buffer,},}/STEM,,MSA,,#A' MP y-suff,,,Buffer #A',قرائين,OK,GOOD,,%y-suff
60,117,,MORPH,[NBuff],Buffer,','/STEM,,MSA,,#A' FS||FD||MD||FP,,,Buffer #A',قراءة قراءات,OK,GOOD,,"a-suff, A-suff"
61,118,,MORPH,[NBuff],Buffer,','/STEM,,MSA,,#A'-w MS !enc0,,,Buffer #A'-w,صحراء,OK,GOOD,,no pron/word end
62,119,,MORPH,[NBuff],Buffer,','/STEM,,MSA,,#A'-w MS enc0 a-suff,,,Buffer #A'-w,صحراءه,OK,GOOD,,a-suff + pron
63,120,,MORPH,[NBuff],Buffer,&,&/STEM,,MSA,,#A'-w MS enc0 u-suff,,,Buffer #A'-w,صحراؤه,OK,GOOD,,u-suff + pron
64,121,,MORPH,[NBuff],Buffer,},}/STEM,,MSA,,#A'-w MS enc0 i-suff,,,Buffer #A'-w,صحرائي,OK,GOOD,,i-suff + pron
65,122,,MORPH,[NBuff],Buffer,&,&/STEM,,MSA,,#A'-w MP w-suff,,,Buffer #A'-w,,OK,GOOD,,%w-suff
66,123,,MORPH,[NBuff],Buffer,},}/STEM,,MSA,,#A'-w MP y-suff,,,Buffer #A'-w,,OK,GOOD,,%y-suff
67,124,,MORPH,[NBuff],Buffer,','/STEM,,MSA,,#A'-w FS||FD,,,Buffer #A'-w,صحراء,OK,GOOD,,% a-suff
68,125,,MORPH,[NBuff],Buffer,w,w/STEM,,MSA,,#A'-w MD||FP,,,Buffer #A'-w,صحراوان صحراوات,OK,GOOD,,% A-suff
69,118,,MORPH,[NBuff],Buffer,','/STEM,,MSA,,#A'@w MS !enc0,,,Buffer #A'@w,سماء,OK,GOOD,,no pron/word end
70,119,,MORPH,[NBuff],Buffer,','/STEM,,MSA,,#A'@w MS enc0 a-suff,,,Buffer #A'@w,سماءه,OK,GOOD,,a-suff + pron
71,120,,MORPH,[NBuff],Buffer,&,&/STEM,,MSA,,#A'@w MS enc0 u-suff,,,Buffer #A'@w,سماؤه,OK,GOOD,,u-suff + pron
72,121,,MORPH,[NBuff],Buffer,},}/STEM,,MSA,,#A'@w MS enc0 i-suff,,,Buffer #A'@w,سمائي,OK,GOOD,,i-suff + pron
73,122,,MORPH,[NBuff],Buffer,&,&/STEM,,MSA,,#A'@w MP w-suff,,,Buffer #A'@w,,OK,GOOD,,%w-suff
74,123,,MORPH,[NBuff],Buffer,},}/STEM,,MSA,,#A'@w MP y-suff,,,Buffer #A'@w,,OK,GOOD,,%y-suff
75,124,,MORPH,[NBuff],Buffer,','/STEM,,MSA,,#A'@w FS||FD,,,Buffer #A'@w,سماء,OK,GOOD,,% a-suff
76,125,,MORPH,[NBuff],Buffer,','/STEM,,MSA,,#A'@w MD||FP,,,Buffer #A'@w,سماءان سماءات,OK,GOOD,,% A-suff
77,125,,MORPH,[NBuff],Buffer,w,w/STEM,,MSA,,#A'@w MD||FP,,,Buffer #A'@w,سماوان سماوات,OK,GOOD,,% A-suff
78,126,,MORPH,[NBuff],Buffer,a>,a>/STEM,,MSA,,#a> MS !enc0,,,Buffer #a>,مبدأ,OK,GOOD,The #a> can be reduced to 4 lines,no pron/word end
79,127,,MORPH,[NBuff],Buffer,a>,a>/STEM,,MSA,,#a> MS enc0 a-suff,,,Buffer #a>,مبدأه,OK,GOOD,,a-suff + pron
80,128,,MORPH,[NBuff],Buffer,a&,&/STEM,,MSA,,#a> MS enc0 u-suff,,,Buffer #a>,مبدؤه,OK,GOOD,,u-suff + pron
81,129,,MORPH,[NBuff],Buffer,a},}/STEM,,MSA,,#a> MS enc0 i-suff,,,Buffer #a>,مبدئه,OK,GOOD,,i-suff + pron
82,130,,MORPH,[NBuff],Buffer,a>,a>/STEM,,MSA,,#a> FS||FD,,,Buffer #a>,مكافأة، مكافأتان,OK,GOOD,,
83,131,,MORPH,[NBuff],Buffer,_,_,,MSA,,#a> FP,,,Buffer #a>,مكافآت مبدآن,OK,GOOD,,
84,131,,MORPH,[NBuff],Buffer,_,_,,MSA,,#a> MD A-suff,,,Buffer #a>,مكافآت مبدآن,OK,GOOD,,
85,132,,MORPH,[NBuff],Buffer,a>,a>/STEM,,MSA,,#a> MD !A-suff,,,Buffer #a>,مبدأين,OK,GOOD,,A-suff
86,133,,MORPH,[NBuff],Buffer,a&,a&/STEM,,MSA,,#a> MP w-suff,,,Buffer #a>,المُكافَؤن,OK,GOOD,,%w-suff
87,134,,MORPH,[NBuff],Buffer,a},}/STEM,,MSA,,#a> MP y-suff,,,Buffer #a>,المُكافَئين,OK,GOOD,,%y-suff
88,135,,MORPH,[NBuff],Buffer,_,_,,MSA,,#iy MS i-suff,,,Buffer #iy,محام,OK,GOOD,,
89,136,,MORPH,[NBuff],Buffer,iy,iy/STEM,,MSA,,#iy MS !i-suff,,,Buffer #iy,محامي محاميا,OK,GOOD,,
90,137,,MORPH,[NBuff],Buffer,_,_,,MSA,,#iy MP,,,Buffer #iy,محامون محامو,OK,GOOD,,
91,138,,MORPH,[NBuff],Buffer,iy,iy/STEM,,MSA,,#iy MD||FS||FD||FP,,,Buffer #iy,محامي,OK,GOOD,,else
92,139,,MORPH,[NBuff],Buffer,','/STEM,,MSA,,#A}iy MS i-suff,,,Buffer #A}iy,راء,OK,GOOD,,
93,140,,MORPH,[NBuff],Buffer,}iy,}iy/STEM,,MSA,,#A}iy MS !i-suff,,,Buffer #A}iy,"رائي, رائيا",OK,GOOD,,
94,141,,MORPH,[NBuff],Buffer,&,&/STEM,,MSA,,#A}iy MP w-suff,,,Buffer #A}iy,راؤون,OK,GOOD,,
95,142,,MORPH,[NBuff],Buffer,},}/STEM,,MSA,,#A}iy MP y-suff,,,Buffer #A}iy,رائين,OK,GOOD,,
96,143,,MORPH,[NBuff],Buffer,}iy,}iy/STEM,,MSA,,#A}iy MD||FS||FD||FP,,,Buffer #A}iy,رائية، رائيان,OK,GOOD,,
97,144,,MORPH,[NBuff],Buffer,A,A/STEM,,MSA,,#aA MS,,,Buffer #aA,ايدولوجيا,OK,GOOD,,
98,145,,MORPH,[NBuff],Buffer,_,_,,MSA,,#aA MD||MP||FS||FD||FP,,,Buffer #aA,ايدولوجيتان ايدولوجيات,OK,GOOD,not present for some combinations],
99,146,,MORPH,[NBuff],Buffer,','/STEM,,MSA,,#w' MS !enc0,,,Buffer #w',موبوء,OK,GOOD,hamza conditions can be reduced ,
100,147,,MORPH,[NBuff],Buffer,','/STEM,,MSA,,#w' MS enc0 !i-suff,,,Buffer #w',موبوء,OK,GOOD,,
101,148,,MORPH,[NBuff],Buffer,},}/STEM,,MSA,,#w' MS enc0 i-suff,,,Buffer #w',موبوئه,OK,GOOD,,
102,149,,MORPH,[NBuff],Buffer,','/STEM,,MSA,,#w' MD||FS||FD||FP,,,Buffer #w',موبوءان موبوءين موبوءة موبوءتان موبوءات,OK,GOOD,%a-suffs,
103,150,,MORPH,[NBuff],Buffer,','/STEM,,MSA,,#w' MP !y-suff,,,Buffer #w',موبوءون,OK,GOOD,,
104,151,,MORPH,[NBuff],Buffer,},}/STEM,,MSA,,#w' MP y-suff,,,Buffer #w',موبوئين,OK,GOOD,,
105,152,,MORPH,[NBuff],Buffer,u&,u&/STEM,,MSA,,#u& MS !enc0,,,Buffer #u&,أكمؤ,OK,GOOD,hamza conditions can be reduced ,
106,153,,MORPH,[NBuff],Buffer,u&,u&/STEM,,MSA,,#u& MS enc0 !i-suff,,,Buffer #u&,أكمؤه,OK,GOOD,,
107,154,,MORPH,[NBuff],Buffer,u},u}/STEM,,MSA,,#u& MS enc0 i-suff,,,Buffer #u&,لأكمئه,OK,GOOD,,
108,155,,MORPH,[NBuff],Buffer,u&,u&/STEM,,MSA,,#u& MD||FS||FD||FP,,,Buffer #u&,,OK,GOOD,%a-suffs,
109,156,,MORPH,[NBuff],Buffer,u&,u&/STEM,,MSA,,#u& MP !y-suff,,,Buffer #u&,,OK,GOOD,,
110,157,,MORPH,[NBuff],Buffer,u},u}/STEM,,MSA,,#u& MP y-suff,,,Buffer #u&,,OK,GOOD,,
111,158,,MORPH,[NBuff],Buffer,','/STEM,,MSA,,#o'-dis MS !enc0,,,Buffer #o'-dis,جزء/جزءا,OK,GOOD,hamza conditions can be reduced ,
112,159,,MORPH,[NBuff],Buffer,>,>/STEM,,MSA,,#o'-dis MS enc0 a-suff,,,Buffer #o'-dis,جزأه,OK,GOOD,,
113,160,,MORPH,[NBuff],Buffer,&,&/STEM,,MSA,,#o'-dis MS enc0 u-suff,,,Buffer #o'-dis,جزؤه,OK,GOOD,,
114,161,,MORPH,[NBuff],Buffer,},}/STEM,,MSA,,#o'-dis MS enc0 i-suff,,,Buffer #o'-dis,جزئه,OK,GOOD,,
115,162,,MORPH,[NBuff],Buffer,>,>/STEM,,MSA,,#o'-dis FS||FD,,,Buffer #o'-dis,,OK,GOOD,%a-suffs,
116,163,,###MORPH,[NBuff],Buffer,_,,,MSA,,#o'-dis FP||MD A-suff,,,Buffer #o'-dis,جزآن,OK,GOOD,another spelling; deactivated,
117,164,,MORPH,[NBuff],Buffer,','/STEM,,MSA,,#o'-dis FP||MD A-suff,,,Buffer #o'-dis,جزءان,OK,GOOD,,
118,165,,MORPH,[NBuff],Buffer,>,>/STEM,,MSA,,#o'-dis MD !A-suff,,,Buffer #o'-dis,جزأين,OK,GOOD,,
119,166,,MORPH,[NBuff],Buffer,&,&/STEM,,MSA,,#o'-dis MP !y-suff,,,Buffer #o'-dis,,OK,GOOD,,
120,167,,MORPH,[NBuff],Buffer,},}/STEM,,MSA,,#o'-dis MP y-suff,,,Buffer #o'-dis,,OK,GOOD,,
121,168,,MORPH,[NBuff],Buffer,','/STEM,,MSA,,#o'-con MS else,,,Buffer #o'-con,عبء,OK,GOOD,,
122,170,,MORPH,[NBuff],Buffer,},}/STEM,,MSA,,#o'-con MS enc0||MS-AF,,,Buffer #o'-con,عبئاً,OK,GOOD,,
123,171,,MORPH,[NBuff],Buffer,},}/STEM,,MSA,,#o'-con MD||MP||FS||FD||FP,,,Buffer #o'-con,عبئان، عبئين رديئون رديئة رديئتان رديئات,OK,GOOD,,
124,,,,,,,,,,,,,,,,,,,
125,300.1111,,MORPH,[NSuff.XXIN],NSuff.MSIN,N,N/CASE_INDEF_NOM,[masc.sg.indef.nom.],MSA,form_gen:m form_num:s stt:i cas:n,else else,,MS u-suff,Base Triptote-Sound,كتابٌ,OK,GOOD,0,
126,300.11111,,MORPH,[NSuff.XXIN],NSuff.MSIN,K,K/CASE_INDEF_NOM,[masc.sg.indef.nom.],MSA,form_gen:m form_num:s stt:i cas:n,#iy||#A}iy,,MS i-suff,#iy,محامٍ,OK,GOOD,1,
127,300.11111,,MORPH,[NSuff.XXIN],NSuff.MSIN,u,u/CASE_INDEF_NOM,[masc.sg.indef.nom.],MSA,form_gen:m form_num:s stt:i cas:n,else #dip,,MS,Diptote-Sound,مصانعُ,OK,GOOD,1,
128,300.11111,,MORPH,[NSuff.XXIN],NSuff.MSIN,F,F/CASE_INDEF_NOM,[masc.sg.indef.nom.],MSA,form_gen:m form_num:s stt:i cas:n,#aY-Ap-y||#aA-Ap-w else,,MS,#aY-Ap-y,فتىً,OK,GOOD,1,
129,300.11111,,MORPH,[NSuff.XXIN],NSuff.MSIN,_,(null)/CASE_INDEF_NOM,[masc.sg.indef.nom.],MSA,form_gen:m form_num:s stt:i cas:n,#aY-Ap-y||#aA-Ap-w Mono,,MS,#aY-Ap-y,كبرى,OK,GOOD,1,
130,300.11111,,MORPH,[NSuff.XXIN],NSuff.MSIN,_,(null)/CASE_INDEF_NOM,[masc.sg.indef.nom.],MSA,form_gen:m form_num:s stt:i cas:n,#aA||Mono,,MS,#aA,ايدولوجيا,OK,GOOD,1,
131,300.1112,,MORPH,[NSuff.XXIA],NSuff.MSIA,AF,AF/CASE_INDEF_ACC,[masc.sg.indef.acc.],MSA,form_gen:m form_num:s stt:i cas:a,else else,,MS a-suff MS-AF,Base Triptote-Sound,كتاباً,OK,GOOD,0,
132,300.11121,,MORPH,[NSuff.XXIA],NSuff.MSIA,a,a/CASE_INDEF_ACC,[masc.sg.indef.acc.],MSA,form_gen:m form_num:s stt:i cas:a,else #dip,,MS,Diptote-Sound,مصانعَ,OK,GOOD,1,
133,300.11121,,MORPH,[NSuff.XXIA],NSuff.MSIA,F,F/CASE_INDEF_ACC,[masc.sg.indef.acc.],MSA,form_gen:m form_num:s stt:i cas:a,#aY-Ap-y||#aA-Ap-w,,MS,#aY-Ap-y||#aA-Ap-w,فتىً,OK,GOOD,1,
134,300.11121,,MORPH,[NSuff.XXIA],NSuff.MSIA,F,F/CASE_INDEF_ACC,[masc.sg.indef.acc.],MSA,form_gen:m form_num:s stt:i cas:a,#A'||#A'-w||#a>,,MS a-suff,#A'||#A'-w||#a>,صحراء,OK,GOOD,1,
135,300.11121,,MORPH,[NSuff.XXIA],NSuff.MSIA,_,(null)/CASE_INDEF_ACC,[masc.sg.indef.acc.],MSA,form_gen:m form_num:s stt:i cas:a,#aA||Mono,,MS,#aA,ايدولوجيا,OK,GOOD,1,
136,300.1113,,MORPH,[NSuff.XXIG],NSuff.MSIG,K,K/CASE_INDEF_GEN,[masc.sg.indef.gen.],MSA,form_gen:m form_num:s stt:i cas:g,else else,,MS i-suff,Base Triptote-Sound,كتابٍ,OK,GOOD,0,
137,300.11131,,MORPH,[NSuff.XXIG],NSuff.MSIG,a,a/CASE_INDEF_GEN,[masc.sg.indef.gen.],MSA,form_gen:m form_num:s stt:i cas:g,else #dip,,MS,Diptote-Sound,مصانعَ,OK,GOOD,1,
138,300.11131,,MORPH,[NSuff.XXIG],NSuff.MSIG,F,F/CASE_INDEF_GEN,[masc.sg.indef.gen.],MSA,form_gen:m form_num:s stt:i cas:g,#aY-Ap-y||#aA-Ap-w,,MS,#aY-Ap-y,فتىً,OK,GOOD,1,
139,300.11131,,MORPH,[NSuff.XXIG],NSuff.MSIG,_,(null)/CASE_INDEF_GEN,[masc.sg.indef.gen.],MSA,form_gen:m form_num:s stt:i cas:g,#aA||Mono,,MS,#aA,ايدولوجيا,OK,GOOD,1,
140,300.1114,,MORPH,[NSuff.XXIU],NSuff.MSIU,_,_,[masc.sg.],MSA,form_gen:m form_num:s stt:i cas:u,_,,MS UCase,Base UCase,كتاب,OK,GOOD,0,
141,300.1121,,MORPH,[NSuff.XXDN],NSuff.MSDN,u,u/CASE_DEF_NOM,[masc.sg.def.nom.],MSA,form_gen:m form_num:s stt:d cas:n,else,,MS u-suff,Base Triptote-Sound,الكتابُ,OK,GOOD,0,
142,300.11211,,MORPH,[NSuff.XXDN],NSuff.MSDN,_,(null)/CASE_DEF_NOM,[masc.sg.def.nom.],MSA,form_gen:m form_num:s stt:d cas:n,#iy||#A}iy,,MS #^iy,#iy,المحامي,OK,GOOD,1,
143,300.11211,,MORPH,[NSuff.XXDN],NSuff.MSDN,_,(null)/CASE_DEF_NOM,[masc.sg.def.nom.],MSA,form_gen:m form_num:s stt:d cas:n,#aY-Ap-y||#aA-Ap-w||#aA||Mono,,MS,#aY-Ap-y,الفتى الايدولوجيا,OK,GOOD,1,
144,300.1122,,MORPH,[NSuff.XXDA],NSuff.MSDA,a,a/CASE_DEF_ACC,[masc.sg.def.acc.],MSA,form_gen:m form_num:s stt:d cas:a,else,,MS a-suff,Base Triptote-Sound,الكتابَ,OK,GOOD,0,
145,300.11221,,MORPH,[NSuff.XXDA],NSuff.MSDA,_,(null)/CASE_DEF_ACC,[masc.sg.def.acc.],MSA,form_gen:m form_num:s stt:d cas:a,#aY-Ap-y||#aA-Ap-w||#aA||Mono,,MS,#aY-Ap-y,الفتى,OK,GOOD,1,
146,300.1123,,MORPH,[NSuff.XXDG],NSuff.MSDG,i,i/CASE_DEF_GEN,[masc.sg.def.gen.],MSA,form_gen:m form_num:s stt:d cas:g,else,,MS i-suff,Base Triptote-Sound,الكتابِ,OK,GOOD,0,
147,300.11231,,MORPH,[NSuff.XXDG],NSuff.MSDG,_,(null)/CASE_DEF_GEN,[masc.sg.def.gen.],MSA,form_gen:m form_num:s stt:d cas:g,#iy||#A}iy,,MS #^iy,#iy,المحامي,OK,GOOD,1,
148,300.11231,,MORPH,[NSuff.XXDG],NSuff.MSDG,_,(null)/CASE_DEF_GEN,[masc.sg.def.gen.],MSA,form_gen:m form_num:s stt:d cas:g,#aY-Ap-y||#aA-Ap-w||#aA||Mono,,MS,#aY-Ap-y,الفتى,OK,GOOD,1,
149,300.1124,,MORPH,[NSuff.XXDU],NSuff.MSDU,_,_,[masc.sg.],MSA,form_gen:m form_num:s stt:d cas:u,_,,MS UCase,Base UCase,الكتاب,OK,GOOD,0,
150,300.1132,,MORPH,[NSuff.XXCA],NSuff.MSCA,a,a/CASE_DEF_ACC,[masc.sg.const.acc.],MSA,form_gen:m form_num:s stt:c cas:a,else !POSS_PRON-iy,,MS a-suff,Base Triptote-Sound,كتابَ,OK,GOOD,0,
151,300.1132,,MORPH,[NSuff.XXCA],NSuff.MSCA,_,(null)/CASE_DEF_ACC,[masc.sg.const.acc.],MSA,form_gen:m form_num:s stt:c cas:a,else POSS_PRON-iy,,MS i-suff,Base Triptote-Sound,كتابِي,OK,GOOD,0,
152,300.11321,,MORPH,[NSuff.XXCA],NSuff.MSCA,A,A/CASE_DEF_ACC,[masc.sg.const.acc.],MSA,form_gen:m form_num:s stt:c cas:a,FIVE-NOUNS !POSS_PRON-iy,,MS,FIVE-NOUNS,أبا أباه,OK,GOOD,1,
153,300.11321,,MORPH,[NSuff.XXCA],NSuff.MSCA,_,(null)/CASE_DEF_ACC,[masc.sg.const.acc.],MSA,form_gen:m form_num:s stt:c cas:a,FIVE-NOUNS POSS_PRON-iy,,MS,FIVE-NOUNS,أبي,OK,GOOD,1,
154,300.11321,,MORPH,[NSuff.XXCA],NSuff.MSCA,_,(null)/CASE_DEF_ACC,[masc.sg.const.acc.],MSA,form_gen:m form_num:s stt:c cas:a,#aY-Ap-y||#aA-Ap-w||#aA||Mono,,MS,#aY-Ap-y,فتى,OK,GOOD,1,
155,300.1133,,MORPH,[NSuff.XXCG],NSuff.MSCG,i,i/CASE_DEF_GEN,[masc.sg.const.gen.],MSA,form_gen:m form_num:s stt:c cas:g,else !POSS_PRON-iy,,MS i-suff #^i,Base Triptote-Sound,كتابِ,OK,GOOD,0,
156,300.1133,,#MISTAKE-MORPH,[NSuff.XXCG],NSuff.MSCG,a,a/CASE_DEF_GEN,[masc.sg.const.gen.],MSA,form_gen:m form_num:s stt:c cas:g,else !POSS_PRON-iy #dip,,MS a-suff,Base Triptote-Sound,كتابِ,OK,GOOD,0,
157,300.1133,,MORPH,[NSuff.XXCG],NSuff.MSCG,_,(null)/CASE_DEF_GEN,[masc.sg.const.gen.],MSA,form_gen:m form_num:s stt:c cas:g,else POSS_PRON-iy,,MS i-suff,Base Triptote-Sound,كتابِي,OK,GOOD,0,
158,300.11331,,MORPH,[NSuff.XXCG],NSuff.MSCG,iy,iy/CASE_DEF_GEN,[masc.sg.const.gen.],MSA,form_gen:m form_num:s stt:c cas:g,FIVE-NOUNS !POSS_PRON-iy,,MS,FIVE-NOUNS,أبي أبيه,OK,GOOD,1,
159,300.11331,,MORPH,[NSuff.XXCG],NSuff.MSCG,_,(null)/CASE_DEF_GEN,[masc.sg.const.gen.],MSA,form_gen:m form_num:s stt:c cas:g,FIVE-NOUNS POSS_PRON-iy,,MS,FIVE-NOUNS,أبي,OK,GOOD,1,
160,300.11331,,MORPH,[NSuff.XXCG],NSuff.MSCG,_,(null)/CASE_DEF_GEN,[masc.sg.const.gen.],MSA,form_gen:m form_num:s stt:c cas:g,#iy||#A}iy,,MS #^iy,#iy,محامي، محاميهِ، محاميَّ,OK,GOOD,1,
161,300.11331,,MORPH,[NSuff.XXCG],NSuff.MSCG,_,(null)/CASE_DEF_GEN,[masc.sg.const.gen.],MSA,form_gen:m form_num:s stt:c cas:g,#aY-Ap-y||#aA-Ap-w||#aA||Mono,,MS,#aY-Ap-y,فتى ايدولوجيا,OK,GOOD,1,
162,300.1131,,MORPH,[NSuff.XXCN],NSuff.MSCN,u,u/CASE_DEF_NOM,[masc.sg.const.nom.],MSA,form_gen:m form_num:s stt:c cas:n,else !POSS_PRON-iy,,MS u-suff,Base Triptote-Sound,كتابُ,OK,GOOD,0,
163,300.1131,,MORPH,[NSuff.XXCN],NSuff.MSCN,_,(null)/CASE_DEF_NOM,[masc.sg.const.nom.],MSA,form_gen:m form_num:s stt:c cas:n,else POSS_PRON-iy,,MS i-suff,Base Triptote-Sound,كتابِي,OK,GOOD,0,
164,300.11311,,MORPH,[NSuff.XXCN],NSuff.MSCN,uw,uw/CASE_DEF_NOM,[masc.sg.const.nom.],MSA,form_gen:m form_num:s stt:c cas:n,FIVE-NOUNS !POSS_PRON-iy,,MS,FIVE-NOUNS,أبو أبوه,OK,GOOD,1,
165,300.11311,,MORPH,[NSuff.XXCN],NSuff.MSCN,_,(null)/CASE_DEF_NOM,[masc.sg.const.nom.],MSA,form_gen:m form_num:s stt:c cas:n,FIVE-NOUNS POSS_PRON-iy,,MS,FIVE-NOUNS,أبي,OK,GOOD,1,
166,300.11311,,MORPH,[NSuff.XXCN],NSuff.MSCN,_,(null)/CASE_DEF_NOM,[masc.sg.const.nom.],MSA,form_gen:m form_num:s stt:c cas:n,#iy||#A}iy,,MS #^iy,#iy,محامي، محاميهِ، محاميَّ,OK,GOOD,1,
167,300.11311,,MORPH,[NSuff.XXCN],NSuff.MSCN,_,(null)/CASE_DEF_NOM,[masc.sg.const.nom.],MSA,form_gen:m form_num:s stt:c cas:n,#aY-Ap-y||#aA-Ap-w||#aA||Mono,,MS,#aY-Ap-y,فتى,OK,GOOD,1,
168,300.1134,,MORPH,[NSuff.XXCU],NSuff.MSCU,_,_,[masc.sg.],MSA,form_gen:m form_num:s stt:c cas:u,_,,MS UCase,Base UCase,كتاب,OK,GOOD,0,
169,300.1211,,MORPH,[NSuff.XXIN],NSuff.MDIN,Ani,Ani/NSUFF_MASC_DU_NOM,two_[masc.du.indef.nom.],MSA,form_gen:m form_num:d stt:i cas:n,else,,MD A-suff,Base Triptote-Sound,كتابان,OK,GOOD,0,
170,300.12111,,MORPH,[NSuff.XXIN],NSuff.MDIN,|ni,|ni/NSUFF_MASC_DU_NOM,two_[masc.du.indef.nom.],MSA,form_gen:m form_num:d stt:i cas:n,#a>,,MD A-suff,#a>,مبدآن,OK,GOOD,1,
171,300.1212,,MORPH,[NSuff.XXIA],NSuff.MDIA,ayoni,ayoni/NSUFF_MASC_DU_ACC,two_[masc.du.indef.acc.],MSA,form_gen:m form_num:d stt:i cas:a,_,,MD y-suff,Base Triptote-Sound,كتابين,OK,GOOD,0,
172,300.1213,,MORPH,[NSuff.XXIG],NSuff.MDIG,ayoni,ayoni/NSUFF_MASC_DU_GEN,two_[masc.du.indef.gen.],MSA,form_gen:m form_num:d stt:i cas:g,_,,MD y-suff,Base Triptote-Sound,كتابين,OK,GOOD,0,
173,300.1214,,MORPH,[NSuff.XXIU],NSuff.MDIU,ayon,ayon/NSUFF_MASC_DU,two_[masc.du.],MSA,form_gen:m form_num:d stt:i cas:u,_,,MD UCase,Base UCase,كتابين,OK,GOOD,0,
174,300.1221,,MORPH,[NSuff.XXDN],NSuff.MDDN,Ani,Ani/NSUFF_MASC_DU_NOM,two_[masc.du.def.nom.],MSA,form_gen:m form_num:d stt:d cas:n,else,,MD A-suff,Base Triptote-Sound,كتابان,OK,GOOD,0,
175,300.12211,,MORPH,[NSuff.XXDN],NSuff.MDDN,|ni,|ni/NSUFF_MASC_DU_NOM,two_[masc.du.def.nom.],MSA,form_gen:m form_num:d stt:d cas:n,#a>,,MD A-suff,#a>,مبدآن,OK,GOOD,1,
176,300.1222,,MORPH,[NSuff.XXDA],NSuff.MDDA,ayoni,ayoni/NSUFF_MASC_DU_ACC,two_[masc.du.def.acc.],MSA,form_gen:m form_num:d stt:d cas:a,_,,MD y-suff,Base Triptote-Sound,كتابين,OK,GOOD,0,
177,300.1223,,MORPH,[NSuff.XXDG],NSuff.MDDG,ayoni,ayoni/NSUFF_MASC_DU_GEN,two_[masc.du.def.gen.],MSA,form_gen:m form_num:d stt:d cas:g,_,,MD y-suff,Base Triptote-Sound,كتابين,OK,GOOD,0,
178,300.1224,,MORPH,[NSuff.XXDU],NSuff.MDDU,ayon,ayon/NSUFF_MASC_DU,two_[masc.du.],MSA,form_gen:m form_num:d stt:d cas:u,_,,MD UCase,Base UCase,كتابين,OK,GOOD,0,
179,300.1231,,MORPH,[NSuff.XXCN],NSuff.MDCN,A,A/NSUFF_MASC_DU_NOM_POSS,two_[masc.du.const.nom.],MSA,form_gen:m form_num:d stt:c cas:n,_,,MD #^A,Base Triptote-Sound,كتابا، كتاباه، كتابايَ,OK,GOOD,0,
180,300.12311,,MORPH,[NSuff.XXCN],NSuff.MDCN,|,|/NSUFF_MASC_DU_NOM_POSS,two_[masc.du.const.nom.],MSA,form_gen:m form_num:d stt:c cas:n,#a> ,,MD A-suff #^A,#a>,مبدآ، مبدآي,OK,GOOD,1,
181,300.1232,,MORPH,[NSuff.XXCA],NSuff.MDCA,ayo,ayo/NSUFF_MASC_DU_ACC_POSS,two_[masc.du.const.acc.],MSA,form_gen:m form_num:d stt:c cas:a,!POSS_PRON-iy,,MD #^ay,Base Triptote-Sound,كتابي، كتابيهِ,OK,GOOD,0,
182,300.1232,,MORPH,[NSuff.XXCA],NSuff.MDCA,ay,ayo/NSUFF_MASC_DU_ACC_POSS,two_[masc.du.const.acc.],MSA,form_gen:m form_num:d stt:c cas:a,POSS_PRON-iy,,MD #^ay,Base Triptote-Sound,كتابَيَّ,OK,GOOD,0,
183,300.1233,,MORPH,[NSuff.XXCG],NSuff.MDCG,ayo,ayo/NSUFF_MASC_DU_GEN_POSS,two_[masc.du.const.gen.],MSA,form_gen:m form_num:d stt:c cas:g,!POSS_PRON-iy,,MD #^ay,Base Triptote-Sound,كتابي، كتابيهِ,OK,GOOD,0,
184,300.1233,,MORPH,[NSuff.XXCG],NSuff.MDCG,ay,ayo/NSUFF_MASC_DU_GEN_POSS,two_[masc.du.const.gen.],MSA,form_gen:m form_num:d stt:c cas:g,POSS_PRON-iy,,MD #^ay,Base Triptote-Sound,كتابَيَّ,OK,GOOD,0,
185,300.1234,,MORPH,[NSuff.XXCU],NSuff.MDCU,ayon,ayon/NSUFF_MASC_DU,two_[masc.du.],MSA,form_gen:m form_num:d stt:c cas:u,_,,MD UCase,Base UCase,كتابين,OK,GOOD,0,
186,300.1311,,MORPH,[NSuff.XXIN],NSuff.MPIN,uwna,uwna/NSUFF_MASC_PL_NOM,[masc.pl.indef.nom],MSA,form_gen:m form_num:p stt:i cas:n,else,,MP w-suff,Base Triptote-Sound,موظفون,OK,GOOD,0,
187,300.13111,,MORPH,[NSuff.XXIN],NSuff.MPIN,awona,awona/NSUFF_MASC_PL_NOM,[masc.pl.indef.nom],MSA,form_gen:m form_num:p stt:i cas:n,#aY-Ap-y||#aA-Ap-w,,MP,#aY-Ap-y,مصطفَون,OK,GOOD,1,
188,300.1312,,MORPH,[NSuff.XXIA],NSuff.MPIA,iyna,iyna/NSUFF_MASC_PL_ACC,[masc.pl.indef.acc.],MSA,form_gen:m form_num:p stt:i cas:a,else,,MP y-suff,Base Triptote-Sound,موظفين,OK,GOOD,0,
189,300.13121,,MORPH,[NSuff.XXIA],NSuff.MPIA,ayona,ayona/NSUFF_MASC_PL_ACC,[masc.pl.indef.acc.],MSA,form_gen:m form_num:p stt:i cas:a,#aY-Ap-y||#aA-Ap-w,,MP,#aY-Ap-y,مصطفَين,OK,GOOD,1,
190,300.1313,,MORPH,[NSuff.XXIG],NSuff.MPIG,iyna,iyna/NSUFF_MASC_PL_GEN,[masc.pl.indef.gen.],MSA,form_gen:m form_num:p stt:i cas:g,else,,MP y-suff,Base Triptote-Sound,موظفين,OK,GOOD,0,
191,300.13131,,MORPH,[NSuff.XXIG],NSuff.MPIG,ayona,ayona/NSUFF_MASC_PL_GEN,[masc.pl.indef.gen.],MSA,form_gen:m form_num:p stt:i cas:g,#aY-Ap-y||#aA-Ap-w,,MP,#aY-Ap-y,مصطفَين,OK,GOOD,1,
192,300.1314,,MORPH,[NSuff.XXIU],NSuff.MPIU,iyn,iyn/NSUFF_MASC_PL,[masc.pl.],MSA,form_gen:m form_num:p stt:i cas:u,else,,MP y-suff UCase,Base UCase,موظفين,OK,GOOD,0,
193,300.1321,,MORPH,[NSuff.XXDN],NSuff.MPDN,uwna,uwna/NSUFF_MASC_PL_NOM,[masc.pl.def.nom.],MSA,form_gen:m form_num:p stt:d cas:n,else,,MP w-suff,Base Triptote-Sound,موظفون,OK,GOOD,0,
194,300.13211,,MORPH,[NSuff.XXDN],NSuff.MPDN,awona,awona/NSUFF_MASC_PL_NOM,[masc.pl.def.nom.],MSA,form_gen:m form_num:p stt:d cas:n,#aY-Ap-y||#aA-Ap-w,,MP,#aY-Ap-y,مصطفَون,OK,GOOD,1,
195,300.1322,,MORPH,[NSuff.XXDA],NSuff.MPDA,iyna,iyna/NSUFF_MASC_PL_ACC,[masc.pl.def.acc.],MSA,form_gen:m form_num:p stt:d cas:a,else,,MP y-suff,Base Triptote-Sound,موظفين,OK,GOOD,0,
196,300.13221,,MORPH,[NSuff.XXDA],NSuff.MPDA,ayona,ayona/NSUFF_MASC_PL_ACC,[masc.pl.def.acc.],MSA,form_gen:m form_num:p stt:d cas:a,#aY-Ap-y||#aA-Ap-w,,MP,#aY-Ap-y,مصطفَين,OK,GOOD,1,
197,300.1323,,MORPH,[NSuff.XXDG],NSuff.MPDG,iyna,iyna/NSUFF_MASC_PL_GEN,[masc.pl.def.gen.],MSA,form_gen:m form_num:p stt:d cas:g,else,,MP y-suff,Base Triptote-Sound,موظفين,OK,GOOD,0,
198,300.13231,,MORPH,[NSuff.XXDG],NSuff.MPDG,ayona,ayona/NSUFF_MASC_PL_GEN,[masc.pl.def.gen.],MSA,form_gen:m form_num:p stt:d cas:g,#aY-Ap-y||#aA-Ap-w,,MP,#aY-Ap-y,مصطفَين,OK,GOOD,1,
199,300.1324,,MORPH,[NSuff.XXDU],NSuff.MPDU,iyn,iyn/NSUFF_MASC_PL,[masc.pl.],MSA,form_gen:m form_num:p stt:d cas:u,else,,MP y-suff UCase,Base UCase,موظفين,OK,GOOD,0,
200,300.1331,,MORPH,[NSuff.XXCN],NSuff.MPCN,uw,uw/NSUFF_MASC_PL_NOM_POSS,[masc.pl.const.nom.],MSA,form_gen:m form_num:p stt:c cas:n,!POSS_PRON-iy,,MP w-suff,Base Triptote-Sound,موظفو، موظفوهُ,OK,GOOD,0,
201,300.1331,,MORPH,[NSuff.XXCN],NSuff.MPCN,iy,iy/NSUFF_MASC_PL_NOM_POSS,[masc.pl.const.nom.],MSA,form_gen:m form_num:p stt:c cas:n,POSS_PRON-iy,,MP y-suff #^iy,Base Triptote-Sound,موظفيَّ,OK,GOOD,0,
202,300.13311,,MORPH,[NSuff.XXCN],NSuff.MPCN,aw,aw/NSUFF_MASC_PL_NOM_POSS,[masc.pl.const.nom.],MSA,form_gen:m form_num:p stt:c cas:n,#aY-Ap-y||#aA-Ap-w !POSS_PRON-iy,,MP,#aY-Ap-y,مصطفَو,OK,GOOD,1,
203,300.13311,,MORPH,[NSuff.XXCN],NSuff.MPCN,ay,ay/NSUFF_MASC_PL_NOM_POSS,[masc.pl.const.nom.],MSA,form_gen:m form_num:p stt:c cas:n,#aY-Ap-y||#aA-Ap-w POSS_PRON-iy,,MP #^ay,#aY-Ap-y,مصطفَي,OK,GOOD,1,
204,300.1332,,MORPH,[NSuff.XXCA],NSuff.MPCA,iy,iy/NSUFF_MASC_PL_ACC_POSS,[masc.pl.const.acc.],MSA,form_gen:m form_num:p stt:c cas:a,else,,MP y-suff #^iy,Base Triptote-Sound,موظفي، موظفيَّ، موظفيهِ,OK,GOOD,0,
205,300.13321,,MORPH,[NSuff.XXCA],NSuff.MPCA,ay,ay/NSUFF_MASC_PL_ACC_POSS,[masc.pl.const.acc.],MSA,form_gen:m form_num:p stt:c cas:a,#aY-Ap-y||#aA-Ap-w,,MP #^ay,#aY-Ap-y,مصطفَي,OK,GOOD,1,
206,300.1333,,MORPH,[NSuff.XXCG],NSuff.MPCG,iy,iy/NSUFF_MASC_PL_GEN_POSS,[masc.pl.const.gen.],MSA,form_gen:m form_num:p stt:c cas:g,else,,MP y-suff #^iy,Base Triptote-Sound,موظفي، موظفيَّ، موظفيهِ,OK,GOOD,0,
207,300.13331,,MORPH,[NSuff.XXCG],NSuff.MPCG,ay,ay/NSUFF_MASC_PL_GEN_POSS,[masc.pl.const.gen.],MSA,form_gen:m form_num:p stt:c cas:g,#aY-Ap-y||#aA-Ap-w,,MP #^ay,#aY-Ap-y,مصطفَي,OK,GOOD,1,
208,300.1334,,MORPH,[NSuff.XXCU],NSuff.MPCU,iyn,iyn/NSUFF_MASC_PL,[masc.pl.],MSA,form_gen:m form_num:p stt:c cas:u,else,,MP y-suff UCase,Base UCase,موظفين,OK,GOOD,0,
209,300.2111,,MORPH,[NSuff.XXIN],NSuff.FSIN,ap+N,ap/NSUFF_FEM_SG+N/CASE_INDEF_NOM,[fem.sg.]_+_[indef.nom.],MSA,form_gen:f form_num:s stt:i cas:n,else,,FS,Base Triptote-Sound,كتابةٌ,OK,GOOD,0,
210,300.21111,,MORPH,[NSuff.XXIN],NSuff.FSIN,ap+u,ap/NSUFF_FEM_SG+u/CASE_INDEF_NOM,[fem.sg.]_+_[indef.nom.],MSA,form_gen:f form_num:s stt:i cas:n,#dip,,FS,Diptote-Sound,عنترةُ,OK,GOOD,1,
211,300.2112,,MORPH,[NSuff.XXIA],NSuff.FSIA,ap+F,ap/NSUFF_FEM_SG+F/CASE_INDEF_ACC,[fem.sg.]_+_[indef.acc.],MSA,form_gen:f form_num:s stt:i cas:a,else,,FS,Base Triptote-Sound,كتابةً,OK,GOOD,0,
212,300.21121,,MORPH,[NSuff.XXIA],NSuff.FSIA,ap+a,ap/NSUFF_FEM_SG+a/CASE_INDEF_ACC,[fem.sg.]_+_[indef.acc.],MSA,form_gen:f form_num:s stt:i cas:a,#dip,,FS,Diptote-Sound,عنترةَ,OK,GOOD,1,
213,300.2113,,MORPH,[NSuff.XXIG],NSuff.FSIG,ap+K,ap/NSUFF_FEM_SG+K/CASE_INDEF_GEN,[fem.sg.]_+_[indef.gen.],MSA,form_gen:f form_num:s stt:i cas:g,else,,FS,Base Triptote-Sound,كتابةٍ,OK,GOOD,0,
214,300.21131,,MORPH,[NSuff.XXIG],NSuff.FSIG,ap+a,ap/NSUFF_FEM_SG+a/CASE_INDEF_GEN,[fem.sg.]_+_[indef.gen.],MSA,form_gen:f form_num:s stt:i cas:g,#dip,,FS,Diptote-Sound,عنترةَ,OK,GOOD,1,
215,300.21131,,MORPH,[NSuff.XXIG],NSuff.FSIG,ap+K,ap/NSUFF_FEM_SG+K/CASE_INDEF_GEN,[fem.sg.]_+_[indef.gen.],MSA,form_gen:f form_num:s stt:i,X100,,FS100,Compound Hundreds,خمسمئة,OK,GOOD,1,
216,300.2114,,MORPH,[NSuff.XXIU],NSuff.FSIU,ap,ap/NSUFF_FEM_SG,[fem.sg.],MSA,form_gen:f form_num:s stt:i cas:u,,,FS UCase,Base UCase,كتابة,OK,GOOD,0,
217,300.2121,,MORPH,[NSuff.XXDN],NSuff.FSDN,ap+u,ap/NSUFF_FEM_SG+u/CASE_DEF_NOM,[fem.sg.]_+_[def.nom.],MSA,form_gen:f form_num:s stt:d cas:n,_,,FS,Base Triptote-Sound,كتابةُ,OK,GOOD,0,
218,300.2122,,MORPH,[NSuff.XXDA],NSuff.FSDA,ap+a,ap/NSUFF_FEM_SG+a/CASE_DEF_ACC,[fem.sg.]_+_[def.acc.],MSA,form_gen:f form_num:s stt:d cas:a,_,,FS,Base Triptote-Sound,كتابةَ,OK,GOOD,0,
219,300.2123,,MORPH,[NSuff.XXDG],NSuff.FSDG,ap+i,ap/NSUFF_FEM_SG+i/CASE_DEF_GEN,[fem.sg.]_+_[def.gen.],MSA,form_gen:f form_num:s stt:d cas:g,_,,FS,Base Triptote-Sound,كتابةِ,OK,GOOD,0,
220,300.21231,,MORPH,[NSuff.XXDG],NSuff.FSDG,ap+i,ap/NSUFF_FEM_SG+i/CASE_DEF_GEN,[fem.sg.]_+_[def.gen.],MSA,form_gen:f form_num:s stt:d,X100,,FS100,Compound Hundreds,خمسمئة,OK,GOOD,1,
221,300.2124,,MORPH,[NSuff.XXDU],NSuff.FSDU,ap,ap/NSUFF_FEM_SG,[fem.sg.],MSA,form_gen:f form_num:s stt:d cas:u,_,,FS UCase,Base UCase,الكتابة,OK,GOOD,0,
222,300.2131,,MORPH,[NSuff.XXCN],NSuff.FSCN,ap+u,ap/NSUFF_FEM_SG+u/CASE_DEF_NOM,[fem.sg.]_+_[const.nom.],MSA,form_gen:f form_num:s stt:c cas:n,else,,FS,Base Triptote-Sound,كتابةُ,OK,GOOD,0,
223,300.2131,,MORPH,[NSuff.XXCN],NSuff.FSCN,at+u,ap/NSUFF_FEM_SG+u/CASE_DEF_NOM,[fem.sg.]_+_[const.nom.],MSA,form_gen:f form_num:s stt:c cas:n,POSS_PRON,,FS,Base Triptote-Sound,كتابتُهُ,OK,GOOD,0,
224,300.2131,,MORPH,[NSuff.XXCN],NSuff.FSCN,at,ap/NSUFF_FEM_SG,[fem.sg.]_+_[const.nom.],MSA,form_gen:f form_num:s stt:c cas:n,POSS_PRON-iy,,FS,Base Triptote-Sound,كتابتِي,OK,GOOD,0,
225,300.2132,,MORPH,[NSuff.XXCA],NSuff.FSCA,ap+a,ap/NSUFF_FEM_SG+a/CASE_DEF_ACC,[fem.sg.]_+_[const.acc.],MSA,form_gen:f form_num:s stt:c cas:a,else,,FS,Base Triptote-Sound,كتابةَ,OK,GOOD,0,
226,300.2132,,MORPH,[NSuff.XXCA],NSuff.FSCA,at+a,ap/NSUFF_FEM_SG+a/CASE_DEF_ACC,[fem.sg.]_+_[const.acc.],MSA,form_gen:f form_num:s stt:c cas:a,POSS_PRON,,FS,Base Triptote-Sound,كتابتَهُ,OK,GOOD,0,
227,300.2132,,MORPH,[NSuff.XXCA],NSuff.FSCA,at,ap/NSUFF_FEM_SG,[fem.sg.]_+_[const.acc.],MSA,form_gen:f form_num:s stt:c cas:a,POSS_PRON-iy,,FS,Base Triptote-Sound,كتابتِي,OK,GOOD,0,
228,300.2133,,MORPH,[NSuff.XXCG],NSuff.FSCG,ap+i,ap/NSUFF_FEM_SG+i/CASE_DEF_GEN,[fem.sg.]_+_[const.gen.],MSA,form_gen:f form_num:s stt:c cas:g,else,,FS,Base Triptote-Sound,كتابةِ,OK,GOOD,0,
229,300.2133,,MORPH,[NSuff.XXCG],NSuff.FSCG,at+i,ap/NSUFF_FEM_SG+i/CASE_DEF_GEN,[fem.sg.]_+_[const.gen.],MSA,form_gen:f form_num:s stt:c cas:g,POSS_PRON,,FS #^i,Base Triptote-Sound,كتابتِهِ,OK,GOOD,0,
230,300.2133,,MORPH,[NSuff.XXCG],NSuff.FSCG,at,ap/NSUFF_FEM_SG,[fem.sg.]_+_[const.gen.],MSA,form_gen:f form_num:s stt:c cas:g,POSS_PRON-iy,,FS,Base Triptote-Sound,كتابتِي,OK,GOOD,0,
231,300.21331,,MORPH,[NSuff.XXCG],NSuff.FSCG,ap+i,ap/NSUFF_FEM_SG+i/CASE_DEF_GEN,[fem.sg.]_+_[const.gen.],MSA,form_gen:f form_num:s stt:c,X100,,FS100,Compound Hundreds,خمسمئة,OK,GOOD,1,
232,300.2134,,MORPH,[NSuff.XXCU],NSuff.FSCU,ap,ap/NSUFF_FEM_SG,[fem.sg.],MSA,form_gen:f form_num:s stt:c cas:u,else,,FS UCase,Base UCase,كتابة,OK,GOOD,0,
233,300.2134,,MORPH,[NSuff.XXCU],NSuff.FSCU,at,ap/NSUFF_FEM_SG,[fem.sg.],MSA,form_gen:f form_num:s stt:c cas:u,POSS_PRON||POSS_PRON-iy,,FS UCase,Base UCase,كتابته,OK,GOOD,1,
234,300.2211,,MORPH,[NSuff.XXIN],NSuff.FDIN,atAni,atAni/NSUFF_FEM_DU_NOM,two_[fem.du.indef.nom.],MSA,form_gen:f form_num:d stt:i cas:n,_,,FD,Base Triptote-Sound,,OK,GOOD,0,
235,300.2212,,MORPH,[NSuff.XXIA],NSuff.FDIA,atayoni,atayoni/NSUFF_FEM_DU_ACC,two_[fem.du.indef.acc.],MSA,form_gen:f form_num:d stt:i cas:a,_,,FD,Base Triptote-Sound,,OK,GOOD,0,
236,300.2213,,MORPH,[NSuff.XXIG],NSuff.FDIG,atayoni,atayoni/NSUFF_FEM_DU_GEN,two_[fem.du.indef.gen.],MSA,form_gen:f form_num:d stt:i cas:g,_,,FD,Base Triptote-Sound,,OK,GOOD,0,
237,300.2214,,MORPH,[NSuff.XXIU],NSuff.FDIU,atayon,atayon/NSUFF_FEM_DU,two_[fem.du.],MSA,form_gen:f form_num:d stt:i cas:u,_,,FD UCase,Base UCase,كتابتين,OK,GOOD,0,
238,300.2221,,MORPH,[NSuff.XXDN],NSuff.FDDN,atAni,atAni/NSUFF_FEM_DU_NOM,two_[fem.du.def.nom.],MSA,form_gen:f form_num:d stt:d cas:n,_,,FD,Base Triptote-Sound,,OK,GOOD,0,
239,300.2222,,MORPH,[NSuff.XXDA],NSuff.FDDA,atayoni,atayoni/NSUFF_FEM_DU_ACC,two_[fem.du.def.acc.],MSA,form_gen:f form_num:d stt:d cas:a,_,,FD,Base Triptote-Sound,,OK,GOOD,0,
240,300.2223,,MORPH,[NSuff.XXDG],NSuff.FDDG,atayoni,atayoni/NSUFF_FEM_DU_GEN,two_[fem.du.def.gen.],MSA,form_gen:f form_num:d stt:d cas:g,_,,FD,Base Triptote-Sound,,OK,GOOD,0,
241,300.2224,,MORPH,[NSuff.XXDU],NSuff.FDDU,atayon,atayon/NSUFF_FEM_DU,two_[fem.du.],MSA,form_gen:f form_num:d stt:d cas:u,_,,FD UCase,Base UCase,كتابتين,OK,GOOD,0,
242,300.2231,,MORPH,[NSuff.XXCN],NSuff.FDCN,atA,atA/NSUFF_FEM_DU_NOM_POSS,two_[fem.du.const.nom.],MSA,form_gen:f form_num:d stt:c cas:n,_,,FD #^A,Base Triptote-Sound,,OK,GOOD,0,
243,300.2232,,MORPH,[NSuff.XXCA],NSuff.FDCA,atayo,atayo/NSUFF_FEM_DU_ACC_POSS,two_[fem.du.const.acc.],MSA,form_gen:f form_num:d stt:c cas:a,!POSS_PRON-iy,,FD #^ay,Base Triptote-Sound,,OK,GOOD,0,
244,300.2232,,MORPH,[NSuff.XXCA],NSuff.FDCA,atay,atayo/NSUFF_FEM_DU_ACC_POSS,two_[fem.du.const.acc.],MSA,form_gen:f form_num:d stt:c cas:a,POSS_PRON-iy,,FD #^ay,Base Triptote-Sound,,OK,GOOD,0,
245,300.2233,,MORPH,[NSuff.XXCG],NSuff.FDCG,atayo,atayo/NSUFF_FEM_DU_GEN_POSS,two_[fem.du.const.gen.],MSA,form_gen:f form_num:d stt:c cas:g,!POSS_PRON-iy,,FD #^ay,Base Triptote-Sound,,OK,GOOD,0,
246,300.2233,,MORPH,[NSuff.XXCG],NSuff.FDCG,atay,atayo/NSUFF_FEM_DU_GEN_POSS,two_[fem.du.const.gen.],MSA,form_gen:f form_num:d stt:c cas:g,POSS_PRON-iy,,FD #^ay,Base Triptote-Sound,,OK,GOOD,0,
247,300.2234,,MORPH,[NSuff.XXCU],NSuff.FDCU,atayon,atayon/NSUFF_FEM_DU,two_[fem.du.],MSA,form_gen:f form_num:d stt:c cas:u,_,,FD UCase,Base UCase,كتابتين,OK,GOOD,0,
248,300.2311,,MORPH,[NSuff.XXIN],NSuff.FPIN,At+N,At/NSUFF_FEM_PL+N/CASE_INDEF_NOM,[fem.pl.]_+_[indef.nom.],MSA,form_gen:f form_num:p stt:i cas:n,else,,FP,Base Triptote-Sound,,OK,GOOD,0,
249,300.23111,,MORPH,[NSuff.XXIN],NSuff.FPIN,|t+N,|t/NSUFF_FEM_PL+N/CASE_INDEF_NOM,[fem.pl.]_+_[indef.nom.],MSA,form_gen:f form_num:p stt:i cas:n,#a>,,FP A-suff,#a>,مكافآت,OK,GOOD,1,
250,300.2312,,MORPH,[NSuff.XXIA],NSuff.FPIA,At+K,At/NSUFF_FEM_PL+K/CASE_INDEF_ACC,[fem.pl.]_+_[indef.acc.],MSA,form_gen:f form_num:p stt:i cas:a,else,,FP,Base Triptote-Sound,,OK,GOOD,0,
251,300.23121,,MORPH,[NSuff.XXIA],NSuff.FPIA,|t+K,|t/NSUFF_FEM_PL+K/CASE_INDEF_ACC,[fem.pl.]_+_[indef.acc.],MSA,form_gen:f form_num:p stt:i cas:a,#a>,,FP A-suff,#a>,مكافآت,OK,GOOD,1,
252,300.2313,,MORPH,[NSuff.XXIG],NSuff.FPIG,At+K,At/NSUFF_FEM_PL+K/CASE_INDEF_GEN,[fem.pl.]_+_[indef.gen.],MSA,form_gen:f form_num:p stt:i cas:g,else,,FP,Base Triptote-Sound,,OK,GOOD,0,
253,300.23131,,MORPH,[NSuff.XXIG],NSuff.FPIG,|t+K,|t/NSUFF_FEM_PL+K/CASE_INDEF_GEN,[fem.pl.]_+_[indef.gen.],MSA,form_gen:f form_num:p stt:i cas:g,#a>,,FP A-suff,#a>,مكافآت,OK,GOOD,1,
254,300.2314,,MORPH,[NSuff.XXIU],NSuff.FPIU,At,At/NSUFF_FEM_PL,[fem.pl.],MSA,form_gen:f form_num:p stt:i cas:u,else,,FP UCase,Base UCase,موظفات,OK,GOOD,0,
255,300.23141,,MORPH,[NSuff.XXIU],NSuff.FPIU,|t,|t/NSUFF_FEM_PL,[fem.pl.],MSA,form_gen:f form_num:p stt:i cas:u,#a>,,FP A-suff UCase,#a> UCase ,مكافآت,OK,GOOD,1,
256,300.2321,,MORPH,[NSuff.XXDN],NSuff.FPDN,At+u,At/NSUFF_FEM_PL+u/CASE_DEF_NOM,[fem.pl.]_+_[def.nom.],MSA,form_gen:f form_num:p stt:d cas:n,else,,FP,Base Triptote-Sound,,OK,GOOD,0,
257,300.23211,,MORPH,[NSuff.XXDN],NSuff.FPDN,|t+u,|t/NSUFF_FEM_PL+u/CASE_DEF_NOM,[fem.pl.]_+_[def.nom.],MSA,form_gen:f form_num:p stt:d cas:n,#a>,,FP A-suff,#a>,المكافآت,OK,GOOD,1,
258,300.2322,,MORPH,[NSuff.XXDA],NSuff.FPDA,At+i,At/NSUFF_FEM_PL+i/CASE_DEF_ACC,[fem.pl.]_+_[def.acc.],MSA,form_gen:f form_num:p stt:d cas:a,else,,FP,Base Triptote-Sound,,OK,GOOD,0,
259,300.23221,,MORPH,[NSuff.XXDA],NSuff.FPDA,|t+i,|t/NSUFF_FEM_PL+i/CASE_DEF_ACC,[fem.pl.]_+_[def.acc.],MSA,form_gen:f form_num:p stt:d cas:a,#a>,,FP A-suff,#a>,المكافآت,OK,GOOD,1,
260,300.2323,,MORPH,[NSuff.XXDG],NSuff.FPDG,At+i,At/NSUFF_FEM_PL+i/CASE_DEF_GEN,[fem.pl.]_+_[def.gen.],MSA,form_gen:f form_num:p stt:d cas:g,else,,FP,Base Triptote-Sound,,OK,GOOD,0,
261,300.23231,,MORPH,[NSuff.XXDG],NSuff.FPDG,|t+i,|t/NSUFF_FEM_PL+i/CASE_DEF_GEN,[fem.pl.]_+_[def.gen.],MSA,form_gen:f form_num:p stt:d cas:g,#a>,,FP A-suff,#a>,المكافآت,OK,GOOD,1,
262,300.2324,,MORPH,[NSuff.XXDU],NSuff.FPDU,At,At/NSUFF_FEM_PL,[fem.pl.],MSA,form_gen:f form_num:p stt:d cas:u,else,,FP UCase,Base UCase,موظفات,OK,GOOD,0,
263,300.23241,,MORPH,[NSuff.XXDU],NSuff.FPDU,|t,|t/NSUFF_FEM_PL,[fem.pl.],MSA,form_gen:f form_num:p stt:d cas:u,#a>,,FP A-suff UCase,#a> UCase ,مكافآت,OK,GOOD,1,
264,300.2331,,MORPH,[NSuff.XXCN],NSuff.FPCN,At+u,At/NSUFF_FEM_PL+u/CASE_DEF_NOM,[fem.pl.]_+_[const.nom.],MSA,form_gen:f form_num:p stt:c cas:n,!POSS_PRON-iy,,FP,Base Triptote-Sound,,OK,GOOD,0,
265,300.2331,,MORPH,[NSuff.XXCN],NSuff.FPCN,At,At/NSUFF_FEM_PL+(null)/CASE_DEF_NOM,[fem.pl.]_+_[const.nom.],MSA,form_gen:f form_num:p stt:c cas:n,POSS_PRON-iy,,FP,Base Triptote-Sound,,OK,GOOD,0,
266,300.23311,,MORPH,[NSuff.XXCN],NSuff.FPCN,|t+u,|t/NSUFF_FEM_PL+u/CASE_DEF_NOM,[fem.pl.]_+_[const.nom.],MSA,form_gen:f form_num:p stt:c cas:n,#a> !POSS_PRON-iy,,FP A-suff,#a>,مكافآت,OK,GOOD,1,
267,300.23311,,MORPH,[NSuff.XXCN],NSuff.FPCN,|t,|t/NSUFF_FEM_PL+(null)/CASE_DEF_NOM,[fem.pl.]_+_[const.nom.],MSA,form_gen:f form_num:p stt:c cas:n,#a> POSS_PRON-iy,,FP A-suff,#a>,مكافآتي,OK,GOOD,1,
268,300.2332,,MORPH,[NSuff.XXCA],NSuff.FPCA,At+i,At/NSUFF_FEM_PL+i/CASE_DEF_ACC,[fem.pl.]_+_[const.acc.],MSA,form_gen:f form_num:p stt:c cas:a,!POSS_PRON-iy,,FP #^i,Base Triptote-Sound,,OK,GOOD,0,
269,300.2332,,MORPH,[NSuff.XXCA],NSuff.FPCA,At,At/NSUFF_FEM_PL+(null)/CASE_DEF_ACC,[fem.pl.]_+_[const.acc.],MSA,form_gen:f form_num:p stt:c cas:a,POSS_PRON-iy,,FP,Base Triptote-Sound,,OK,GOOD,0,
270,300.23321,,MORPH,[NSuff.XXCA],NSuff.FPCA,|t+i,|t/NSUFF_FEM_PL+i/CASE_DEF_ACC,[fem.pl.]_+_[const.acc.],MSA,form_gen:f form_num:p stt:c cas:a,#a> !POSS_PRON-iy,,FP A-suff #^i,#a>,مكافآت,OK,GOOD,1,
271,300.23321,,MORPH,[NSuff.XXCA],NSuff.FPCA,|t,|t/NSUFF_FEM_PL+(null)/CASE_DEF_ACC,[fem.pl.]_+_[const.acc.],MSA,form_gen:f form_num:p stt:c cas:a,#a> POSS_PRON-iy,,FP A-suff,#a>,مكافآتي,OK,GOOD,1,
272,300.2333,,MORPH,[NSuff.XXCG],NSuff.FPCG,At+i,At/NSUFF_FEM_PL+i/CASE_DEF_GEN,[fem.pl.]_+_[const.gen.],MSA,form_gen:f form_num:p stt:c cas:g,!POSS_PRON-iy,,FP #^i,Base Triptote-Sound,,OK,GOOD,0,
273,300.2333,,MORPH,[NSuff.XXCG],NSuff.FPCG,At,At/NSUFF_FEM_PL+(null)/CASE_DEF_GEN,[fem.pl.]_+_[const.gen.],MSA,form_gen:f form_num:p stt:c cas:g,POSS_PRON-iy,,FP,Base Triptote-Sound,,OK,GOOD,0,
274,300.23331,,MORPH,[NSuff.XXCG],NSuff.FPCG,|t+i,|t/NSUFF_FEM_PL+i/CASE_DEF_GEN,[fem.pl.]_+_[const.gen.],MSA,form_gen:f form_num:p stt:c cas:g,#a> !POSS_PRON-iy,,FP A-suff #^i,#a>,مكافآت,OK,GOOD,1,
275,300.23331,,MORPH,[NSuff.XXCG],NSuff.FPCG,|t,|t/NSUFF_FEM_PL+(null)/CASE_DEF_GEN,[fem.pl.]_+_[const.gen.],MSA,form_gen:f form_num:p stt:c cas:g,#a> POSS_PRON-iy,,FP A-suff,#a>,مكافآتي,OK,GOOD,1,
276,300.2334,,MORPH,[NSuff.XXCU],NSuff.FPCU,At,At/NSUFF_FEM_PL,[fem.pl.],MSA,form_gen:f form_num:p stt:c cas:u,else,,FP UCase,Base UCase,موظفات,OK,GOOD,0,
277,300.23341,,MORPH,[NSuff.XXCU],NSuff.FPCU,|t,|t/NSUFF_FEM_PL,[fem.pl.],MSA,form_gen:f form_num:p stt:c cas:u,#a>,,FP A-suff UCase,#a> UCase ,مكافآت,OK,GOOD,1,
278,,,,,,,,,,,,,,,,,,,
279,1000,,MORPH,[PRON],_,_,_,_,MSA,enc0:0,_,,,Clitics,,OK,GOOD,,
280,1001,,,,,,,,,,,,,,,,,,
281,1002,RED,MORPH,[PRON],hA/PRON.3FS,hA,hA/POSS_PRON_3FS,its/their/her,MSA,enc0:3fs_poss,_,,POSS_PRON enc0,Clitics,,OK,GOOD,,
282,1003,,,,,,,,,,,,,,,,,,
283,1004,,MORPH,[PRON],hu/PRON.3MS,hu,hu/POSS_PRON_3MS,its/his,MSA,enc0:3ms_poss,!#^i !#^ay !#^iy,,POSS_PRON enc0,Clitics,كتابُهُ,OK,GOOD,,
284,1005,RED,MORPH,[PRON],hum/PRON.3MP,hum,hum/POSS_PRON_3MP,their,MSA,enc0:3mp_poss,!#^i !#^ay !#^iy,,POSS_PRON enc0,Clitics,كتابُهُم,OK,GOOD,,
285,1006,RED,MORPH,[PRON],humA/PRON.3D,humA,humA/POSS_PRON_3D,their,MSA,enc0:3d_poss,!#^i !#^ay !#^iy,,POSS_PRON enc0,Clitics,كتابُهُما,OK,GOOD,,
286,1007,RED,MORPH,[PRON],hun~a/PRON.3FP,hun~a,hun~a/POSS_PRON_3FP,their,MSA,enc0:3fp_poss,!#^i !#^ay !#^iy,,POSS_PRON enc0,Clitics,كتابُهُن,OK,GOOD,,
287,1008,,MORPH,[PRON],hu/PRON.3MS,hi,hu/POSS_PRON_3MS,its/his,MSA,enc0:3ms_poss,#^i||#^ay||#^iy,,POSS_PRON enc0,Clitics,كتابِهِ,OK,GOOD,,
288,1009,RED,MORPH,[PRON],hum/PRON.3MP,him,hum/POSS_PRON_3MP,their,MSA,enc0:3mp_poss,#^i||#^ay||#^iy,,POSS_PRON enc0,Clitics,كتابِهِم,OK,GOOD,,
289,1010,RED,MORPH,[PRON],humA/PRON.3D,himA,humA/POSS_PRON_3D,their,MSA,enc0:3d_poss,#^i||#^ay||#^iy,,POSS_PRON enc0,Clitics,كتابِهِما,OK,GOOD,,
290,1011,RED,MORPH,[PRON],hun~a/PRON.3FP,hin~a,hun~a/POSS_PRON_3FP,their,MSA,enc0:3fp_poss,#^i||#^ay||#^iy,,POSS_PRON enc0,Clitics,كتابِهِن,OK,GOOD,,
291,1012,,,,,,,,,,,,,,,,,,
292,1013,RED,MORPH,[PRON],ka/PRON.2MS,ka,ka/POSS_PRON_2MS,your_[masc.sg.],MSA,enc0:2ms_poss,_,,POSS_PRON enc0,Clitics,,OK,GOOD,,
293,1014,RED,MORPH,[PRON],ki/PRON.2FS,ki,ki/POSS_PRON_2FS,your_[fem.sg.],MSA,enc0:2fs_poss,_,,POSS_PRON enc0,Clitics,,OK,GOOD,,
294,1015,RED,MORPH,[PRON],kum/PRON.2MP,kum,kum/POSS_PRON_2MP,your_[masc.pl.],MSA,enc0:2mp_poss,_,,POSS_PRON enc0,Clitics,,OK,GOOD,,
295,1016,RED,MORPH,[PRON],kumA/PRON.2D,kumA,kumA/POSS_PRON_2D,your_[du.],MSA,enc0:2d_poss,_,,POSS_PRON enc0,Clitics,,OK,GOOD,,
296,1017,RED,MORPH,[PRON],kun~a/PRON.2FP,kun~a,kun~a/POSS_PRON_2FP,your_[fem.pl.],MSA,enc0:2fp_poss,_,,POSS_PRON enc0,Clitics,,OK,GOOD,,
297,1018,,,,,,,,,,,,,,,,,,
298,1019,,MORPH,[PRON],iy/PRON.1S,iy,iy/POSS_PRON_1S,my,MSA,enc0:1s_poss,!#^A !#^ay !#^iy,,POSS_PRON-iy enc0,Clitics,كتابِي,OK,GOOD,,
299,1020,,MORPH,[PRON],iy/PRON.1S,ya,iy/POSS_PRON_1S,my,MSA,enc0:1s_poss,#^A,,POSS_PRON-iy enc0,Clitics,كتابايَ,OK,GOOD,,
300,1021,,MORPH,[PRON],iy/PRON.1S,~a,iy/POSS_PRON_1S,my,MSA,enc0:1s_poss,#^ay||#^iy,,POSS_PRON-iy enc0,Clitics,كتابَيَّ,OK,GOOD,,
301,1022,,,,,,,,,,,,,,,,,,
302,1023,RED,MORPH,[PRON],nA/PRON.1P,nA,nA/POSS_PRON_1P,our,MSA,enc0:1p_poss,_,,POSS_PRON enc0,Clitics,,OK,GOOD,,
303,1024,,,,,,,,,,,,,,,,,,
304,1025,RED,MORPH,[PRON],mA/REL_PRON,mA,mA/REL_PRON,,MSA,enc0: mA_rel,,,MA enc0,Clitics,,OK,GOOD,,
305,1026,RED,MORPH,[PRON],mA/SUB_CONJ,mA,mA/SUB_CONJ,,MSA,enc0: mA_sub,,,MA enc0,Clitics,,OK,GOOD,,
