,PATTERN_ABS,PATTERN_DEF,ROOT,ROOT_SUB,DEFINE,CLASS,PATTERN,LEMMA,LEMMA_SUB,FORM,FORM_SUB,BW,BW_SUB,GLOSS,FEAT,COND-T,COND-F,COND-S,MATCH,COMMENTS,STATUS
0,>a12i3,|2i3,>.2.3,>.\1.\2,BACKOFF,[STEM-IV],|2i#3,lex:|2i3,lex:|\1i\2,|2i#3,|\1i#\2,|2i#3/IV,|\1i#\2/IV,na,pos:verb asp:i vox:a mod:i,,,trans,^A([^wyA}&])#([^wyA}&])$,4,
1,1a2a3,|3,>.w.3,>.w.\1,BACKOFF,[STEM-IV],>uw3,lex:|3,lex:|\1,>uw3,>uw\1,>uw3/IV,>uw\1/IV,na,pos:verb asp:i vox:a mod:i,,,trans,^Aw([^wyA}&])$,1,
2,>a12i3,|yi3,>.y.3,>.y.\1,BACKOFF,[STEM-IV],|yi#3,lex:|yi3,lex:|yi\1,|yi#3,|yi#\1,|yi#3/IV,|yi#\1/IV,na,pos:verb asp:i vox:a mod:i,,,trans,^Ay#([^wyA}&])$,1,
3,>a12a3,>a1A3,1.w.3,\1.w.\2,BACKOFF,[STEM-IV],1iy3,lex:>a1A3,lex:>a\1A\2,1iy3,\1iy\2,1iy3/IV,\1iy\2/IV,na,pos:verb asp:i vox:a mod:i,,,trans,^([^wyA}&])y([^wyA}&])$,17,
4,>a12a3,>a1A3,1.y.3,\1.y.\2,BACKOFF,[STEM-IV],1iy3,lex:>a1A3,lex:>a\1A\2,1iy3,\1iy\2,1iy3/IV,\1iy\2/IV,na,pos:verb asp:i vox:a mod:i,,,trans,^([^wyA}&])y([^wyA}&])$,9,
5,>a12a3,>a1o2a3,1.2.3,\1.\2.\3,BACKOFF,[STEM-IV],1o2i3,lex:>a1o2a3,lex:>a\1o\2a\3,1o2i3,\1o\2i\3,1o2i3/IV,\1o\2i\3/IV,na,pos:verb asp:i vox:a mod:i,,,trans,^([^wyA}&])([^wyA}&])([^wyA}&])$,100,
6,>a12a3,>a1o2aY,1.2.y,\1.\2.y,BACKOFF,[STEM-IV],1o2,lex:>a1o2aY,lex:>a\1o\2aY,1o2,\1o\2,1o2/IV,\1o\2/IV,na,pos:verb asp:i vox:a mod:i,,,#-iy trans,^([^wyA}&])([^wyA}&])$,20,
7,1a2~a3,>a2~a3,>.2.3,>.\1.\2,BACKOFF,[STEM-IV],>a2~a3,lex:>a2~a3,lex:>a\1~a\2,>a2~a3,>a\1~a\2,>a2~a3/IV,>a\1~a\2/IV,na,pos:verb asp:i vox:a mod:i,,,trans,^A([^wyA}&])([^wyA}&])$,7,
8,1a2~i3,>a2~i3,>.2.3,>.\1.\2,BACKOFF,[STEM-IV],>a2~i3,lex:>a2~i3,lex:>a\1~i\2,>a2~i3,>a\1~i\2,>a2~i3/IV,>a\1~i\2/IV,na,pos:verb asp:i vox:a mod:i,,,trans,^A([^wyA}&])([^wyA}&])$,19,
9,1a2a3,>a2aY,>.2.y,>.\1.y,BACKOFF,[STEM-IV],>2,lex:>a2aY,lex:>a\1aY,>2,>\1,>2/IV,>\1/IV,na,pos:verb asp:i vox:a mod:i,,,#-iy trans,^A([^wyA}&])$,2,
10,>a12a3,>a1a2~,1.2.3,\1.\2.\2,BACKOFF,[STEM-IV],1i2~,lex:>a1a2~,lex:>a\1a\2~,1i2~,\1i\2~,1i2~/IV,\1i\2~/IV,na,pos:verb asp:i vox:a mod:i,,,gem trans,^([^wyA}&])([^wyA}&])$,8,
11,1a2a3,>a2a3,>.2.3,>.\1.\2,BACKOFF,[STEM-IV],2u3,lex:>a2a3,lex:>a\1a\2,2u3,\1u\2,2u3/IV,\1u\2/IV,na,pos:verb asp:i vox:a mod:i,,,trans,^([^wyA}&])([^wyA}&])$,1,
12,>a12a3,>a1o2a>,1.2.>,\1.\2.>,BACKOFF,[STEM-IV],1o2,lex:>a1o2a>,lex:>a\1o\2a>,1o2,\1o\2,1o2/IV,\1o\2/IV,na,pos:verb asp:i vox:a mod:i,,,#-a> trans,^([^wyA}&])([^wyA}&])$,2,
13,>a12a3,>a1o2aY,1.2.y,\1.\2.y,BACKOFF,[STEM-IV],Aa12,lex:>a1o2aY,lex:>a\1o\2aY,Aa12,Aa\1\2,Aa12/IV,Aa\1\2/IV,na,pos:verb asp:i vox:a mod:i,,,#-iy trans,^A([^wyA}&])([^wyA}&])$,1,
14,1a2~a3,>a2~aY,>.2.y,>.\1.y,BACKOFF,[STEM-IV],>a2~,lex:>a2~aY,lex:>a\1~aY,>a2~,>a\1~,>a2~/IV,>a\1~/IV,na,pos:verb asp:i vox:a mod:i,,,#-iy trans,^A([^wyA}&])$,1,
15,1a2a3,>a2a3,>.2.3,>.\1.\2,BACKOFF,[STEM-IV],>2i3,lex:>a2a3,lex:>a\1a\2,>2i3,>\1i\2,>2i3/IV,>\1i\2/IV,na,pos:verb asp:i vox:a mod:i,,,trans,^A([^wyA}&])([^wyA}&])$,4,
16,1a2~a3,>a2~a>,>.2.>,>.\1.>,BACKOFF,[STEM-IV],>a2~,lex:>a2~a>,lex:>a\1~a>,>a2~,>a\1~,>a2~/IV,>a\1~/IV,na,pos:verb asp:i vox:a mod:i,,,#-a> trans,^A([^wyA}&])$,1,
17,>a12a3,>a1A',1.w.>,\1.w.>,BACKOFF,[STEM-IV],1,lex:>a1A',lex:>a\1A',1,\1,1/IV,\1/IV,na,pos:verb asp:i vox:a mod:i,,,#-iy' trans,^([^wyA}&])$,2,
18,1a2~a3,>a2~a3,>.2.3,>.\1.\2,BACKOFF,[STEM-IV],>a2~a2,lex:>a2~a3,lex:>a\1~a\2,>a2~a2,>a\1~a\2,>a2~a2/IV,>a\1~a\2/IV,na,pos:verb asp:i vox:a mod:i,,,trans,^A([^wyA}&])([^wyA}&])$,1,
19,>a12a3,>a1owaY,1.w.y,\1.w.y,BACKOFF,[STEM-IV],1ow,lex:>a1owaY,lex:>a\1owaY,1ow,\1ow,1ow/IV,\1ow/IV,na,pos:verb asp:i vox:a mod:i,,,#-iy trans,^([^wyA}&])w$,1,
20,>a12i3,>a1oyi3,1.y.3,\1.y.\2,BACKOFF,[STEM-IV],>a1oyi3,lex:>a1oyi3,lex:>a\1oyi\2,>a1oyi3,>a\1oyi\2,>a1oyi3/IV,>a\1oyi\2/IV,na,pos:verb asp:i vox:a mod:i,,,trans,^A([^wyA}&])y([^wyA}&])$,1,
21,>a12i3,>a1o2i3,1.2.3,\1.\2.\3,BACKOFF,[STEM-IV],>a1o2i3,lex:>a1o2i3,lex:>a\1o\2i\3,>a1o2i3,>a\1o\2i\3,>a1o2i3/IV,>a\1o\2i\3/IV,na,pos:verb asp:i vox:a mod:i,,,trans,^A([^wyA}&])([^wyA}&])([^wyA}&])$,1,
22,1a2a3,>a2a3,>.2.3,>.\1.\2,BACKOFF,[STEM-IV],2u#3,lex:>a2a3,lex:>a\1a\2,2u#3,\1u#\2,2u#3/IV,\1u#\2/IV,na,pos:verb asp:i vox:a mod:i,,,trans yA-#,^([^wyA}&])#([^wyA}&])$,1,
23,1a2~i3,>a2~i3,>.2.3,>.\1.\2,BACKOFF,[STEM-IV],>a2~i#3,lex:>a2~i3,lex:>a\1~i\2,>a2~i#3,>a\1~i#\2,>a2~i#3/IV,>a\1~i#\2/IV,na,pos:verb asp:i vox:a mod:i,,,trans,^A([^wyA}&])#([^wyA}&])$,1,
24,1a2a3,1a2~,1.2.3,\1.\2.\2,BACKOFF,[STEM-IV],1u2~,lex:1a2~,lex:\1a\2~,1u2~,\1u\2~,1u2~/IV,\1u\2~/IV,na,pos:verb asp:i vox:a mod:i,,,gem trans yu-#,^([^wyA}&])([^wyA}&])$,87,
25,1a2a3,>a2~,>.2.3,>.\1.\1,BACKOFF,[STEM-IV],>i2~,lex:>a2~,lex:>a\1~,>i2~,>i\1~,>i2~/IV,>i\1~/IV,na,pos:verb asp:i vox:a mod:i,,,gem trans,^A([^wyA}&])$,1,
26,>a12a3,>a1o2a>,1.2.>,\1.\2.>,BACKOFF,[STEM-IV],1o2i},lex:>a1o2a>,lex:>a\1o\2a>,1o2i},\1o\2i},1o2i}/IV,\1o\2i}/IV,na,pos:verb asp:i vox:a mod:i,,,trans,^([^wyA}&])([^wyA}&])}$,1,
27,>a12a3,>a1o2a3,1.2.3,\1.\2.\3,BACKOFF,[STEM-IV],12i3,lex:>a1o2a3,lex:>a\1o\2a\3,12i3,\1\2i\3,12i3/IV,\1\2i\3/IV,na,pos:verb asp:i vox:a mod:i,,,trans,^([^wyA}&])([^wyA}&])([^wyA}&])$,1,
28,>a12a3,>awo2a3,w.2.3,w.\1.\2,BACKOFF,[STEM-IV],w2i3,lex:>awo2a3,lex:>awo\1a\2,w2i3,w\1i\2,w2i3/IV,w\1i\2/IV,na,pos:verb asp:i vox:a mod:i,,,trans,^w([^wyA}&])([^wyA}&])$,3,
29,>a12a3,>awo2aY,w.2.y,w.\1.y,BACKOFF,[STEM-IV],wo2,lex:>awo2aY,lex:>awo\1aY,wo2,wo\1,wo2/IV,wo\1/IV,na,pos:verb asp:i vox:a mod:i,,,#-iy trans,^w([^wyA}&])$,1,
30,>a12a3,>awo2a3,w.2.3,w.\1.\2,BACKOFF,[STEM-IV],wo2i3,lex:>awo2a3,lex:>awo\1a\2,wo2i3,wo\1i\2,wo2i3/IV,wo\1i\2/IV,na,pos:verb asp:i vox:a mod:i,,,trans,^w([^wyA}&])([^wyA}&])$,1,
31,1a2~i3,>aw~i3,>.w.3,>.w.\1,BACKOFF,[STEM-IV],>aw~i3,lex:>aw~i3,lex:>aw~i\1,>aw~i3,>aw~i\1,>aw~i3/IV,>aw~i\1/IV,na,pos:verb asp:i vox:a mod:i,,,trans,^Aw([^wyA}&])$,1,
32,1a2a3,>awaY,>.w.y,>.w.y,BACKOFF,[STEM-IV],>w,lex:>awaY,lex:>awaY,>w,>w,>w/IV,>w/IV,na,pos:verb asp:i vox:a mod:i,,,#-iy trans,^Aw$,1,
33,1a2~i3,>ay~i3,>.y.3,>.y.\1,BACKOFF,[STEM-IV],>ay~i3,lex:>ay~i3,lex:>ay~i\1,>ay~i3,>ay~i\1,>ay~i3/IV,>ay~i\1/IV,na,pos:verb asp:i vox:a mod:i,,,trans,^Ay([^wyA}&])$,2,
34,1i2i3,<i2i3,>.2.3,>.\1.\2,BACKOFF,[STEM-IV],<2a3,lex:<i2i3,lex:<i\1i\2,<2a3,<\1a\2,<2a3/IV,<\1a\2/IV,na,pos:verb asp:i vox:a mod:i,,,trans,^A([^wyA}&])([^wyA}&])$,1,
35,Ai1ta2a3,Ai}ota2a3,>.2.3,>.\1.\2,BACKOFF,[STEM-IV],}oti2i3,lex:Ai}ota2a3,lex:Ai}ota\1a\2,}oti2i3,}oti\1i\2,}oti2i3/IV,}oti\1i\2/IV,na,pos:verb asp:i vox:a mod:i,,,trans,^}t([^wyA}&])([^wyA}&])$,1,
36,Ai1ta2a3,Ai1ota2A,1.2.>,\1.\2.>,BACKOFF,[STEM-IV],1oti2,lex:Ai1ota2A,lex:Ai\1ota\2A,1oti2,\1oti\2,1oti2/IV,\1oti\2/IV,na,pos:verb asp:i vox:a mod:i,,,#-iy trans,^([^wyA}&])t([^wyA}&])$,1,
37,Ai1ta2a3,Ai1ota2a3,1.2.3,\1.\2.\3,BACKOFF,[STEM-IV],1oti2i3,lex:Ai1ota2a3,lex:Ai\1ota\2a\3,1oti2i3,\1oti\2i\3,1oti2i3/IV,\1oti\2i\3/IV,na,pos:verb asp:i vox:a mod:i,,,trans,^([^wyA}&])t([^wyA}&])([^wyA}&])$,122,
38,Ai1ta2a3,Ai1ota2aY,1.2.y,\1.\2.y,BACKOFF,[STEM-IV],1ti2,lex:Ai1ota2aY,lex:Ai\1ota\2aY,1ti2,\1ti\2,1ti2/IV,\1ti\2/IV,na,pos:verb asp:i vox:a mod:i,,,#-iy trans,^([^wyA}&])t([^wyA}&])$,2,
39,Ai1ta2a3,Ai1ota2aY,1.2.y,\1.\2.y,BACKOFF,[STEM-IV],1oti2,lex:Ai1ota2aY,lex:Ai\1ota\2aY,1oti2,\1oti\2,1oti2/IV,\1oti\2/IV,na,pos:verb asp:i vox:a mod:i,,,#-iy trans,^([^wyA}&])t([^wyA}&])$,21,
40,Ai12a3~,Ai1oya3~,1.y.3,\1.y.\2,BACKOFF,[STEM-IV],1oya3~,lex:Ai1oya3~,lex:Ai\1oya\2~,1oya3~,\1oya\2~,1oya3~/IV,\1oya\2~/IV,na,pos:verb asp:i vox:a mod:i,,,gem trans,^([^wyA}&])y([^wyA}&])$,1,
41,Ait1A2i3,Ait|2i3,>.2.3,>.\1.\2,BACKOFF,[STEM-IV],t|2i3,lex:Ait|2i3,lex:Ait|\1i\2,t|2i3,t|\1i\2,t|2i3/IV,t|\1i\2/IV,na,pos:verb asp:i vox:a mod:i,,,trans,^tA([^wyA}&])([^wyA}&])$,1,
42,Ait1A2i3,Ait|2i3,>.2.3,>.\1.\2,BACKOFF,[STEM-IV],t|2i#3,lex:Ait|2i3,lex:Ait|\1i\2,t|2i#3,t|\1i#\2,t|2i#3/IV,t|\1i#\2/IV,na,pos:verb asp:i vox:a mod:i,,,trans,^tA([^wyA}&])#([^wyA}&])$,5,
43,Ait1a2a3,Ait|2a3,>.2.3,>.\1.\2,BACKOFF,[STEM-IV],t|2i#3,lex:Ait|2a3,lex:Ait|\1a\2,t|2i#3,t|\1i#\2,t|2i#3/IV,t|\1i#\2/IV,na,pos:verb asp:i vox:a mod:i,,,trans,^tA([^wyA}&])#([^wyA}&])$,1,
44,Ait1a2~i3,Aito>a2~i3,>.2.3,>.\1.\2,BACKOFF,[STEM-IV],to>a2~i3,lex:Aito>a2~i3,lex:Aito>a\1~i\2,to>a2~i3,to>a\1~i\2,to>a2~i3/IV,to>a\1~i\2/IV,na,pos:verb asp:i vox:a mod:i,,,trans,^tA([^wyA}&])([^wyA}&])$,21,
45,Ait1a2~a3,Aito>a2~aY,>.2.y,>.\1.y,BACKOFF,[STEM-IV],to>a2~,lex:Aito>a2~aY,lex:Aito>a\1~aY,to>a2~,to>a\1~,to>a2~/IV,to>a\1~/IV,na,pos:verb asp:i vox:a mod:i,,,#-aY trans,^tA([^wyA}&])$,4,
46,Ait1a2~a3,Aito>a2~a3,>.2.3,>.\1.\2,BACKOFF,[STEM-IV],to>a2~a3,lex:Aito>a2~a3,lex:Aito>a\1~a\2,to>a2~a3,to>a\1~a\2,to>a2~a3/IV,to>a\1~a\2/IV,na,pos:verb asp:i vox:a mod:i,,,trans,^tA([^wyA}&])([^wyA}&])$,8,
47,Ait1a2a3,Aito>a2aY,>.2.y,>.\1.y,BACKOFF,[STEM-IV],to>i2,lex:Aito>a2aY,lex:Aito>a\1aY,to>i2,to>i\1,to>i2/IV,to>i\1/IV,na,pos:verb asp:i vox:a mod:i,,,#-iy trans,^tA([^wyA}&])$,1,
48,Ait1a2a3,Aito>a2a3,>.2.3,>.\1.\2,BACKOFF,[STEM-IV],to>i2i3,lex:Aito>a2a3,lex:Aito>a\1a\2,to>i2i3,to>i\1i\2,to>i2i3/IV,to>i\1i\2/IV,na,pos:verb asp:i vox:a mod:i,,,trans,^tA([^wyA}&])([^wyA}&])$,2,
49,Ait1a23a4,Aito>a2o3a4,>.2.3.4,>.\1.\2.\3,BACKOFF,[STEM-IV],to>a2o3a4,lex:Aito>a2o3a4,lex:Aito>a\1o\2a\3,to>a2o3a4,to>a\1o\2a\3,to>a2o3a4/IV,to>a\1o\2a\3/IV,na,pos:verb asp:i vox:a mod:i,,,trans,^tA([^wyA}&])([^wyA}&])([^wyA}&])$,3,
50,Ait1a23i4,Aito>a2o3i4,>.2.3.4,>.\1.\2.\3,BACKOFF,[STEM-IV],to>a2o3i4,lex:Aito>a2o3i4,lex:Aito>a\1o\2i\3,to>a2o3i4,to>a\1o\2i\3,to>a2o3i4/IV,to>a\1o\2i\3/IV,na,pos:verb asp:i vox:a mod:i,,,trans,^tA([^wyA}&])([^wyA}&])([^wyA}&])$,5,
51,Ait1a2~i3,Aito>aw~i3,>.w.3,>.w.\1,BACKOFF,[STEM-IV],to>aw~i3,lex:Aito>aw~i3,lex:Aito>aw~i\1,to>aw~i3,to>aw~i\1,to>aw~i3/IV,to>aw~i\1/IV,na,pos:verb asp:i vox:a mod:i,,,trans,^tAw([^wyA}&])$,1,
52,Ait1a2~a3,Aito>aw~a3,>.w.3,>.w.\1,BACKOFF,[STEM-IV],to>aw~a3,lex:Aito>aw~a3,lex:Aito>aw~a\1,to>aw~a3,to>aw~a\1,to>aw~a3/IV,to>aw~a\1/IV,na,pos:verb asp:i vox:a mod:i,,,trans,^tAw([^wyA}&])$,1,
53,Ait1a2~i3,Aito>ay~i3,>.y.3,>.y.\1,BACKOFF,[STEM-IV],to>ay~i3,lex:Aito>ay~i3,lex:Aito>ay~i\1,to>ay~i3,to>ay~i\1,to>ay~i3/IV,to>ay~i\1/IV,na,pos:verb asp:i vox:a mod:i,,,trans,^tAy([^wyA}&])$,2,
54,Ait1A2i3,Ai1~A2i3,1.2.3,\1.\2.\3,BACKOFF,[STEM-IV],1~A2i#3,lex:Ai1~A2i3,lex:Ai\1~A\2i\3,1~A2i#3,\1~A\2i#\3,1~A2i#3/IV,\1~A\2i#\3/IV,na,pos:verb asp:i vox:a mod:i,,,trans,^([^wyA}&])A([^wyA}&])#([^wyA}&])$,5,
55,Ait1A2i3,Ait~A2i3,>.2.3,>.\1.\2,BACKOFF,[STEM-IV],t~A2i#3,lex:Ait~A2i3,lex:Ait~A\1i\2,t~A2i#3,t~A\1i#\2,t~A2i#3/IV,t~A\1i#\2/IV,na,pos:verb asp:i vox:a mod:i,,,trans,^tA([^wyA}&])#([^wyA}&])$,3,
56,Ait1A2i3,Ai1~Awi3,1.w.3,\1.w.\2,BACKOFF,[STEM-IV],1~Awi#3,lex:Ai1~Awi3,lex:Ai\1~Awi\2,1~Awi#3,\1~Awi#\2,1~Awi#3/IV,\1~Awi#\2/IV,na,pos:verb asp:i vox:a mod:i,,,trans,^([^wyA}&])Aw#([^wyA}&])$,1,
57,Ait1a2a3,Ait~AwaY,>.w.y,>.w.y,BACKOFF,[STEM-IV],t~Aw,lex:Ait~AwaY,lex:Ait~AwaY,t~Aw,t~Aw,t~Aw/IV,t~Aw/IV,na,pos:verb asp:i vox:a mod:i,,,#-aY trans,^tAw$,1,
58,Ait1A2i3,Aito1A2i3,1.2.3,\1.\2.\3,BACKOFF,[STEM-IV],to1A2i#3,lex:Aito1A2i3,lex:Aito\1A\2i\3,to1A2i#3,to\1A\2i#\3,to1A2i#3/IV,to\1A\2i#\3/IV,na,pos:verb asp:i vox:a mod:i,,,trans,^t([^wyA}&])A([^wyA}&])#([^wyA}&])$,163,
59,Ait1a2a3,Aito1A2aY,1.2.y,\1.\2.y,BACKOFF,[STEM-IV],to1A2,lex:Aito1A2aY,lex:Aito\1A\2aY,to1A2,to\1A\2,to1A2/IV,to\1A\2/IV,na,pos:verb asp:i vox:a mod:i,,,#-aY trans,^t([^wyA}&])A([^wyA}&])$,38,
60,Ait1a2a3,Aito1A3,1.w.3,\1.w.\2,BACKOFF,[STEM-IV],to1A3,lex:Aito1A3,lex:Aito\1A\2,to1A3,to\1A\2,to1A3/IV,to\1A\2/IV,na,pos:verb asp:i vox:a mod:i,,,trans,^t([^wyA}&])A([^wyA}&])$,28,
61,Ait1a2a3,Aito1A2a3,1.2.3,\1.\2.\3,BACKOFF,[STEM-IV],to1A2i#3,lex:Aito1A2a3,lex:Aito\1A\2a\3,to1A2i#3,to\1A\2i#\3,to1A2i#3/IV,to\1A\2i#\3/IV,na,pos:verb asp:i vox:a mod:i,,,trans,^t([^wyA}&])A([^wyA}&])#([^wyA}&])$,2,
62,Ait1a2a3,Aito1A3,1.y.3,\1.y.\2,BACKOFF,[STEM-IV],to1A3,lex:Aito1A3,lex:Aito\1A\2,to1A3,to\1A\2,to1A3/IV,to\1A\2/IV,na,pos:verb asp:i vox:a mod:i,,,trans,^t([^wyA}&])A([^wyA}&])$,18,
63,Ait1A2i3,Aito1Ayi3,1.y.3,\1.y.\2,BACKOFF,[STEM-IV],to1Ayi#3,lex:Aito1Ayi3,lex:Aito\1Ayi\2,to1Ayi#3,to\1Ayi#\2,to1Ayi#3/IV,to\1Ayi#\2/IV,na,pos:verb asp:i vox:a mod:i,,,trans,^t([^wyA}&])Ay#([^wyA}&])$,15,
64,Ait1a2~i3,Ai1~a2~i3,1.2.3,\1.\2.\3,BACKOFF,[STEM-IV],1~a2~i3,lex:Ai1~a2~i3,lex:Ai\1~a\2~i\3,1~a2~i3,\1~a\2~i\3,1~a2~i3/IV,\1~a\2~i\3/IV,na,pos:verb asp:i vox:a mod:i,,,trans,^([^wyA}&])([^wyA}&])([^wyA}&])$,10,
65,Ait1a2a3,Aito1a2~,1.2.3,\1.\2.\2,BACKOFF,[STEM-IV],to1a2~,lex:Aito1a2~,lex:Aito\1a\2~,to1a2~,to\1a\2~,to1a2~/IV,to\1a\2~/IV,na,pos:verb asp:i vox:a mod:i,,,gem trans,^t([^wyA}&])([^wyA}&])$,143,
66,Ait1a2a3,Aito1a2a3,1.2.3,\1.\2.\3,BACKOFF,[STEM-IV],to1i2i3,lex:Aito1a2a3,lex:Aito\1a\2a\3,to1i2i3,to\1i\2i\3,to1i2i3/IV,to\1i\2i\3/IV,na,pos:verb asp:i vox:a mod:i,,,trans,^t([^wyA}&])([^wyA}&])([^wyA}&])$,596,
67,Ait1a2~i3,Aito1a2~i3,1.2.3,\1.\2.\3,BACKOFF,[STEM-IV],to1a2~i3,lex:Aito1a2~i3,lex:Aito\1a\2~i\3,to1a2~i3,to\1a\2~i\3,to1a2~i3/IV,to\1a\2~i\3/IV,na,pos:verb asp:i vox:a mod:i,,,trans,^t([^wyA}&])([^wyA}&])([^wyA}&])$,366,
68,Ait1a2~a3,Aito1a2~a3,1.2.3,\1.\2.\3,BACKOFF,[STEM-IV],to1a2~a3,lex:Aito1a2~a3,lex:Aito\1a\2~a\3,to1a2~a3,to\1a\2~a\3,to1a2~a3/IV,to\1a\2~a\3/IV,na,pos:verb asp:i vox:a mod:i,,,trans,^t([^wyA}&])([^wyA}&])([^wyA}&])$,533,
69,Ait1a23a4,Aito1a2o3a4,1.2.3.4,\1.\2.\3.\4,BACKOFF,[STEM-IV],to1a2o3a4,lex:Aito1a2o3a4,lex:Aito\1a\2o\3a\4,to1a2o3a4,to\1a\2o\3a\4,to1a2o3a4/IV,to\1a\2o\3a\4/IV,na,pos:verb asp:i vox:a mod:i,,,trans,^t([^wyA}&])([^wyA}&])([^wyA}&])([^wyA}&])$,237,
70,Ait1a2a3,Aito1a2a>,1.2.>,\1.\2.>,BACKOFF,[STEM-IV],to1i2i},lex:Aito1a2a>,lex:Aito\1a\2a>,to1i2i},to\1i\2i},to1i2i}/IV,to\1i\2i}/IV,na,pos:verb asp:i vox:a mod:i,,,trans,^t([^wyA}&])([^wyA}&])}$,2,
71,Ait1a2a3,Aito1a2aY,1.2.y,\1.\2.y,BACKOFF,[STEM-IV],to1i2,lex:Aito1a2aY,lex:Aito\1a\2aY,to1i2,to\1i\2,to1i2/IV,to\1i\2/IV,na,pos:verb asp:i vox:a mod:i,,,#-iy trans,^t([^wyA}&])([^wyA}&])$,57,
72,Ait1a2~a3,Aito1a2~aY,1.2.y,\1.\2.y,BACKOFF,[STEM-IV],to1a2~,lex:Aito1a2~aY,lex:Aito\1a\2~aY,to1a2~,to\1a\2~,to1a2~/IV,to\1a\2~/IV,na,pos:verb asp:i vox:a mod:i,,,#-aY trans,^t([^wyA}&])([^wyA}&])$,85,
73,Ait1a2~a3,Aito1a2~a>,1.2.>,\1.\2.>,BACKOFF,[STEM-IV],to1a2~,lex:Aito1a2~a>,lex:Aito\1a\2~a>,to1a2~,to\1a\2~,to1a2~/IV,to\1a\2~/IV,na,pos:verb asp:i vox:a mod:i,,,#-a> trans,^t([^wyA}&])([^wyA}&])$,6,
74,Ait1a2~a3,Aito1a2~A,1.2.>,\1.\2.>,BACKOFF,[STEM-IV],to1a2~,lex:Aito1a2~A,lex:Aito\1a\2~A,to1a2~,to\1a\2~,to1a2~/IV,to\1a\2~/IV,na,pos:verb asp:i vox:a mod:i,,,#-A trans,^t([^wyA}&])([^wyA}&])$,2,
75,Ait1a23i4,Aito1a2o3i4,1.2.3.4,\1.\2.\3.\4,BACKOFF,[STEM-IV],to1a2o3i4,lex:Aito1a2o3i4,lex:Aito\1a\2o\3i\4,to1a2o3i4,to\1a\2o\3i\4,to1a2o3i4/IV,to\1a\2o\3i\4/IV,na,pos:verb asp:i vox:a mod:i,,,trans,^t([^wyA}&])([^wyA}&])([^wyA}&])([^wyA}&])$,170,
76,Ait1a23i4,Aito1a2owi4,1.2.w.4,\1.\2.w.\3,BACKOFF,[STEM-IV],to1a2owi4,lex:Aito1a2owi4,lex:Aito\1a\2owi\3,to1a2owi4,to\1a\2owi\3,to1a2owi4/IV,to\1a\2owi\3/IV,na,pos:verb asp:i vox:a mod:i,,,trans,^t([^wyA}&])([^wyA}&])w([^wyA}&])$,25,
77,Ait1a23a4,Aito1a2owa4,1.2.w.4,\1.\2.w.\3,BACKOFF,[STEM-IV],to1a2owa4,lex:Aito1a2owa4,lex:Aito\1a\2owa\3,to1a2owa4,to\1a\2owa\3,to1a2owa4/IV,to\1a\2owa\3/IV,na,pos:verb asp:i vox:a mod:i,,,trans,^t([^wyA}&])([^wyA}&])w([^wyA}&])$,22,
78,Ai1ta2a3,Ai1~a2a3,1.2.3,\1.\2.\3,BACKOFF,[STEM-IV],1~i2i3,lex:Ai1~a2a3,lex:Ai\1~a\2a\3,1~i2i3,\1~i\2i\3,1~i2i3/IV,\1~i\2i\3/IV,na,pos:verb asp:i vox:a mod:i,,,trans,^([^wyA}&])([^wyA}&])([^wyA}&])$,3,
79,Ait1a2~i3,Aito1aw~i3,1.w.3,\1.w.\2,BACKOFF,[STEM-IV],to1aw~i3,lex:Aito1aw~i3,lex:Aito\1aw~i\2,to1aw~i3,to\1aw~i\2,to1aw~i3/IV,to\1aw~i\2/IV,na,pos:verb asp:i vox:a mod:i,,,trans,^t([^wyA}&])w([^wyA}&])$,78,
80,Ait1a2~a3,Aito1aw~a3,1.w.3,\1.w.\2,BACKOFF,[STEM-IV],to1aw~a3,lex:Aito1aw~a3,lex:Aito\1aw~a\2,to1aw~a3,to\1aw~a\2,to1aw~a3/IV,to\1aw~a\2/IV,na,pos:verb asp:i vox:a mod:i,,,trans,^t([^wyA}&])w([^wyA}&])$,45,
81,Ait1a2~i3,Aito1ay~i3,1.y.3,\1.y.\2,BACKOFF,[STEM-IV],to1ay~i3,lex:Aito1ay~i3,lex:Aito\1ay~i\2,to1ay~i3,to\1ay~i\2,to1ay~i3/IV,to\1ay~i\2/IV,na,pos:verb asp:i vox:a mod:i,,,trans,^t([^wyA}&])y([^wyA}&])$,48,
82,Ait1a2~a3,Aito1ay~a3,1.y.3,\1.y.\2,BACKOFF,[STEM-IV],to1ay~a3,lex:Aito1ay~a3,lex:Aito\1ay~a\2,to1ay~a3,to\1ay~a\2,to1ay~a3/IV,to\1ay~a\2/IV,na,pos:verb asp:i vox:a mod:i,,,trans,^t([^wyA}&])y([^wyA}&])$,27,
83,Ait1A2i3,Aito1A2i3,1.2.3,\1.\2.\3,BACKOFF,[STEM-IV],t1A2i#3,lex:Aito1A2i3,lex:Aito\1A\2i\3,t1A2i#3,t\1A\2i#\3,t1A2i#3/IV,t\1A\2i#\3/IV,na,pos:verb asp:i vox:a mod:i,,,trans,^t([^wyA}&])A([^wyA}&])#([^wyA}&])$,1,
84,Ait1A2i3,Aito1A}i3,1.>.3,\1.>.\2,BACKOFF,[STEM-IV],to1A}i#3,lex:Aito1A}i3,lex:Aito\1A}i\2,to1A}i#3,to\1A}i#\2,to1A}i#3/IV,to\1A}i#\2/IV,na,pos:verb asp:i vox:a mod:i,,,trans,^t([^wyA}&])A}#([^wyA}&])$,6,
85,Ait1a2a3,Aito1A2a>,1.2.>,\1.\2.>,BACKOFF,[STEM-IV],to1A2a,lex:Aito1A2a>,lex:Aito\1A\2a>,to1A2a,to\1A\2a,to1A2a/IV,to\1A\2a/IV,na,pos:verb asp:i vox:a mod:i,,,#-a> trans,^t([^wyA}&])A([^wyA}&])$,1,
86,Ait1A2i3,Aito1Awi3,1.w.3,\1.w.\2,BACKOFF,[STEM-IV],to1Awi#3,lex:Aito1Awi3,lex:Aito\1Awi\2,to1Awi#3,to\1Awi#\2,to1Awi#3/IV,to\1Awi#\2/IV,na,pos:verb asp:i vox:a mod:i,,,trans,^t([^wyA}&])Aw#([^wyA}&])$,21,
87,Ait1a2a3,Ait~a2a3,w.2.3,w.\1.\2,BACKOFF,[STEM-IV],t~i2i3,lex:Ait~a2a3,lex:Ait~a\1a\2,t~i2i3,t~i\1i\2,t~i2i3/IV,t~i\1i\2/IV,na,pos:verb asp:i vox:a mod:i,,,trans,^t([^wyA}&])([^wyA}&])$,9,
88,Ait1a2a3,Aito1awa3,1.w.3,\1.w.\2,BACKOFF,[STEM-IV],to1iwi3,lex:Aito1awa3,lex:Aito\1awa\2,to1iwi3,to\1iwi\2,to1iwi3/IV,to\1iwi\2/IV,na,pos:verb asp:i vox:a mod:i,,,trans,^t([^wyA}&])w([^wyA}&])$,15,
89,Ait1a2a3,Aito1Awa3,1.w.3,\1.w.\2,BACKOFF,[STEM-IV],to1Awi#3,lex:Aito1Awa3,lex:Aito\1Awa\2,to1Awi#3,to\1Awi#\2,to1Awi#3/IV,to\1Awi#\2/IV,na,pos:verb asp:i vox:a mod:i,,,trans,^t([^wyA}&])Aw#([^wyA}&])$,3,
90,Ait1a2a3,Aito1AyA,1.y.w,\1.y.w,BACKOFF,[STEM-IV],to1Ay,lex:Aito1AyA,lex:Aito\1AyA,to1Ay,to\1Ay,to1Ay/IV,to\1Ay/IV,na,pos:verb asp:i vox:a mod:i,,,#-aY trans,^t([^wyA}&])Ay$,1,
91,Ait1A2i3,Aito1Ayi3,1.y.3,\1.y.\2,BACKOFF,[STEM-IV],to1Ayi3,lex:Aito1Ayi3,lex:Aito\1Ayi\2,to1Ayi3,to\1Ayi\2,to1Ayi3/IV,to\1Ayi\2/IV,na,pos:verb asp:i vox:a mod:i,,,trans,^t([^wyA}&])Ay([^wyA}&])$,1,
92,Ait1a23a4,Ai1~a2o3a4,1.2.3.4,\1.\2.\3.\4,BACKOFF,[STEM-IV],1~a2o3a4,lex:Ai1~a2o3a4,lex:Ai\1~a\2o\3a\4,1~a2o3a4,\1~a\2o\3a\4,1~a2o3a4/IV,\1~a\2o\3a\4/IV,na,pos:verb asp:i vox:a mod:i,,,trans,^([^wyA}&])([^wyA}&])([^wyA}&])([^wyA}&])$,6,
93,Ait1a2~a3,Aito1aw~aY,1.w.y,\1.w.y,BACKOFF,[STEM-IV],to1aw~,lex:Aito1aw~aY,lex:Aito\1aw~aY,to1aw~,to\1aw~,to1aw~/IV,to\1aw~/IV,na,pos:verb asp:i vox:a mod:i,,,#-aY trans,^t([^wyA}&])w$,6,
94,Ait1a2a3,Ai1~a2aY,1.2.y,\1.\2.y,BACKOFF,[STEM-IV],1~i2,lex:Ai1~a2aY,lex:Ai\1~a\2aY,1~i2,\1~i\2,1~i2/IV,\1~i\2/IV,na,pos:verb asp:i vox:a mod:i,,,#-iy trans,^([^wyA}&])([^wyA}&])$,3,
95,Ait1a2~a3,Ai1~a2~aY,1.2.y,\1.\2.y,BACKOFF,[STEM-IV],1~a2~,lex:Ai1~a2~aY,lex:Ai\1~a\2~aY,1~a2~,\1~a\2~,1~a2~/IV,\1~a\2~/IV,na,pos:verb asp:i vox:a mod:i,,,#-aY trans,^([^wyA}&])([^wyA}&])$,1,
96,Ait1a2a3,Aito1AwaY,1.w.y,\1.w.y,BACKOFF,[STEM-IV],to1Aw,lex:Aito1AwaY,lex:Aito\1AwaY,to1Aw,to\1Aw,to1Aw/IV,to\1Aw/IV,na,pos:verb asp:i vox:a mod:i,,,#-aY trans,^t([^wyA}&])Aw$,3,
97,Ait1a23a4,Aito1a2oya4,1.2.y.4,\1.\2.y.\3,BACKOFF,[STEM-IV],to1a2oya4,lex:Aito1a2oya4,lex:Aito\1a\2oya\3,to1a2oya4,to\1a\2oya\3,to1a2oya4/IV,to\1a\2oya\3/IV,na,pos:verb asp:i vox:a mod:i,,,trans,^t([^wyA}&])([^wyA}&])y([^wyA}&])$,5,
98,Ait1a23a4,Aito1awo3a4,1.w.3.4,\1.w.\2.\3,BACKOFF,[STEM-IV],to1aw3a4,lex:Aito1awo3a4,lex:Aito\1awo\2a\3,to1aw3a4,to\1aw\2a\3,to1aw3a4/IV,to\1aw\2a\3/IV,na,pos:verb asp:i vox:a mod:i,,,trans,^t([^wyA}&])w([^wyA}&])([^wyA}&])$,6,
99,Ait1a23i4,Aito1awo3i4,1.w.3.4,\1.w.\2.\3,BACKOFF,[STEM-IV],to1aw3i4,lex:Aito1awo3i4,lex:Aito\1awo\2i\3,to1aw3i4,to\1aw\2i\3,to1aw3i4/IV,to\1aw\2i\3/IV,na,pos:verb asp:i vox:a mod:i,,,trans,^t([^wyA}&])w([^wyA}&])([^wyA}&])$,2,
100,Ait1a2a3,Aito1aya3,1.y.3,\1.y.\2,BACKOFF,[STEM-IV],to1iyi3,lex:Aito1aya3,lex:Aito\1aya\2,to1iyi3,to\1iyi\2,to1iyi3/IV,to\1iyi\2/IV,na,pos:verb asp:i vox:a mod:i,,,trans,^t([^wyA}&])y([^wyA}&])$,2,
101,Ait1a2a3,Aito1a|Y,1.>.y,\1.>.y,BACKOFF,[STEM-IV],to1A|,lex:Aito1a|Y,lex:Aito\1a|Y,to1A|,to\1A|,to1A|/IV,to\1A|/IV,na,pos:verb asp:i vox:a mod:i,,,#-aY trans,^t([^wyA}&])AA$,1,
102,Ait1a2~a3,Ai1~a2~a3,1.2.3,\1.\2.\3,BACKOFF,[STEM-IV],1~a2~a3,lex:Ai1~a2~a3,lex:Ai\1~a\2~a\3,1~a2~a3,\1~a\2~a\3,1~a2~a3/IV,\1~a\2~a\3/IV,na,pos:verb asp:i vox:a mod:i,,,trans,^([^wyA}&])([^wyA}&])([^wyA}&])$,4,
103,Ait1a23i4,Ai1~a2o3i4,1.2.3.4,\1.\2.\3.\4,BACKOFF,[STEM-IV],1~a2o3i4,lex:Ai1~a2o3i4,lex:Ai\1~a\2o\3i\4,1~a2o3i4,\1~a\2o\3i\4,1~a2o3i4/IV,\1~a\2o\3i\4/IV,na,pos:verb asp:i vox:a mod:i,,,trans,^([^wyA}&])([^wyA}&])([^wyA}&])([^wyA}&])$,11,
104,Ait1a2a3,Ai1~a2a3,1.2.3,\1.\2.\3,BACKOFF,[STEM-IV],1~i2i3,lex:Ai1~a2a3,lex:Ai\1~a\2a\3,1~i2i3,\1~i\2i\3,1~i2i3/IV,\1~i\2i\3/IV,na,pos:verb asp:i vox:a mod:i,,,trans,^([^wyA}&])([^wyA}&])([^wyA}&])$,5,
105,Ait1a23a4,Aito1a2o3a4,1.2.3.4,\1.\2.\3.\4,BACKOFF,[STEM-IV],to1a2o3i4,lex:Aito1a2o3a4,lex:Aito\1a\2o\3a\4,to1a2o3i4,to\1a\2o\3i\4,to1a2o3i4/IV,to\1a\2o\3i\4/IV,na,pos:verb asp:i vox:a mod:i,,,trans,^t([^wyA}&])([^wyA}&])([^wyA}&])([^wyA}&])$,1,
106,Ait1a23i4,Ai1~a2owi4,1.2.w.4,\1.\2.w.\3,BACKOFF,[STEM-IV],1~a2owi4,lex:Ai1~a2owi4,lex:Ai\1~a\2owi\3,1~a2owi4,\1~a\2owi\3,1~a2owi4/IV,\1~a\2owi\3/IV,na,pos:verb asp:i vox:a mod:i,,,trans,^([^wyA}&])([^wyA}&])w([^wyA}&])$,1,
107,Ait1a2a3,Aito1awaY,1.w.y,\1.w.y,BACKOFF,[STEM-IV],to1iw,lex:Aito1awaY,lex:Aito\1awaY,to1iw,to\1iw,to1iw/IV,to\1iw/IV,na,pos:verb asp:i vox:a mod:i,,,#-iy trans,^t([^wyA}&])w$,7,
108,Ait1a23a4,Ai1~a2oya4,1.2.y.4,\1.\2.y.\3,BACKOFF,[STEM-IV],1~a2oya4,lex:Ai1~a2oya4,lex:Ai\1~a\2oya\3,1~a2oya4,\1~a\2oya\3,1~a2oya4/IV,\1~a\2oya\3/IV,na,pos:verb asp:i vox:a mod:i,,,trans,^([^wyA}&])([^wyA}&])y([^wyA}&])$,1,
109,Ait1a2~a3,Aito1ay~aY,1.y.y,\1.y.y,BACKOFF,[STEM-IV],to1ay~,lex:Aito1ay~aY,lex:Aito\1ay~aY,to1ay~,to\1ay~,to1ay~/IV,to\1ay~/IV,na,pos:verb asp:i vox:a mod:i,,,#-aY trans,^t([^wyA}&])y$,1,
110,Ait1a2a3,Aito1a>a3,1.>.3,\1.>.\2,BACKOFF,[STEM-IV],to1i>i3,lex:Aito1a>a3,lex:Aito\1a>a\2,to1i>i3,to\1i>i\2,to1i>i3/IV,to\1i>i\2/IV,na,pos:verb asp:i vox:a mod:i,,,trans,^t([^wyA}&])A([^wyA}&])$,2,
111,Ait1a2~a3,Aito1aw~a>,1.w.>,\1.w.>,BACKOFF,[STEM-IV],to1aw~,lex:Aito1aw~a>,lex:Aito\1aw~a>,to1aw~,to\1aw~,to1aw~/IV,to\1aw~/IV,na,pos:verb asp:i vox:a mod:i,,,#-a> trans,^t([^wyA}&])w$,1,
112,Ait1a23a4,Aito1ayo3a4,1.y.3.4,\1.y.\2.\3,BACKOFF,[STEM-IV],to1ay3a4,lex:Aito1ayo3a4,lex:Aito\1ayo\2a\3,to1ay3a4,to\1ay\2a\3,to1ay3a4/IV,to\1ay\2a\3/IV,na,pos:verb asp:i vox:a mod:i,,,trans,^t([^wyA}&])y([^wyA}&])([^wyA}&])$,2,
113,Ait1a2a3,Aito1ayaY,1.y.y,\1.y.y,BACKOFF,[STEM-IV],to1iy,lex:Aito1ayaY,lex:Aito\1ayaY,to1iy,to\1iy,to1iy/IV,to\1iy/IV,na,pos:verb asp:i vox:a mod:i,,,#-iy trans,^t([^wyA}&])y$,1,
114,Ait1A2i3,Aito1A2i},1.2.>,\1.\2.>,BACKOFF,[STEM-IV],to1A2i#},lex:Aito1A2i},lex:Aito\1A\2i},to1A2i#},to\1A\2i#},to1A2i#}/IV,to\1A\2i#}/IV,na,pos:verb asp:i vox:a mod:i,,,trans,^t([^wyA}&])A([^wyA}&])#}$,1,
115,Ait1a2~a3,Aito1ay~A,1.y.w,\1.y.w,BACKOFF,[STEM-IV],to1ay~,lex:Aito1ay~A,lex:Aito\1ay~A,to1ay~,to\1ay~,to1ay~/IV,to\1ay~/IV,na,pos:verb asp:i vox:a mod:i,,,#-aY trans,^t([^wyA}&])y$,1,
116,Ait1a2a3,Aito1AyA,1.y.>,\1.y.>,BACKOFF,[STEM-IV],to1Ay,lex:Aito1AyA,lex:Aito\1AyA,to1Ay,to\1Ay,to1Ay/IV,to\1Ay/IV,na,pos:verb asp:i vox:a mod:i,,,#-aY trans,^t([^wyA}&])Ay$,1,
117,Ait1a23i4,Aito1a2oyi4,1.2.y.4,\1.\2.y.\3,BACKOFF,[STEM-IV],to1a2oyi4,lex:Aito1a2oyi4,lex:Aito\1a\2oyi\3,to1a2oyi4,to\1a\2oyi\3,to1a2oyi4/IV,to\1a\2oyi\3/IV,na,pos:verb asp:i vox:a mod:i,,,trans,^t([^wyA}&])([^wyA}&])y([^wyA}&])$,2,
118,Ait1a2a3,Ait~a2aY,w.2.y,w.\1.y,BACKOFF,[STEM-IV],t~a2,lex:Ait~a2aY,lex:Ait~a\1aY,t~a2,t~a\1,t~a2/IV,t~a\1/IV,na,pos:verb asp:i vox:a mod:i,,,#-iy trans,^t([^wyA}&])$,1,
119,Ait1a2~a3,Ai1~a2~aY,1.2.y,\1.\2.y,BACKOFF,[STEM-IV],1~i2~,lex:Ai1~a2~aY,lex:Ai\1~a\2~aY,1~i2~,\1~i\2~,1~i2~/IV,\1~i\2~/IV,na,pos:verb asp:i vox:a mod:i,,,#-iy trans,^([^wyA}&])([^wyA}&])$,3,
120,Ait1a2a3,Aito1A3,1.>.3,\1.>.\2,BACKOFF,[STEM-IV],to1A3,lex:Aito1A3,lex:Aito\1A\2,to1A3,to\1A\2,to1A3/IV,to\1A\2/IV,na,pos:verb asp:i vox:a mod:i,,,trans,^t([^wyA}&])A([^wyA}&])$,1,
121,Ait1a23i4,Aito1awo3iw,1.w.3.w,\1.w.\2.w,BACKOFF,[STEM-IV],to1awo3iw,lex:Aito1awo3iw,lex:Aito\1awo\2iw,to1awo3iw,to\1awo\2iw,to1awo3iw/IV,to\1awo\2iw/IV,na,pos:verb asp:i vox:a mod:i,,,trans,^t([^wyA}&])w([^wyA}&])w$,1,
122,Ait1a23i4,Aito1a>o3i4,1.>.3.4,\1.>.\2.\3,BACKOFF,[STEM-IV],to1a>o3i4,lex:Aito1a>o3i4,lex:Aito\1a>o\2i\3,to1a>o3i4,to\1a>o\2i\3,to1a>o3i4/IV,to\1a>o\2i\3/IV,na,pos:verb asp:i vox:a mod:i,,,trans,^t([^wyA}&])A([^wyA}&])([^wyA}&])$,2,
123,Ait1a23a4,Aito1a2o3aY,1.2.3.y,\1.\2.\3.y,BACKOFF,[STEM-IV],to1a2o3,lex:Aito1a2o3aY,lex:Aito\1a\2o\3aY,to1a2o3,to\1a\2o\3,to1a2o3/IV,to\1a\2o\3/IV,na,pos:verb asp:i vox:a mod:i,,,#-iy trans,^t([^wyA}&])([^wyA}&])([^wyA}&])$,1,
124,Ait1a23a4,Aito1awo3aw,1.w.3.w,\1.w.\2.w,BACKOFF,[STEM-IV],to1awo3aw,lex:Aito1awo3aw,lex:Aito\1awo\2aw,to1awo3aw,to\1awo\2aw,to1awo3aw/IV,to\1awo\2aw/IV,na,pos:verb asp:i vox:a mod:i,,,trans,^t([^wyA}&])w([^wyA}&])w$,1,
125,Ait1a2~a3,Aito1a2~A,1.2.>,\1.\2.>,BACKOFF,[STEM-IV],to1a2~,lex:Aito1a2~A,lex:Aito\1a\2~A,to1a2~,to\1a\2~,to1a2~/IV,to\1a\2~/IV,na,pos:verb asp:i vox:a mod:i,,,#-aY trans,^t([^wyA}&])([^wyA}&])$,1,
126,Ait1a2~a3,Aito1ay~a>,1.y.>,\1.y.>,BACKOFF,[STEM-IV],to1ay~,lex:Aito1ay~a>,lex:Aito\1ay~a>,to1ay~,to\1ay~,to1ay~/IV,to\1ay~/IV,na,pos:verb asp:i vox:a mod:i,,,#-a> trans,^t([^wyA}&])y$,1,
127,Ait1a23a4,Aitowa>owa>,w.>.w.>,w.>.w.>,BACKOFF,[STEM-IV],towa>ow,lex:Aitowa>owa>,lex:Aitowa>owa>,towa>ow,towa>ow,towa>ow/IV,towa>ow/IV,na,pos:verb asp:i vox:a mod:i,,,#-a> trans,^twAw$,1,
128,Ait1A2i3,AitowA}i3,w.>.3,w.>.\1,BACKOFF,[STEM-IV],towA}i#3,lex:AitowA}i3,lex:AitowA}i\1,towA}i#3,towA}i#\1,towA}i#3/IV,towA}i#\1/IV,na,pos:verb asp:i vox:a mod:i,,,trans,^twA}#([^wyA}&])$,1,
129,Ait1A2i3,AitowA2i3,w.2.3,w.\1.\2,BACKOFF,[STEM-IV],towA2i#3,lex:AitowA2i3,lex:AitowA\1i\2,towA2i#3,towA\1i#\2,towA2i#3/IV,towA\1i#\2/IV,na,pos:verb asp:i vox:a mod:i,,,trans,^twA([^wyA}&])#([^wyA}&])$,14,
130,Ait1a2a3,AitowA2aY,w.2.y,w.\1.y,BACKOFF,[STEM-IV],towA2,lex:AitowA2aY,lex:AitowA\1aY,towA2,towA\1,towA2/IV,towA\1/IV,na,pos:verb asp:i vox:a mod:i,,,#-aY trans,^twA([^wyA}&])$,4,
131,Ait1a2a3,AitowA2a3,w.2.3,w.\1.\2,BACKOFF,[STEM-IV],towA2i#3,lex:AitowA2a3,lex:AitowA\1a\2,towA2i#3,towA\1i#\2,towA2i#3/IV,towA\1i#\2/IV,na,pos:verb asp:i vox:a mod:i,,,trans,^twA([^wyA}&])#([^wyA}&])$,2,
132,Ait1a2~i3,Ai1~aw~i3,1.w.3,\1.w.\2,BACKOFF,[STEM-IV],1~aw~i3,lex:Ai1~aw~i3,lex:Ai\1~aw~i\2,1~aw~i3,\1~aw~i\2,1~aw~i3/IV,\1~aw~i\2/IV,na,pos:verb asp:i vox:a mod:i,,,trans,^([^wyA}&])w([^wyA}&])$,3,
133,Ait1a2a3,Aitowa2a>,w.2.>,w.\1.>,BACKOFF,[STEM-IV],towi2i},lex:Aitowa2a>,lex:Aitowa\1a>,towi2i},towi\1i},towi2i}/IV,towi\1i}/IV,na,pos:verb asp:i vox:a mod:i,,,trans,^tw([^wyA}&])}$,1,
134,Ait1a2~a3,Aitowa2~a3,w.2.3,w.\1.\2,BACKOFF,[STEM-IV],towa2~a3,lex:Aitowa2~a3,lex:Aitowa\1~a\2,towa2~a3,towa\1~a\2,towa2~a3/IV,towa\1~a\2/IV,na,pos:verb asp:i vox:a mod:i,,,trans,^tw([^wyA}&])([^wyA}&])$,36,
135,Ait1a2a3,Aitowa2a3,w.2.3,w.\1.\2,BACKOFF,[STEM-IV],towi2i3,lex:Aitowa2a3,lex:Aitowa\1a\2,towi2i3,towi\1i\2,towi2i3/IV,towi\1i\2/IV,na,pos:verb asp:i vox:a mod:i,,,trans,^tw([^wyA}&])([^wyA}&])$,25,
136,Ait1a2~i3,Aitowa2~i3,w.2.3,w.\1.\2,BACKOFF,[STEM-IV],towa2~i3,lex:Aitowa2~i3,lex:Aitowa\1~i\2,towa2~i3,towa\1~i\2,towa2~i3/IV,towa\1~i\2/IV,na,pos:verb asp:i vox:a mod:i,,,trans,^tw([^wyA}&])([^wyA}&])$,14,
137,Ait1a23a4,Aitowa2owa4,w.2.w.4,w.\1.w.\2,BACKOFF,[STEM-IV],towa2owa4,lex:Aitowa2owa4,lex:Aitowa\1owa\2,towa2owa4,towa\1owa\2,towa2owa4/IV,towa\1owa\2/IV,na,pos:verb asp:i vox:a mod:i,,,trans,^tw([^wyA}&])w([^wyA}&])$,1,
138,Ait1a2~a3,Aitowa2~aY,w.2.y,w.\1.y,BACKOFF,[STEM-IV],towa2~,lex:Aitowa2~aY,lex:Aitowa\1~aY,towa2~,towa\1~,towa2~/IV,towa\1~/IV,na,pos:verb asp:i vox:a mod:i,,,#-aY trans,^tw([^wyA}&])$,9,
139,Ait1a2a3,Aitowa2~,w.2.3,w.\1.\1,BACKOFF,[STEM-IV],towa2~,lex:Aitowa2~,lex:Aitowa\1~,towa2~,towa\1~,towa2~/IV,towa\1~/IV,na,pos:verb asp:i vox:a mod:i,,,gem trans,^tw([^wyA}&])$,3,
140,Ait1a23i4,Aitowa2owi4,w.2.w.4,w.\1.w.\2,BACKOFF,[STEM-IV],towa2owi4,lex:Aitowa2owi4,lex:Aitowa\1owi\2,towa2owi4,towa\1owi\2,towa2owi4/IV,towa\1owi\2/IV,na,pos:verb asp:i vox:a mod:i,,,trans,^tw([^wyA}&])w([^wyA}&])$,5,
141,Ait1a23i4,Aitowa2o3i4,w.2.3.4,w.\1.\2.\3,BACKOFF,[STEM-IV],towa2o3i4,lex:Aitowa2o3i4,lex:Aitowa\1o\2i\3,towa2o3i4,towa\1o\2i\3,towa2o3i4/IV,towa\1o\2i\3/IV,na,pos:verb asp:i vox:a mod:i,,,trans,^tw([^wyA}&])([^wyA}&])([^wyA}&])$,1,
142,Ait1a23a4,Aitowa2o3a4,w.2.3.4,w.\1.\2.\3,BACKOFF,[STEM-IV],towa2o3a4,lex:Aitowa2o3a4,lex:Aitowa\1o\2a\3,towa2o3a4,towa\1o\2a\3,towa2o3a4/IV,towa\1o\2a\3/IV,na,pos:verb asp:i vox:a mod:i,,,trans,^tw([^wyA}&])([^wyA}&])([^wyA}&])$,1,
143,Ait1a2a3,Aitowa2aY,w.2.y,w.\1.y,BACKOFF,[STEM-IV],towi2,lex:Aitowa2aY,lex:Aitowa\1aY,towi2,towi\1,towi2/IV,towi\1/IV,na,pos:verb asp:i vox:a mod:i,,,#-iy trans,^tw([^wyA}&])$,1,
144,Ait1a2~a3,Aitowa2~A,w.2.>,w.\1.>,BACKOFF,[STEM-IV],towa2~,lex:Aitowa2~A,lex:Aitowa\1~A,towa2~,towa\1~,towa2~/IV,towa\1~/IV,na,pos:verb asp:i vox:a mod:i,,,#-aY trans,^tw([^wyA}&])$,1,
145,Ait1a2a3,Ai1~awa3,1.w.3,\1.w.\2,BACKOFF,[STEM-IV],1~iwi3,lex:Ai1~awa3,lex:Ai\1~awa\2,1~iwi3,\1~iwi\2,1~iwi3/IV,\1~iwi\2/IV,na,pos:verb asp:i vox:a mod:i,,,trans,^([^wyA}&])w([^wyA}&])$,1,
146,Ait1a23i4,Ai1~awo3i4,1.w.3.4,\1.w.\2.\3,BACKOFF,[STEM-IV],1~aw3i4,lex:Ai1~awo3i4,lex:Ai\1~awo\2i\3,1~aw3i4,\1~aw\2i\3,1~aw3i4/IV,\1~aw\2i\3/IV,na,pos:verb asp:i vox:a mod:i,,,trans,^([^wyA}&])w([^wyA}&])([^wyA}&])$,1,
147,Ait1a2~a3,Ai1~aw~a3,1.w.3,\1.w.\2,BACKOFF,[STEM-IV],1~aw~a3,lex:Ai1~aw~a3,lex:Ai\1~aw~a\2,1~aw~a3,\1~aw~a\2,1~aw~a3/IV,\1~aw~a\2/IV,na,pos:verb asp:i vox:a mod:i,,,trans,^([^wyA}&])w([^wyA}&])$,1,
148,Ait1a2a3,Aitoya>a3,y.>.3,y.>.\1,BACKOFF,[STEM-IV],toyi>i3,lex:Aitoya>a3,lex:Aitoya>a\1,toyi>i3,toyi>i\1,toyi>i3/IV,toyi>i\1/IV,na,pos:verb asp:i vox:a mod:i,,,trans,^tyA([^wyA}&])$,1,
149,Ait1a2~i3,Aitoya}~i3,y.>.3,y.>.\1,BACKOFF,[STEM-IV],toya}~i3,lex:Aitoya}~i3,lex:Aitoya}~i\1,toya}~i3,toya}~i\1,toya}~i3/IV,toya}~i\1/IV,na,pos:verb asp:i vox:a mod:i,,,trans,^ty}([^wyA}&])$,1,
150,Ait1a2~i3,Aitoya2~i3,y.2.3,y.\1.\2,BACKOFF,[STEM-IV],toya2~i3,lex:Aitoya2~i3,lex:Aitoya\1~i\2,toya2~i3,toya\1~i\2,toya2~i3/IV,toya\1~i\2/IV,na,pos:verb asp:i vox:a mod:i,,,trans,^ty([^wyA}&])([^wyA}&])$,3,
151,Ait1a2~a3,Aitoya2~a3,y.2.3,y.\1.\2,BACKOFF,[STEM-IV],toya2~a3,lex:Aitoya2~a3,lex:Aitoya\1~a\2,toya2~a3,toya\1~a\2,toya2~a3/IV,toya\1~a\2/IV,na,pos:verb asp:i vox:a mod:i,,,trans,^ty([^wyA}&])([^wyA}&])$,3,
152,Ait1a2~i3,Ai1~ay~i3,1.y.3,\1.y.\2,BACKOFF,[STEM-IV],1~ay~i3,lex:Ai1~ay~i3,lex:Ai\1~ay~i\2,1~ay~i3,\1~ay~i\2,1~ay~i3/IV,\1~ay~i\2/IV,na,pos:verb asp:i vox:a mod:i,,,trans,^([^wyA}&])y([^wyA}&])$,1,
153,Ai1ta2a3,Ai1otA3,1.y.3,\1.y.\2,BACKOFF,[STEM-IV],1otA3,lex:Ai1otA3,lex:Ai\1otA\2,1otA3,\1otA\2,1otA3/IV,\1otA\2/IV,na,pos:verb asp:i vox:a mod:i,,,trans,^([^wyA}&])tA([^wyA}&])$,3,
154,Ai1ta2a3,Ai1ota2~,1.2.3,\1.\2.\2,BACKOFF,[STEM-IV],1ota2~,lex:Ai1ota2~,lex:Ai\1ota\2~,1ota2~,\1ota\2~,1ota2~/IV,\1ota\2~/IV,na,pos:verb asp:i vox:a mod:i,,,gem trans,^([^wyA}&])t([^wyA}&])$,20,
155,Ai12a3~,Ai1o2a3~,1.2.3,\1.\2.\3,BACKOFF,[STEM-IV],1o2a3~,lex:Ai1o2a3~,lex:Ai\1o\2a\3~,1o2a3~,\1o\2a\3~,1o2a3~/IV,\1o\2a\3~/IV,na,pos:verb asp:i vox:a mod:i,,,gem trans,^([^wyA}&])([^wyA}&])([^wyA}&])$,24,
156,Ai1ta2a3,Ai1otA3,1.w.3,\1.w.\2,BACKOFF,[STEM-IV],1otA3,lex:Ai1otA3,lex:Ai\1otA\2,1otA3,\1otA\2,1otA3/IV,\1otA\2/IV,na,pos:verb asp:i vox:a mod:i,,,trans,^([^wyA}&])tA([^wyA}&])$,11,
157,Ai1ta2a3,Ai1ota2a3,1.2.3,\1.\2.\3,BACKOFF,[STEM-IV],1ti2i3,lex:Ai1ota2a3,lex:Ai\1ota\2a\3,1ti2i3,\1ti\2i\3,1ti2i3/IV,\1ti\2i\3/IV,na,pos:verb asp:i vox:a mod:i,,,trans,^([^wyA}&])t([^wyA}&])([^wyA}&])$,3,
158,Ai1ta2a3,Ai1otawaY,1.w.y,\1.w.y,BACKOFF,[STEM-IV],1otiw,lex:Ai1otawaY,lex:Ai\1otawaY,1otiw,\1otiw,1otiw/IV,\1otiw/IV,na,pos:verb asp:i vox:a mod:i,,,#-iy trans,^([^wyA}&])tw$,4,
159,Ai12a3~,Ai1o2aw~,1.2.w,\1.\2.w,BACKOFF,[STEM-IV],1o2aw~,lex:Ai1o2aw~,lex:Ai\1o\2aw~,1o2aw~,\1o\2aw~,1o2aw~/IV,\1o\2aw~/IV,na,pos:verb asp:i vox:a mod:i,,,gem trans,^([^wyA}&])([^wyA}&])w$,1,
160,Ai12a3~,Ai1owa3~,1.w.3,\1.w.\2,BACKOFF,[STEM-IV],1owa3~,lex:Ai1owa3~,lex:Ai\1owa\2~,1owa3~,\1owa\2~,1owa3~/IV,\1owa\2~/IV,na,pos:verb asp:i vox:a mod:i,,,gem trans,^([^wyA}&])w([^wyA}&])$,3,
161,Ai1ta2a3,Ai2~aY,>.2.y,>.\1.y,BACKOFF,[STEM-IV],2~,lex:Ai2~aY,lex:Ai\1~aY,2~,\1~,2~/IV,\1~/IV,na,pos:verb asp:i vox:a mod:i,,,#-iy trans,^([^wyA}&])$,1,
162,Ai1ta2a3,Ai1odA3,1.y.3,\1.y.\2,BACKOFF,[STEM-IV],1o3A3,lex:Ai1odA3,lex:Ai\1odA\2,1o3A3,\1o\2A\3,1o3A3/IV,\1o\2A\3/IV,na,pos:verb asp:i vox:a mod:i,,,trans,^([^wyA}&])([^wyA}&])A([^wyA}&])$,1,
163,Ai1ta2a3,Ai1oda2a3,1.2.3,\1.\2.\3,BACKOFF,[STEM-IV],1odi2i3,lex:Ai1oda2a3,lex:Ai\1oda\2a\3,1odi2i3,\1odi\2i\3,1odi2i3/IV,\1odi\2i\3/IV,na,pos:verb asp:i vox:a mod:i,,,trans,^([^wyA}&])d([^wyA}&])([^wyA}&])$,2,
164,Aista1a2~a3,Aisota>a2~aY,>.2.y,>.\1.y,BACKOFF,[STEM-IV],sota>a2~,lex:Aisota>a2~aY,lex:Aisota>a\1~aY,sota>a2~,sota>a\1~,sota>a2~/IV,sota>a\1~/IV,na,pos:verb asp:i vox:a mod:i,,,#-aY trans,^stA([^wyA}&])$,1,
165,Aista12a3,Aisota>o2a3,>.2.3,>.\1.\2,BACKOFF,[STEM-IV],sota>o2a3,lex:Aisota>o2a3,lex:Aisota>o\1a\2,sota>o2a3,sota>o\1a\2,sota>o2a3/IV,sota>o\1a\2/IV,na,pos:verb asp:i vox:a mod:i,,,trans,^stA([^wyA}&])([^wyA}&])$,1,
166,Aista12i3,Aisota>o2i3,>.2.3,>.\1.\2,BACKOFF,[STEM-IV],sota>o2i3,lex:Aisota>o2i3,lex:Aisota>o\1i\2,sota>o2i3,sota>o\1i\2,sota>o2i3/IV,sota>o\1i\2/IV,na,pos:verb asp:i vox:a mod:i,,,trans,^stA([^wyA}&])([^wyA}&])$,5,
167,Aista12a3,Aisota>o2a3,>.2.3,>.\1.\2,BACKOFF,[STEM-IV],sota>o2i3,lex:Aisota>o2a3,lex:Aisota>o\1a\2,sota>o2i3,sota>o\1i\2,sota>o2i3/IV,sota>o\1i\2/IV,na,pos:verb asp:i vox:a mod:i,,,trans,^stA([^wyA}&])([^wyA}&])$,2,
168,Aista12i3,AisotA2i3,>.2.3,>.\1.\2,BACKOFF,[STEM-IV],sotA2i3,lex:AisotA2i3,lex:AisotA\1i\2,sotA2i3,sotA\1i\2,sotA2i3/IV,sotA\1i\2/IV,na,pos:verb asp:i vox:a mod:i,,,trans,^stA([^wyA}&])([^wyA}&])$,1,
169,Aista12a3,Aisota1A3,1.w.3,\1.w.\2,BACKOFF,[STEM-IV],sota1iy3,lex:Aisota1A3,lex:Aisota\1A\2,sota1iy3,sota\1iy\2,sota1iy3/IV,sota\1iy\2/IV,na,pos:verb asp:i vox:a mod:i,,,trans,^st([^wyA}&])y([^wyA}&])$,13,
170,Aisti1A2i3,Aisoti1A2i3,1.2.3,\1.\2.\3,BACKOFF,[STEM-IV],soti1A2i#3,lex:Aisoti1A2i3,lex:Aisoti\1A\2i\3,soti1A2i#3,soti\1A\2i#\3,soti1A2i#3/IV,soti\1A\2i#\3/IV,na,pos:verb asp:i vox:a mod:i,,,trans,^st([^wyA}&])A([^wyA}&])#([^wyA}&])$,1,
171,Aista12a3,Aisota1A3,1.y.3,\1.y.\2,BACKOFF,[STEM-IV],sota1iy3,lex:Aisota1A3,lex:Aisota\1A\2,sota1iy3,sota\1iy\2,sota1iy3/IV,sota\1iy\2/IV,na,pos:verb asp:i vox:a mod:i,,,trans,^st([^wyA}&])y([^wyA}&])$,13,
172,Aisti1A2i3,Aisoti1Awi3,1.w.3,\1.w.\2,BACKOFF,[STEM-IV],soti1Awi#3,lex:Aisoti1Awi3,lex:Aisoti\1Awi\2,soti1Awi#3,soti\1Awi#\2,soti1Awi#3/IV,soti\1Awi#\2/IV,na,pos:verb asp:i vox:a mod:i,,,trans,^st([^wyA}&])Aw#([^wyA}&])$,1,
173,Aista12a3,Aisota1o2a3,1.2.3,\1.\2.\3,BACKOFF,[STEM-IV],sota1o2i3,lex:Aisota1o2a3,lex:Aisota\1o\2a\3,sota1o2i3,sota\1o\2i\3,sota1o2i3/IV,sota\1o\2i\3/IV,na,pos:verb asp:i vox:a mod:i,,,trans,^st([^wyA}&])([^wyA}&])([^wyA}&])$,62,
174,Aista12a3,Aisota1a2~,1.2.3,\1.\2.\2,BACKOFF,[STEM-IV],sota1i2~,lex:Aisota1a2~,lex:Aisota\1a\2~,sota1i2~,sota\1i\2~,sota1i2~/IV,sota\1i\2~/IV,na,pos:verb asp:i vox:a mod:i,,,gem trans,^st([^wyA}&])([^wyA}&])$,25,
175,Aista12a3,Aisota1o2a3,1.2.3,\1.\2.\3,BACKOFF,[STEM-IV],sota1o2a3,lex:Aisota1o2a3,lex:Aisota\1o\2a\3,sota1o2a3,sota\1o\2a\3,sota1o2a3/IV,sota\1o\2a\3/IV,na,pos:verb asp:i vox:a mod:i,,,trans,^st([^wyA}&])([^wyA}&])([^wyA}&])$,84,
176,Aista12i3,Aisota1o2i3,1.2.3,\1.\2.\3,BACKOFF,[STEM-IV],sota1o2i3,lex:Aisota1o2i3,lex:Aisota\1o\2i\3,sota1o2i3,sota\1o\2i\3,sota1o2i3/IV,sota\1o\2i\3/IV,na,pos:verb asp:i vox:a mod:i,,,trans,^st([^wyA}&])([^wyA}&])([^wyA}&])$,66,
177,Aista12a3,Aisota1o2aY,1.2.y,\1.\2.y,BACKOFF,[STEM-IV],sota1o2,lex:Aisota1o2aY,lex:Aisota\1o\2aY,sota1o2,sota\1o\2,sota1o2/IV,sota\1o\2/IV,na,pos:verb asp:i vox:a mod:i,,,#-iy trans,^st([^wyA}&])([^wyA}&])$,38,
178,Aisti1a2~a3,Aisoti1a2~aY,1.2.y,\1.\2.y,BACKOFF,[STEM-IV],soti1a2~,lex:Aisoti1a2~aY,lex:Aisoti\1a\2~aY,soti1a2~,soti\1a\2~,soti1a2~/IV,soti\1a\2~/IV,na,pos:verb asp:i vox:a mod:i,,,#-aY trans,^st([^wyA}&])([^wyA}&])$,7,
179,Aista12i3,Aisota1o2i3,1.2.3,\1.\2.\3,BACKOFF,[STEM-IV],sta1o2i3,lex:Aisota1o2i3,lex:Aisota\1o\2i\3,sta1o2i3,sta\1o\2i\3,sta1o2i3/IV,sta\1o\2i\3/IV,na,pos:verb asp:i vox:a mod:i,,,trans,^st([^wyA}&])([^wyA}&])([^wyA}&])$,1,
180,Aisti1a2~i3,Aisoti1a2~i3,1.2.3,\1.\2.\3,BACKOFF,[STEM-IV],soti1a2~i3,lex:Aisoti1a2~i3,lex:Aisoti\1a\2~i\3,soti1a2~i3,soti\1a\2~i\3,soti1a2~i3/IV,soti\1a\2~i\3/IV,na,pos:verb asp:i vox:a mod:i,,,trans,^st([^wyA}&])([^wyA}&])([^wyA}&])$,4,
181,Aista12a3,Aisota1owa3,1.w.3,\1.w.\2,BACKOFF,[STEM-IV],sota1owa3,lex:Aisota1owa3,lex:Aisota\1owa\2,sota1owa3,sota\1owa\2,sota1owa3/IV,sota\1owa\2/IV,na,pos:verb asp:i vox:a mod:i,,,trans,^st([^wyA}&])w([^wyA}&])$,7,
182,Aista12a3,Aisota1oya3,1.y.3,\1.y.\2,BACKOFF,[STEM-IV],sota1oya3,lex:Aisota1oya3,lex:Aisota\1oya\2,sota1oya3,sota\1oya\2,sota1oya3/IV,sota\1oya\2/IV,na,pos:verb asp:i vox:a mod:i,,,trans,^st([^wyA}&])y([^wyA}&])$,4,
183,Aisti1a2a3,Aisoti1a2~,1.2.3,\1.\2.\2,BACKOFF,[STEM-IV],soti1a2~,lex:Aisoti1a2~,lex:Aisoti\1a\2~,soti1a2~,soti\1a\2~,soti1a2~/IV,soti\1a\2~/IV,na,pos:verb asp:i vox:a mod:i,,,gem trans,^st([^wyA}&])([^wyA}&])$,3,
184,Aista12a3,Aisota1o2a>,1.2.>,\1.\2.>,BACKOFF,[STEM-IV],sota1o2,lex:Aisota1o2a>,lex:Aisota\1o\2a>,sota1o2,sota\1o\2,sota1o2/IV,sota\1o\2/IV,na,pos:verb asp:i vox:a mod:i,,,#-a> trans,^st([^wyA}&])([^wyA}&])$,2,
185,Aista12a3,Aisota1o2A,1.2.>,\1.\2.>,BACKOFF,[STEM-IV],sota1o2,lex:Aisota1o2A,lex:Aisota\1o\2A,sota1o2,sota\1o\2,sota1o2/IV,sota\1o\2/IV,na,pos:verb asp:i vox:a mod:i,,,#-iy trans,^st([^wyA}&])([^wyA}&])$,2,
186,Aista12i3,Aisota1owi3,1.w.3,\1.w.\2,BACKOFF,[STEM-IV],sota1owi3,lex:Aisota1owi3,lex:Aisota\1owi\2,sota1owi3,sota\1owi\2,sota1owi3/IV,sota\1owi\2/IV,na,pos:verb asp:i vox:a mod:i,,,trans,^st([^wyA}&])w([^wyA}&])$,11,
187,Aisti1a23i4,Aisoti1a2o3i4,1.2.3.4,\1.\2.\3.\4,BACKOFF,[STEM-IV],soti1a2o3i4,lex:Aisoti1a2o3i4,lex:Aisoti\1a\2o\3i\4,soti1a2o3i4,soti\1a\2o\3i\4,soti1a2o3i4/IV,soti\1a\2o\3i\4/IV,na,pos:verb asp:i vox:a mod:i,,,trans,^st([^wyA}&])([^wyA}&])([^wyA}&])([^wyA}&])$,1,
188,Aisti1a2~a3,Aisoti1a2~a3,1.2.3,\1.\2.\3,BACKOFF,[STEM-IV],soti1a2~a3,lex:Aisoti1a2~a3,lex:Aisoti\1a\2~a\3,soti1a2~a3,soti\1a\2~a\3,soti1a2~a3/IV,soti\1a\2~a\3/IV,na,pos:verb asp:i vox:a mod:i,,,trans,^st([^wyA}&])([^wyA}&])([^wyA}&])$,8,
189,Aista12a3,Aisota1aY,1.y.y,\1.y.y,BACKOFF,[STEM-IV],sota1,lex:Aisota1aY,lex:Aisota\1aY,sota1,sota\1,sota1/IV,sota\1/IV,na,pos:verb asp:i vox:a mod:i,,,#-iy trans,^st([^wyA}&])$,1,
190,Aista12a3,Aisota1oyA,1.y.w,\1.y.w,BACKOFF,[STEM-IV],sota1oy,lex:Aisota1oyA,lex:Aisota\1oyA,sota1oy,sota\1oy,sota1oy/IV,sota\1oy/IV,na,pos:verb asp:i vox:a mod:i,,,#-iy trans,^st([^wyA}&])y$,1,
191,Aista1a2~i3,Aisota1ay~i3,1.y.3,\1.y.\2,BACKOFF,[STEM-IV],sota1ay~i3,lex:Aisota1ay~i3,lex:Aisota\1ay~i\2,sota1ay~i3,sota\1ay~i\2,sota1ay~i3/IV,sota\1ay~i\2/IV,na,pos:verb asp:i vox:a mod:i,,,trans,^st([^wyA}&])y([^wyA}&])$,1,
192,Aisti1a2~a3,Aisoti1a2~A,1.2.>,\1.\2.>,BACKOFF,[STEM-IV],sota1a2~,lex:Aisoti1a2~A,lex:Aisoti\1a\2~A,sota1a2~,sota\1a\2~,sota1a2~/IV,sota\1a\2~/IV,na,pos:verb asp:i vox:a mod:i,,,#-aY trans,^st([^wyA}&])([^wyA}&])$,1,
193,Aista12i3,Aisota1oyi3,1.y.3,\1.y.\2,BACKOFF,[STEM-IV],sota1oyi3,lex:Aisota1oyi3,lex:Aisota\1oyi\2,sota1oyi3,sota\1oyi\2,sota1oyi3/IV,sota\1oyi\2/IV,na,pos:verb asp:i vox:a mod:i,,,trans,^st([^wyA}&])y([^wyA}&])$,9,
194,Aista1a2~a3,Aisota1a2~aY,1.2.y,\1.\2.y,BACKOFF,[STEM-IV],sota1a2~,lex:Aisota1a2~aY,lex:Aisota\1a\2~aY,sota1a2~,sota\1a\2~,sota1a2~/IV,sota\1a\2~/IV,na,pos:verb asp:i vox:a mod:i,,,#-aY trans,^st([^wyA}&])([^wyA}&])$,2,
195,Aista12a3,Aisota1o2aY,1.2.y,\1.\2.y,BACKOFF,[STEM-IV],sota1o2,lex:Aisota1o2aY,lex:Aisota\1o\2aY,sota1o2,sota\1o\2,sota1o2/IV,sota\1o\2/IV,na,pos:verb asp:i vox:a mod:i,,,#-aY trans,^st([^wyA}&])([^wyA}&])$,2,
196,Aisti1a23a4,Aisoti1a2o3a4,1.2.3.4,\1.\2.\3.\4,BACKOFF,[STEM-IV],soti1a2o3a4,lex:Aisoti1a2o3a4,lex:Aisoti\1a\2o\3a\4,soti1a2o3a4,soti\1a\2o\3a\4,soti1a2o3a4/IV,soti\1a\2o\3a\4/IV,na,pos:verb asp:i vox:a mod:i,,,trans,^st([^wyA}&])([^wyA}&])([^wyA}&])([^wyA}&])$,3,
197,Aisti1a2~a3,Aisoti1ay~a3,1.y.3,\1.y.\2,BACKOFF,[STEM-IV],soti1ay~a3,lex:Aisoti1ay~a3,lex:Aisoti\1ay~a\2,soti1ay~a3,soti\1ay~a\2,soti1ay~a3/IV,soti\1ay~a\2/IV,na,pos:verb asp:i vox:a mod:i,,,trans,^st([^wyA}&])y([^wyA}&])$,1,
198,Aista12a3,Aisota1owaY,1.w.y,\1.w.y,BACKOFF,[STEM-IV],sota1ow,lex:Aisota1owaY,lex:Aisota\1owaY,sota1ow,sota\1ow,sota1ow/IV,sota\1ow/IV,na,pos:verb asp:i vox:a mod:i,,,#-iy trans,^st([^wyA}&])w$,2,
199,Aista12a3,Aisota1oya3,1.y.3,\1.y.\2,BACKOFF,[STEM-IV],sota1oyi3,lex:Aisota1oya3,lex:Aisota\1oya\2,sota1oyi3,sota\1oyi\2,sota1oyi3/IV,sota\1oyi\2/IV,na,pos:verb asp:i vox:a mod:i,,,trans,^st([^wyA}&])y([^wyA}&])$,2,
200,Aista12a3,Aisota1owa3,1.w.3,\1.w.\2,BACKOFF,[STEM-IV],sota1owi3,lex:Aisota1owa3,lex:Aisota\1owa\2,sota1owi3,sota\1owi\2,sota1owi3/IV,sota\1owi\2/IV,na,pos:verb asp:i vox:a mod:i,,,trans,^st([^wyA}&])w([^wyA}&])$,3,
201,Aista12a3,Aisota1o>a3,1.>.3,\1.>.\2,BACKOFF,[STEM-IV],sota1o>a3,lex:Aisota1o>a3,lex:Aisota\1o>a\2,sota1o>a3,sota\1o>a\2,sota1o>a3/IV,sota\1o>a\2/IV,na,pos:verb asp:i vox:a mod:i,,,trans,^st([^wyA}&])A([^wyA}&])$,1,
202,Aisti1A2a3,Aisoti1AyA,1.y.>,\1.y.>,BACKOFF,[STEM-IV],soti1Ay,lex:Aisoti1AyA,lex:Aisoti\1AyA,soti1Ay,soti\1Ay,soti1Ay/IV,soti\1Ay/IV,na,pos:verb asp:i vox:a mod:i,,,#-aY trans,^st([^wyA}&])Ay$,1,
203,Aista12a3,Aisota1owaY,1.w.y,\1.w.y,BACKOFF,[STEM-IV],sota1ow,lex:Aisota1owaY,lex:Aisota\1owaY,sota1ow,sota\1ow,sota1ow/IV,sota\1ow/IV,na,pos:verb asp:i vox:a mod:i,,,#-aY trans,^st([^wyA}&])w$,1,
204,Aista12a3,Aisota1o>a3,1.>.3,\1.>.\2,BACKOFF,[STEM-IV],sota1o>i3,lex:Aisota1o>a3,lex:Aisota\1o>a\2,sota1o>i3,sota\1o>i\2,sota1o>i3/IV,sota\1o>i\2/IV,na,pos:verb asp:i vox:a mod:i,,,trans,^st([^wyA}&])A([^wyA}&])$,1,
205,Aisti1a23i4,Aisoti1a2owi4,1.2.w.4,\1.\2.w.\3,BACKOFF,[STEM-IV],soti1a2owi4,lex:Aisoti1a2owi4,lex:Aisoti\1a\2owi\3,soti1a2owi4,soti\1a\2owi\3,soti1a2owi4/IV,soti\1a\2owi\3/IV,na,pos:verb asp:i vox:a mod:i,,,trans,^st([^wyA}&])([^wyA}&])w([^wyA}&])$,1,
206,Aista12a3,Aisota2~aY,>.2.y,>.\1.y,BACKOFF,[STEM-IV],sota2~,lex:Aisota2~aY,lex:Aisota\1~aY,sota2~,sota\1~,sota2~/IV,sota\1~/IV,na,pos:verb asp:i vox:a mod:i,,,#-aY trans,^st([^wyA}&])$,1,
207,Aisti1a2~a3,Aisoti1a2~aY,1.2.y,\1.\2.y,BACKOFF,[STEM-IV],sota1a2~,lex:Aisoti1a2~aY,lex:Aisoti\1a\2~aY,sota1a2~,sota\1a\2~,sota1a2~/IV,sota\1a\2~/IV,na,pos:verb asp:i vox:a mod:i,,,#-aY trans,^st([^wyA}&])([^wyA}&])$,1,
208,Aista1a2~a3,Aisota1ay~a>,1.y.>,\1.y.>,BACKOFF,[STEM-IV],sota1ay~,lex:Aisota1ay~a>,lex:Aisota\1ay~a>,sota1ay~,sota\1ay~,sota1ay~/IV,sota\1ay~/IV,na,pos:verb asp:i vox:a mod:i,,,#-a> trans,^st([^wyA}&])y$,1,
209,Aista12a3,Aisotawo2a3,w.2.3,w.\1.\2,BACKOFF,[STEM-IV],sotaw2i3,lex:Aisotawo2a3,lex:Aisotawo\1a\2,sotaw2i3,sotaw\1i\2,sotaw2i3/IV,sotaw\1i\2/IV,na,pos:verb asp:i vox:a mod:i,,,trans,^stw([^wyA}&])([^wyA}&])$,13,
210,Aista12i3,Aisotawo2i3,w.2.3,w.\1.\2,BACKOFF,[STEM-IV],sotaw2i3,lex:Aisotawo2i3,lex:Aisotawo\1i\2,sotaw2i3,sotaw\1i\2,sotaw2i3/IV,sotaw\1i\2/IV,na,pos:verb asp:i vox:a mod:i,,,trans,^stw([^wyA}&])([^wyA}&])$,4,
211,Aista12a3,Aisotawo2aY,w.2.y,w.\1.y,BACKOFF,[STEM-IV],sotaw2,lex:Aisotawo2aY,lex:Aisotawo\1aY,sotaw2,sotaw\1,sotaw2/IV,sotaw\1/IV,na,pos:verb asp:i vox:a mod:i,,,#-iy trans,^stw([^wyA}&])$,5,
212,Aisti1a2~a3,Aisotiwa2~aY,w.2.y,w.\1.y,BACKOFF,[STEM-IV],sotiwa2~,lex:Aisotiwa2~aY,lex:Aisotiwa\1~aY,sotiwa2~,sotiwa\1~,sotiwa2~/IV,sotiwa\1~/IV,na,pos:verb asp:i vox:a mod:i,,,#-aY trans,^stw([^wyA}&])$,1,
213,Aista12a3,Aisotawo2a3,w.2.3,w.\1.\2,BACKOFF,[STEM-IV],sotaw2a3,lex:Aisotawo2a3,lex:Aisotawo\1a\2,sotaw2a3,sotaw\1a\2,sotaw2a3/IV,sotaw\1a\2/IV,na,pos:verb asp:i vox:a mod:i,,,trans,^stw([^wyA}&])([^wyA}&])$,6,
214,Ai12a34a5,Ai1o2a>o4a5,1.2.>.4.5,\1.\2.>.\3.\4,BACKOFF,[STEM-IV],1o2a>o4a5,lex:Ai1o2a>o4a5,lex:Ai\1o\2a>o\3a\4,1o2a>o4a5,\1o\2a>o\3a\4,1o2a>o4a5/IV,\1o\2a>o\3a\4/IV,na,pos:verb asp:i vox:a mod:i,,,trans,^([^wyA}&])([^wyA}&])A([^wyA}&])([^wyA}&])$,1,
215,Ai1ta2a3,Ai1oTA3,1.w.3,\1.w.\2,BACKOFF,[STEM-IV],1oTA3,lex:Ai1oTA3,lex:Ai\1oTA\2,1oTA3,\1oTA\2,1oTA3/IV,\1oTA\2/IV,na,pos:verb asp:i vox:a mod:i,,,trans,^([^wyA}&])TA([^wyA}&])$,1,
216,Ai1ta2a3,Ai1oTa2a3,1.2.3,\1.\2.\3,BACKOFF,[STEM-IV],1oTi2i3,lex:Ai1oTa2a3,lex:Ai\1oTa\2a\3,1oTi2i3,\1oTi\2i\3,1oTi2i3/IV,\1oTi\2i\3/IV,na,pos:verb asp:i vox:a mod:i,,,trans,^([^wyA}&])T([^wyA}&])([^wyA}&])$,7,
217,Ai1ta2a3,Ai1oTa2~,1.2.3,\1.\2.\2,BACKOFF,[STEM-IV],1oTa2~,lex:Ai1oTa2~,lex:Ai\1oTa\2~,1oTa2~,\1oTa\2~,1oTa2~/IV,\1oTa\2~/IV,na,pos:verb asp:i vox:a mod:i,,,gem trans,^([^wyA}&])T([^wyA}&])$,2,
218,Ai1ta2a3,Ai1oTa2aY,1.2.y,\1.\2.y,BACKOFF,[STEM-IV],1oTi2,lex:Ai1oTa2aY,lex:Ai\1oTa\2aY,1oTi2,\1oTi\2,1oTi2/IV,\1oTi\2/IV,na,pos:verb asp:i vox:a mod:i,,,#-iy trans,^([^wyA}&])T([^wyA}&])$,1,
219,Ai1ta2a3,Ai1ota>a3,1.>.3,\1.>.\2,BACKOFF,[STEM-IV],1oti>i3,lex:Ai1ota>a3,lex:Ai\1ota>a\2,1oti>i3,\1oti>i\2,1oti>i3/IV,\1oti>i\2/IV,na,pos:verb asp:i vox:a mod:i,,,trans,^([^wyA}&])tA([^wyA}&])$,2,
220,Ai1ta2a3,Ai1ota2a>,1.2.>,\1.\2.>,BACKOFF,[STEM-IV],1oti2i},lex:Ai1ota2a>,lex:Ai\1ota\2a>,1oti2i},\1oti\2i},1oti2i}/IV,\1oti\2i}/IV,na,pos:verb asp:i vox:a mod:i,,,trans,^([^wyA}&])t([^wyA}&])}$,1,
221,Ai1ta2a3,Ai1ota2~,1.2.3,\1.\2.\2,BACKOFF,[STEM-IV],1ta2~,lex:Ai1ota2~,lex:Ai\1ota\2~,1ta2~,\1ta\2~,1ta2~/IV,\1ta\2~/IV,na,pos:verb asp:i vox:a mod:i,,,gem trans,^([^wyA}&])t([^wyA}&])$,1,
222,Ain1a2a3,Aino1A3,1.w.3,\1.w.\2,BACKOFF,[STEM-IV],no1A3,lex:Aino1A3,lex:Aino\1A\2,no1A3,no\1A\2,no1A3/IV,no\1A\2/IV,na,pos:verb asp:i vox:a mod:i,,,trans,^n([^wyA}&])A([^wyA}&])$,23,
223,Ain1a2a3,Aino1A3,1.y.3,\1.y.\2,BACKOFF,[STEM-IV],no1A3,lex:Aino1A3,lex:Aino\1A\2,no1A3,no\1A\2,no1A3/IV,no\1A\2/IV,na,pos:verb asp:i vox:a mod:i,,,trans,^n([^wyA}&])A([^wyA}&])$,16,
224,Ain1a2a3,Aino1a2~,1.2.3,\1.\2.\2,BACKOFF,[STEM-IV],no1a2~,lex:Aino1a2~,lex:Aino\1a\2~,no1a2~,no\1a\2~,no1a2~/IV,no\1a\2~/IV,na,pos:verb asp:i vox:a mod:i,,,gem trans,^n([^wyA}&])([^wyA}&])$,86,
225,Ain1a2a3,Aino1a2a3,1.2.3,\1.\2.\3,BACKOFF,[STEM-IV],no1i2i3,lex:Aino1a2a3,lex:Aino\1a\2a\3,no1i2i3,no\1i\2i\3,no1i2i3/IV,no\1i\2i\3/IV,na,pos:verb asp:i vox:a mod:i,,,trans,^n([^wyA}&])([^wyA}&])([^wyA}&])$,364,
226,Ain1a2a3,Aino1a2aY,1.2.y,\1.\2.y,BACKOFF,[STEM-IV],no1i2,lex:Aino1a2aY,lex:Aino\1a\2aY,no1i2,no\1i\2,no1i2/IV,no\1i\2/IV,na,pos:verb asp:i vox:a mod:i,,,#-iy trans,^n([^wyA}&])([^wyA}&])$,27,
227,Ain1a2a3,Aino1awa3,1.w.3,\1.w.\2,BACKOFF,[STEM-IV],no1iwi3,lex:Aino1awa3,lex:Aino\1awa\2,no1iwi3,no\1iwi\2,no1iwi3/IV,no\1iwi\2/IV,na,pos:verb asp:i vox:a mod:i,,,trans,^n([^wyA}&])w([^wyA}&])$,10,
228,Ain1a2a3,Aino1aya3,1.y.3,\1.y.\2,BACKOFF,[STEM-IV],no1iyi3,lex:Aino1aya3,lex:Aino\1aya\2,no1iyi3,no\1iyi\2,no1iyi3/IV,no\1iyi\2/IV,na,pos:verb asp:i vox:a mod:i,,,trans,^n([^wyA}&])y([^wyA}&])$,1,
229,Ain1a2a3,Aino1awaY,1.w.y,\1.w.y,BACKOFF,[STEM-IV],no1iw,lex:Aino1awaY,lex:Aino\1awaY,no1iw,no\1iw,no1iw/IV,no\1iw/IV,na,pos:verb asp:i vox:a mod:i,,,#-iy trans,^n([^wyA}&])w$,3,
230,Ain1a2a3,Aino1a>a3,1.>.3,\1.>.\2,BACKOFF,[STEM-IV],no1i>i3,lex:Aino1a>a3,lex:Aino\1a>a\2,no1i>i3,no\1i>i\2,no1i>i3/IV,no\1i>i\2/IV,na,pos:verb asp:i vox:a mod:i,,,trans,^n([^wyA}&])A([^wyA}&])$,1,
231,Ain1a2a3,Aino1a2a3,1.2.3,\1.\2.\3,BACKOFF,[STEM-IV],1~i2i3,lex:Aino1a2a3,lex:Aino\1a\2a\3,1~i2i3,\1~i\2i\3,1~i2i3/IV,\1~i\2i\3/IV,na,pos:verb asp:i vox:a mod:i,,,trans,^([^wyA}&])([^wyA}&])([^wyA}&])$,1,
232,Ain1a2a3,Aino1a2A,1.2.>,\1.\2.>,BACKOFF,[STEM-IV],no1i2,lex:Aino1a2A,lex:Aino\1a\2A,no1i2,no\1i\2,no1i2/IV,no\1i\2/IV,na,pos:verb asp:i vox:a mod:i,,,#-iy trans,^n([^wyA}&])([^wyA}&])$,1,
233,Ain1a2a3,Ainowa2a>,w.2.>,w.\1.>,BACKOFF,[STEM-IV],nowi2i},lex:Ainowa2a>,lex:Ainowa\1a>,nowi2i},nowi\1i},nowi2i}/IV,nowi\1i}/IV,na,pos:verb asp:i vox:a mod:i,,,trans,^nw([^wyA}&])}$,1,
234,Ain1a2a3,Ainowa2A,w.2.>,w.\1.>,BACKOFF,[STEM-IV],nowi2,lex:Ainowa2A,lex:Ainowa\1A,nowi2,nowi\1,nowi2/IV,nowi\1/IV,na,pos:verb asp:i vox:a mod:i,,,#-iy trans,^nw([^wyA}&])$,1,
235,Ain1a2a3,Ainowa2a3,w.2.3,w.\1.\2,BACKOFF,[STEM-IV],nowi2i3,lex:Ainowa2a3,lex:Ainowa\1a\2,nowi2i3,nowi\1i\2,nowi2i3/IV,nowi\1i\2/IV,na,pos:verb asp:i vox:a mod:i,,,trans,^nw([^wyA}&])([^wyA}&])$,14,
236,Ain1a2a3,Ainowa2~,w.2.3,w.\1.\1,BACKOFF,[STEM-IV],nowa2~,lex:Ainowa2~,lex:Ainowa\1~,nowa2~,nowa\1~,nowa2~/IV,nowa\1~/IV,na,pos:verb asp:i vox:a mod:i,,,gem trans,^nw([^wyA}&])$,1,
237,Ai12a3~,Aiwo2a3~,w.2.3,w.\1.\2,BACKOFF,[STEM-IV],wo2a3~,lex:Aiwo2a3~,lex:Aiwo\1a\2~,wo2a3~,wo\1a\2~,wo2a3~/IV,wo\1a\2~/IV,na,pos:verb asp:i vox:a mod:i,,,gem trans,^w([^wyA}&])([^wyA}&])$,1,
238,1a23a4,1a>o3a>,1.>.3.>,\1.>.\2.>,BACKOFF,[STEM-IV],1a>o3,lex:1a>o3a>,lex:\1a>o\2a>,1a>o3,\1a>o\2,1a>o3/IV,\1a>o\2/IV,na,pos:verb asp:i vox:a mod:i,,,#-a> trans,^([^wyA}&])A([^wyA}&])$,6,
239,1a2a3,1A3,1.y.3,\1.y.\2,BACKOFF,[STEM-IV],1A3,lex:1A3,lex:\1A\2,1A3,\1A\2,1A3/IV,\1A\2/IV,na,pos:verb asp:i vox:a mod:i,,,trans,^([^wyA}&])A([^wyA}&])$,4,
240,1A2i3,1A2i3,1.2.3,\1.\2.\3,BACKOFF,[STEM-IV],1A2i#3,lex:1A2i3,lex:\1A\2i\3,1A2i#3,\1A\2i#\3,1A2i#3/IV,\1A\2i#\3/IV,na,pos:verb asp:i vox:a mod:i,,,trans,^([^wyA}&])A([^wyA}&])#([^wyA}&])$,154,
241,1a2a3,1A3,1.w.3,\1.w.\2,BACKOFF,[STEM-IV],1uw3,lex:1A3,lex:\1A\2,1uw3,\1uw\2,1uw3/IV,\1uw\2/IV,na,pos:verb asp:i vox:a mod:i,,,trans,^([^wyA}&])w([^wyA}&])$,62,
242,1a2a3,1A3,1.y.3,\1.y.\2,BACKOFF,[STEM-IV],1iy3,lex:1A3,lex:\1A\2,1iy3,\1iy\2,1iy3/IV,\1iy\2/IV,na,pos:verb asp:i vox:a mod:i,,,trans,^([^wyA}&])y([^wyA}&])$,47,
243,1a2a3,1A2a3,1.2.3,\1.\2.\3,BACKOFF,[STEM-IV],1A2i3,lex:1A2a3,lex:\1A\2a\3,1A2i3,\1A\2i\3,1A2i3/IV,\1A\2i\3/IV,na,pos:verb asp:i vox:a mod:i,,,trans,^([^wyA}&])A([^wyA}&])([^wyA}&])$,1,
244,1a2a3,1A2aY,1.2.y,\1.\2.y,BACKOFF,[STEM-IV],1A2,lex:1A2aY,lex:\1A\2aY,1A2,\1A\2,1A2/IV,\1A\2/IV,na,pos:verb asp:i vox:a mod:i,,,#-iy trans,^([^wyA}&])A([^wyA}&])$,33,
245,1A2i3,1Ayi3,1.y.3,\1.y.\2,BACKOFF,[STEM-IV],1Ayi#3,lex:1Ayi3,lex:\1Ayi\2,1Ayi#3,\1Ayi#\2,1Ayi#3/IV,\1Ayi#\2/IV,na,pos:verb asp:i vox:a mod:i,,,trans,^([^wyA}&])Ay#([^wyA}&])$,15,
246,1a2a3,1a2~,1.2.3,\1.\2.\2,BACKOFF,[STEM-IV],1i2~,lex:1a2~,lex:\1a\2~,1i2~,\1i\2~,1i2~/IV,\1i\2~/IV,na,pos:verb asp:i vox:a mod:i,,,gem trans,^([^wyA}&])([^wyA}&])$,134,
247,1a2a3,1a2a3,1.2.3,\1.\2.\3,BACKOFF,[STEM-IV],12i3,lex:1a2a3,lex:\1a\2a\3,12i3,\1\2i\3,12i3/IV,\1\2i\3/IV,na,pos:verb asp:i vox:a mod:i,,,trans,^([^wyA}&])([^wyA}&])([^wyA}&])$,361,
248,1a2~i3,1a2~i3,1.2.3,\1.\2.\3,BACKOFF,[STEM-IV],1a2~i3,lex:1a2~i3,lex:\1a\2~i\3,1a2~i3,\1a\2~i\3,1a2~i3/IV,\1a\2~i\3/IV,na,pos:verb asp:i vox:a mod:i,,,trans,^([^wyA}&])([^wyA}&])([^wyA}&])$,415,
249,1a2~a3,1a2~a3,1.2.3,\1.\2.\3,BACKOFF,[STEM-IV],1a2~a3,lex:1a2~a3,lex:\1a\2~a\3,1a2~a3,\1a\2~a\3,1a2~a3/IV,\1a\2~a\3/IV,na,pos:verb asp:i vox:a mod:i,,,trans,^([^wyA}&])([^wyA}&])([^wyA}&])$,589,
250,1a23a4,1a2o3a4,1.2.3.4,\1.\2.\3.\4,BACKOFF,[STEM-IV],1a2o3a4,lex:1a2o3a4,lex:\1a\2o\3a\4,1a2o3a4,\1a\2o\3a\4,1a2o3a4/IV,\1a\2o\3a\4/IV,na,pos:verb asp:i vox:a mod:i,,,trans,^([^wyA}&])([^wyA}&])([^wyA}&])([^wyA}&])$,305,
251,1a2a3,1a2a3,1.2.3,\1.\2.\3,BACKOFF,[STEM-IV],12a3,lex:1a2a3,lex:\1a\2a\3,12a3,\1\2a\3,12a3/IV,\1\2a\3/IV,na,pos:verb asp:i vox:a mod:i,,,trans,^([^wyA}&])([^wyA}&])([^wyA}&])$,230,
252,1i2i3,1i2i3,1.2.3,\1.\2.\3,BACKOFF,[STEM-IV],12a3,lex:1i2i3,lex:\1i\2i\3,12a3,\1\2a\3,12a3/IV,\1\2a\3/IV,na,pos:verb asp:i vox:a mod:i,,,trans,^([^wyA}&])([^wyA}&])([^wyA}&])$,122,
253,1a2a3,1a2a>,1.2.>,\1.\2.>,BACKOFF,[STEM-IV],12,lex:1a2a>,lex:\1a\2a>,12,\1\2,12/IV,\1\2/IV,na,pos:verb asp:i vox:a mod:i,,,#-a> trans,^([^wyA}&])([^wyA}&])$,5,
254,1a2a3,1a2A,1.2.w,\1.\2.w,BACKOFF,[STEM-IV],12,lex:1a2A,lex:\1a\2A,12,\1\2,12/IV,\1\2/IV,na,pos:verb asp:i vox:a mod:i,,,#-iy trans,^([^wyA}&])([^wyA}&])$,12,
255,1a2~a3,1a2~aY,1.2.y,\1.\2.y,BACKOFF,[STEM-IV],1a2~,lex:1a2~aY,lex:\1a\2~aY,1a2~,\1a\2~,1a2~/IV,\1a\2~/IV,na,pos:verb asp:i vox:a mod:i,,,#-iy trans,^([^wyA}&])([^wyA}&])$,80,
256,1a2~a3,1a2~a>,1.2.>,\1.\2.>,BACKOFF,[STEM-IV],1a2~,lex:1a2~a>,lex:\1a\2~a>,1a2~,\1a\2~,1a2~/IV,\1a\2~/IV,na,pos:verb asp:i vox:a mod:i,,,#-a> trans,^([^wyA}&])([^wyA}&])$,5,
257,1a23i4,1a2o3i4,1.2.3.4,\1.\2.\3.\4,BACKOFF,[STEM-IV],1a2o3i4,lex:1a2o3i4,lex:\1a\2o\3i\4,1a2o3i4,\1a\2o\3i\4,1a2o3i4/IV,\1a\2o\3i\4/IV,na,pos:verb asp:i vox:a mod:i,,,trans,^([^wyA}&])([^wyA}&])([^wyA}&])([^wyA}&])$,220,
258,1a23i4,1a2owi4,1.2.w.4,\1.\2.w.\3,BACKOFF,[STEM-IV],1a2owi4,lex:1a2owi4,lex:\1a\2owi\3,1a2owi4,\1a\2owi\3,1a2owi4/IV,\1a\2owi\3/IV,na,pos:verb asp:i vox:a mod:i,,,trans,^([^wyA}&])([^wyA}&])w([^wyA}&])$,29,
259,1a23a4,1a2owa4,1.2.w.4,\1.\2.w.\3,BACKOFF,[STEM-IV],1a2owa4,lex:1a2owa4,lex:\1a\2owa\3,1a2owa4,\1a\2owa\3,1a2owa4/IV,\1a\2owa\3/IV,na,pos:verb asp:i vox:a mod:i,,,trans,^([^wyA}&])([^wyA}&])w([^wyA}&])$,22,
260,1a2a3,1a2aY,1.2.y,\1.\2.y,BACKOFF,[STEM-IV],12,lex:1a2aY,lex:\1a\2aY,12,\1\2,12/IV,\1\2/IV,na,pos:verb asp:i vox:a mod:i,,,#-iy trans,^([^wyA}&])([^wyA}&])$,67,
261,1a2~a3,1a2~a3,1.2.3,\1.\2.\3,BACKOFF,[STEM-IV],1a2~a2,lex:1a2~a3,lex:\1a\2~a\3,1a2~a2,\1a\2~a\3,1a2~a2/IV,\1a\2~a\3/IV,na,pos:verb asp:i vox:a mod:i,,,trans,^([^wyA}&])([^wyA}&])([^wyA}&])$,36,
262,1i2i3,1i2iy,1.2.y,\1.\2.y,BACKOFF,[STEM-IV],12,lex:1i2iy,lex:\1i\2iy,12,\1\2,12/IV,\1\2/IV,na,pos:verb asp:i vox:a mod:i,,,#-aY trans,^([^wyA}&])([^wyA}&])$,41,
263,1i2i3,1i2i3,1.2.3,\1.\2.\3,BACKOFF,[STEM-IV],12i3,lex:1i2i3,lex:\1i\2i\3,12i3,\1\2i\3,12i3/IV,\1\2i\3/IV,na,pos:verb asp:i vox:a mod:i,,,trans,^([^wyA}&])([^wyA}&])([^wyA}&])$,27,
264,1a2a3,1a2aY,1.2.y,\1.\2.y,BACKOFF,[STEM-IV],1o2,lex:1a2aY,lex:\1a\2aY,1o2,\1o\2,1o2/IV,\1o\2/IV,na,pos:verb asp:i vox:a mod:i,,,#-iy trans,^([^wyA}&])([^wyA}&])$,4,
265,1a2~i3,1aw~i3,1.w.3,\1.w.\2,BACKOFF,[STEM-IV],1aw~i3,lex:1aw~i3,lex:\1aw~i\2,1aw~i3,\1aw~i\2,1aw~i3/IV,\1aw~i\2/IV,na,pos:verb asp:i vox:a mod:i,,,trans,^([^wyA}&])w([^wyA}&])$,85,
266,1a2~a3,1aw~a3,1.w.3,\1.w.\2,BACKOFF,[STEM-IV],1aw~a3,lex:1aw~a3,lex:\1aw~a\2,1aw~a3,\1aw~a\2,1aw~a3/IV,\1aw~a\2/IV,na,pos:verb asp:i vox:a mod:i,,,trans,^([^wyA}&])w([^wyA}&])$,63,
267,1a2~i3,1ay~i3,1.y.3,\1.y.\2,BACKOFF,[STEM-IV],1ay~i3,lex:1ay~i3,lex:\1ay~i\2,1ay~i3,\1ay~i\2,1ay~i3/IV,\1ay~i\2/IV,na,pos:verb asp:i vox:a mod:i,,,trans,^([^wyA}&])y([^wyA}&])$,63,
268,1a2~a3,1ay~a3,1.y.3,\1.y.\2,BACKOFF,[STEM-IV],1ay~a3,lex:1ay~a3,lex:\1ay~a\2,1ay~a3,\1ay~a\2,1ay~a3/IV,\1ay~a\2/IV,na,pos:verb asp:i vox:a mod:i,,,trans,^([^wyA}&])y([^wyA}&])$,37,
269,ta1a2~a3,ta>a2~aY,>.2.y,>.\1.y,BACKOFF,[STEM-IV],t>a2~,lex:ta>a2~aY,lex:ta>a\1~aY,t>a2~,t>a\1~,t>a2~/IV,t>a\1~/IV,na,pos:verb asp:i vox:a mod:i,,,#-aY trans,^tA([^wyA}&])$,1,
270,1a2a3,1AwaY,1.w.y,\1.w.y,BACKOFF,[STEM-IV],1Aw,lex:1AwaY,lex:\1AwaY,1Aw,\1Aw,1Aw/IV,\1Aw/IV,na,pos:verb asp:i vox:a mod:i,,,#-iy trans,^([^wyA}&])Aw$,4,
271,ta1a2~a3,ta1a2~a3,1.2.3,\1.\2.\3,BACKOFF,[STEM-IV],t1a2~i3,lex:ta1a2~a3,lex:ta\1a\2~a\3,t1a2~i3,t\1a\2~i\3,t1a2~i3/IV,t\1a\2~i\3/IV,na,pos:verb asp:i vox:a mod:i,,,trans,^t([^wyA}&])([^wyA}&])([^wyA}&])$,1,
272,ta1a2~a3,ta1a2~aY,1.2.y,\1.\2.y,BACKOFF,[STEM-IV],t1a2~,lex:ta1a2~aY,lex:ta\1a\2~aY,t1a2~,t\1a\2~,t1a2~/IV,t\1a\2~/IV,na,pos:verb asp:i vox:a mod:i,,,#-aY trans,^t([^wyA}&])([^wyA}&])$,3,
273,ta1a2~a3,ta1ay~a3,1.y.3,\1.y.\2,BACKOFF,[STEM-IV],t1ay~i3,lex:ta1ay~a3,lex:ta\1ay~a\2,t1ay~i3,t\1ay~i\2,t1ay~i3/IV,t\1ay~i\2/IV,na,pos:verb asp:i vox:a mod:i,,,trans,^t([^wyA}&])y([^wyA}&])$,1,
274,ta1A2a3,ta1A2a3,1.2.3,\1.\2.\3,BACKOFF,[STEM-IV],ta1A2a#3,lex:ta1A2a3,lex:ta\1A\2a\3,ta1A2a#3,ta\1A\2a#\3,ta1A2a#3/IV,ta\1A\2a#\3/IV,na,pos:verb asp:i vox:a mod:i,,,trans,^t([^wyA}&])A([^wyA}&])#([^wyA}&])$,2,
275,ta1A2a3,ta1A2aY,1.2.y,\1.\2.y,BACKOFF,[STEM-IV],t1A2,lex:ta1A2aY,lex:ta\1A\2aY,t1A2,t\1A\2,t1A2/IV,t\1A\2/IV,na,pos:verb asp:i vox:a mod:i,,,#-aY trans,^t([^wyA}&])A([^wyA}&])$,1,
276,ta1a23a4,ta1a2o3a4,1.2.3.4,\1.\2.\3.\4,BACKOFF,[STEM-IV],t1a2o3i4,lex:ta1a2o3a4,lex:ta\1a\2o\3a\4,t1a2o3i4,t\1a\2o\3i\4,t1a2o3i4/IV,t\1a\2o\3i\4/IV,na,pos:verb asp:i vox:a mod:i,,,trans,^t([^wyA}&])([^wyA}&])([^wyA}&])([^wyA}&])$,1,
277,ta1A2a3,tawA2a3,w.2.3,w.\1.\2,BACKOFF,[STEM-IV],tawA2a#3,lex:tawA2a3,lex:tawA\1a\2,tawA2a#3,tawA\1a#\2,tawA2a#3/IV,tawA\1a#\2/IV,na,pos:verb asp:i vox:a mod:i,,,trans,^twA([^wyA}&])#([^wyA}&])$,1,
278,ta1a2~a3,tawa2~a3,w.2.3,w.\1.\2,BACKOFF,[STEM-IV],twa2~i3,lex:tawa2~a3,lex:tawa\1~a\2,twa2~i3,twa\1~i\2,twa2~i3/IV,twa\1~i\2/IV,na,pos:verb asp:i vox:a mod:i,,,trans,^tw([^wyA}&])([^wyA}&])$,2,
279,1a2a3,1awa3,1.w.3,\1.w.\2,BACKOFF,[STEM-IV],1wi3,lex:1awa3,lex:\1awa\2,1wi3,\1wi\2,1wi3/IV,\1wi\2/IV,na,pos:verb asp:i vox:a mod:i,,,trans,^([^wyA}&])w([^wyA}&])$,16,
280,1a23i4,1awo3i4,1.w.3.4,\1.w.\2.\3,BACKOFF,[STEM-IV],1aw3i4,lex:1awo3i4,lex:\1awo\2i\3,1aw3i4,\1aw\2i\3,1aw3i4/IV,\1aw\2i\3/IV,na,pos:verb asp:i vox:a mod:i,,,trans,^([^wyA}&])w([^wyA}&])([^wyA}&])$,2,
281,ta1a2~a3,taya2~a3,y.2.3,y.\1.\2,BACKOFF,[STEM-IV],tya2~a3,lex:taya2~a3,lex:taya\1~a\2,tya2~a3,tya\1~a\2,tya2~a3/IV,tya\1~a\2/IV,na,pos:verb asp:i vox:a mod:i,,,trans,^ty([^wyA}&])([^wyA}&])$,1,
282,1A2i3,1A}i3,1.y.3,\1.y.\2,BACKOFF,[STEM-IV],1A}i#3,lex:1A}i3,lex:\1A}i\2,1A}i#3,\1A}i#\2,1A}i#3/IV,\1A}i#\2/IV,na,pos:verb asp:i vox:a mod:i,,,trans,^([^wyA}&])A}#([^wyA}&])$,1,
283,1a2a3,1A3,1.w.3,\1.w.\2,BACKOFF,[STEM-IV],1iy3,lex:1A3,lex:\1A\2,1iy3,\1iy\2,1iy3/IV,\1iy\2/IV,na,pos:verb asp:i vox:a mod:i,,,trans,^([^wyA}&])y([^wyA}&])$,27,
284,1a2a3,1A3,1.y.3,\1.y.\2,BACKOFF,[STEM-IV],1uw3,lex:1A3,lex:\1A\2,1uw3,\1uw\2,1uw3/IV,\1uw\2/IV,na,pos:verb asp:i vox:a mod:i,,,trans,^([^wyA}&])w([^wyA}&])$,8,
285,1A2a3,1A3~,1.w.3,\1.w.\2,BACKOFF,[STEM-IV],1iy3~,lex:1A3~,lex:\1A\2~,1iy3~,\1iy\2~,1iy3~/IV,\1iy\2~/IV,na,pos:verb asp:i vox:a mod:i,,,gem trans,^([^wyA}&])y([^wyA}&])$,1,
286,1a2a3,1A2a3,1.2.3,\1.\2.\3,BACKOFF,[STEM-IV],1A2i#3,lex:1A2a3,lex:\1A\2a\3,1A2i#3,\1A\2i#\3,1A2i#3/IV,\1A\2i#\3/IV,na,pos:verb asp:i vox:a mod:i,,,trans,^([^wyA}&])A([^wyA}&])#([^wyA}&])$,3,
287,1A2i3,1Awi3,1.w.3,\1.w.\2,BACKOFF,[STEM-IV],1Awi#3,lex:1Awi3,lex:\1Awi\2,1Awi#3,\1Awi#\2,1Awi#3/IV,\1Awi#\2/IV,na,pos:verb asp:i vox:a mod:i,,,trans,^([^wyA}&])Aw#([^wyA}&])$,23,
288,1a23a4,1a2oya4,1.2.y.4,\1.\2.y.\3,BACKOFF,[STEM-IV],1a2oya4,lex:1a2oya4,lex:\1a\2oya\3,1a2oya4,\1a\2oya\3,1a2oya4/IV,\1a\2oya\3/IV,na,pos:verb asp:i vox:a mod:i,,,trans,^([^wyA}&])([^wyA}&])y([^wyA}&])$,8,
289,1i2i3,1ih,1.y.y,\1.y.y,BACKOFF,[STEM-IV],1,lex:1ih,lex:\1ih,1,\1,1/IV,\1/IV,na,pos:verb asp:i vox:a mod:i,,,#-iy trans,^([^wyA}&])$,1,
290,1A2a3,1A2A,1.2.w,\1.\2.w,BACKOFF,[STEM-IV],1A2,lex:1A2A,lex:\1A\2A,1A2,\1A\2,1A2/IV,\1A\2/IV,na,pos:verb asp:i vox:a mod:i,,,#-iy trans,^([^wyA}&])A([^wyA}&])$,1,
291,1a2a3,1AyA,1.y.w,\1.y.w,BACKOFF,[STEM-IV],1Ay,lex:1AyA,lex:\1AyA,1Ay,\1Ay,1Ay/IV,\1Ay/IV,na,pos:verb asp:i vox:a mod:i,,,#-iy trans,^([^wyA}&])Ay$,1,
292,1a2a3,1a2a3,1.2.3,\1.\2.\3,BACKOFF,[STEM-IV],12u3,lex:1a2a3,lex:\1a\2a\3,12u3,\1\2u\3,12u3/IV,\1\2u\3/IV,na,pos:verb asp:i vox:a mod:i,,,trans,^([^wyA}&])([^wyA}&])([^wyA}&])$,2,
293,1u2u3,1u2u3,1.2.3,\1.\2.\3,BACKOFF,[STEM-IV],12a3,lex:1u2u3,lex:\1u\2u\3,12a3,\1\2a\3,12a3/IV,\1\2a\3/IV,na,pos:verb asp:i vox:a mod:i,,,trans,^([^wyA}&])([^wyA}&])([^wyA}&])$,1,
294,1a2a3,1a2A,1.2.w,\1.\2.w,BACKOFF,[STEM-IV],12,lex:1a2A,lex:\1a\2A,12,\1\2,12/IV,\1\2/IV,na,pos:verb asp:i vox:a mod:i,,,#-A trans,^([^wyA}&])([^wyA}&])$,1,
295,1a2~a3,1a2~A,1.2.w,\1.\2.w,BACKOFF,[STEM-IV],1a2~,lex:1a2~A,lex:\1a\2~A,1a2~,\1a\2~,1a2~/IV,\1a\2~/IV,na,pos:verb asp:i vox:a mod:i,,,#-iy trans,^([^wyA}&])([^wyA}&])$,5,
296,1i2i3,1iwi3,1.w.3,\1.w.\2,BACKOFF,[STEM-IV],1wi3,lex:1iwi3,lex:\1iwi\2,1wi3,\1wi\2,1wi3/IV,\1wi\2/IV,na,pos:verb asp:i vox:a mod:i,,,trans,^([^wyA}&])w([^wyA}&])$,1,
297,1a2a3,1awaY,1.w.y,\1.w.y,BACKOFF,[STEM-IV],1w,lex:1awaY,lex:\1awaY,1w,\1w,1w/IV,\1w/IV,na,pos:verb asp:i vox:a mod:i,,,#-iy trans,^([^wyA}&])w$,12,
298,1a2~a3,1aw~aY,1.w.y,\1.w.y,BACKOFF,[STEM-IV],1aw~,lex:1aw~aY,lex:\1aw~aY,1aw~,\1aw~,1aw~/IV,\1aw~/IV,na,pos:verb asp:i vox:a mod:i,,,#-iy trans,^([^wyA}&])w$,7,
299,1a2a3,1ayA,1.y.w,\1.y.w,BACKOFF,[STEM-IV],1y,lex:1ayA,lex:\1ayA,1y,\1y,1y/IV,\1y/IV,na,pos:verb asp:i vox:a mod:i,,,#-iy trans,^([^wyA}&])y$,2,
300,1a2~a3,1ay~A,1.y.w,\1.y.w,BACKOFF,[STEM-IV],1ay~,lex:1ay~A,lex:\1ay~A,1ay~,\1ay~,1ay~/IV,\1ay~/IV,na,pos:verb asp:i vox:a mod:i,,,#-iy trans,^([^wyA}&])y$,2,
301,1i2i3,1iyiy,1.y.w,\1.y.w,BACKOFF,[STEM-IV],1y,lex:1iyiy,lex:\1iyiy,1y,\1y,1y/IV,\1y/IV,na,pos:verb asp:i vox:a mod:i,,,#-aY trans,^([^wyA}&])y$,1,
302,1a2a3,1A3,1.w.3,\1.w.\2,BACKOFF,[STEM-IV],1A3,lex:1A3,lex:\1A\2,1A3,\1A\2,1A3/IV,\1A\2/IV,na,pos:verb asp:i vox:a mod:i,,,trans,^([^wyA}&])A([^wyA}&])$,2,
303,1a2a3,2a3,>.2.3,>.\1.\2,BACKOFF,[STEM-IV],2u#3,lex:2a3,lex:\1a\2,2u#3,\1u#\2,2u#3/IV,\1u#\2/IV,na,pos:verb asp:i vox:a mod:i,,,trans yA-#,^([^wyA}&])#([^wyA}&])$,1,
304,1a23a4,1awo3a4,1.w.3.4,\1.w.\2.\3,BACKOFF,[STEM-IV],1aw3a4,lex:1awo3a4,lex:\1awo\2a\3,1aw3a4,\1aw\2a\3,1aw3a4/IV,\1aw\2a\3/IV,na,pos:verb asp:i vox:a mod:i,,,trans,^([^wyA}&])w([^wyA}&])([^wyA}&])$,13,
305,1i2i3,1iwiy,1.w.y,\1.w.y,BACKOFF,[STEM-IV],1w,lex:1iwiy,lex:\1iwiy,1w,\1w,1w/IV,\1w/IV,na,pos:verb asp:i vox:a mod:i,,,#-aY trans,^([^wyA}&])w$,3,
306,1a2a3,1A2aY,1.2.y,\1.\2.y,BACKOFF,[STEM-IV],1A1,lex:1A2aY,lex:\1A\2aY,1A1,\1A\2,1A1/IV,\1A\2/IV,na,pos:verb asp:i vox:a mod:i,,,#-iy trans,^([^wyA}&])A([^wyA}&])$,3,
307,1a23a4,1awo3a4,1.w.3.4,\1.w.\2.\3,BACKOFF,[STEM-IV],1aw3i4,lex:1awo3a4,lex:\1awo\2a\3,1aw3i4,\1aw\2i\3,1aw3i4/IV,\1aw\2i\3/IV,na,pos:verb asp:i vox:a mod:i,,,trans,^([^wyA}&])w([^wyA}&])([^wyA}&])$,1,
308,1a2a3,1a>a3,1.>.3,\1.>.\2,BACKOFF,[STEM-IV],1>a3,lex:1a>a3,lex:\1a>a\2,1>a3,\1>a\2,1>a3/IV,\1>a\2/IV,na,pos:verb asp:i vox:a mod:i,,,trans,^([^wyA}&])A([^wyA}&])$,2,
309,1a2a3,1a>a3,1.>.3,\1.>.\2,BACKOFF,[STEM-IV],1o>a3,lex:1a>a3-a,lex:\1a>a\2-a,1o>a3,\1o>a\2,1o>a3/IV,\1o>a\2/IV,na,pos:verb asp:i vox:a mod:i,,,trans,^([^wyA}&])A([^wyA}&])$,1,
310,1a2a3,1a2A,1.2.w,\1.\2.w,BACKOFF,[STEM-IV],12,lex:1a2A,lex:\1a\2A,12,\1\2,12/IV,\1\2/IV,na,pos:verb asp:i vox:a mod:i,,,#-uw trans,^([^wyA}&])([^wyA}&])$,1,
311,1a2a3,1a2aY,1.2.y,\1.\2.y,BACKOFF,[STEM-IV],12,lex:1a2aY,lex:\1a\2aY,12,\1\2,12/IV,\1\2/IV,na,pos:verb asp:i vox:a mod:i,,,#-iy trans ya-#,^([^wyA}&])([^wyA}&])$,1,
312,1a2a3,>a2a3,>.2.3,>.\1.\2,BACKOFF,[STEM-IV],>2u3,lex:>a2a3,lex:>a\1a\2,>2u3,>\1u\2,>2u3/IV,>\1u\2/IV,na,pos:verb asp:i vox:a mod:i,,,trans yu-#,^A([^wyA}&])([^wyA}&])$,1,
313,1a2a3,1a2a3,1.2.3,\1.\2.\3,BACKOFF,[STEM-IV],12u3,lex:1a2a3,lex:\1a\2a\3,12u3,\1\2u\3,12u3/IV,\1\2u\3/IV,na,pos:verb asp:i vox:a mod:i,,,trans yu-#,^([^wyA}&])([^wyA}&])([^wyA}&])$,170,
314,1i2i3,1iwi3,1.w.3,\1.w.\2,BACKOFF,[STEM-IV],1wa3,lex:1iwi3,lex:\1iwi\2,1wa3,\1wa\2,1wa3/IV,\1wa\2/IV,na,pos:verb asp:i vox:a mod:i,,,trans,^([^wyA}&])w([^wyA}&])$,4,
315,1i2i3,1i}i3,1.>.3,\1.>.\2,BACKOFF,[STEM-IV],1>a3,lex:1i}i3,lex:\1i}i\2,1>a3,\1>a\2,1>a3/IV,\1>a\2/IV,na,pos:verb asp:i vox:a mod:i,,,trans,^([^wyA}&])A([^wyA}&])$,1,
316,1A2i3,1A}i3,1.>.3,\1.>.\2,BACKOFF,[STEM-IV],1A}i#3,lex:1A}i3,lex:\1A}i\2,1A}i#3,\1A}i#\2,1A}i#3/IV,\1A}i#\2/IV,na,pos:verb asp:i vox:a mod:i,,,trans,^([^wyA}&])A}#([^wyA}&])$,2,
317,1a2a3,1A3,1.>.3,\1.>.\2,BACKOFF,[STEM-IV],1iy3,lex:1A3,lex:\1A\2,1iy3,\1iy\2,1iy3/IV,\1iy\2/IV,na,pos:verb asp:i vox:a mod:i,,,trans,^([^wyA}&])y([^wyA}&])$,1,
318,1A2i3,1A2i3,1.2.3,\1.\2.\3,BACKOFF,[STEM-IV],1A2i3,lex:1A2i3,lex:\1A\2i\3,1A2i3,\1A\2i\3,1A2i3/IV,\1A\2i\3/IV,na,pos:verb asp:i vox:a mod:i,,,trans,^([^wyA}&])A([^wyA}&])([^wyA}&])$,2,
319,1u2u3,1u2u3,1.2.3,\1.\2.\3,BACKOFF,[STEM-IV],12u3,lex:1u2u3,lex:\1u\2u\3,12u3,\1\2u\3,12u3/IV,\1\2u\3/IV,na,pos:verb asp:i vox:a mod:i,,,trans yu-#,^([^wyA}&])([^wyA}&])([^wyA}&])$,7,
320,1a2~a3,1aw~a>,1.w.>,\1.w.>,BACKOFF,[STEM-IV],1aw~,lex:1aw~a>,lex:\1aw~a>,1aw~,\1aw~,1aw~/IV,\1aw~/IV,na,pos:verb asp:i vox:a mod:i,,,#-a> trans,^([^wyA}&])w$,1,
321,1a2~i3,1aw~i},1.w.>,\1.w.>,BACKOFF,[STEM-IV],1aw~i},lex:1aw~i},lex:\1aw~i},1aw~i},\1aw~i},1aw~i}/IV,\1aw~i}/IV,na,pos:verb asp:i vox:a mod:i,,,trans,^([^wyA}&])w}$,1,
322,1a23a4,1ayo3a4,1.y.3.4,\1.y.\2.\3,BACKOFF,[STEM-IV],1ay3a4,lex:1ayo3a4,lex:\1ayo\2a\3,1ay3a4,\1ay\2a\3,1ay3a4/IV,\1ay\2a\3/IV,na,pos:verb asp:i vox:a mod:i,,,trans,^([^wyA}&])y([^wyA}&])([^wyA}&])$,4,
323,1a2a3,1A',1.y.>,\1.y.>,BACKOFF,[STEM-IV],1A',lex:1A',lex:\1A',1A',\1A',1A'/IV,\1A'/IV,na,pos:verb asp:i vox:a mod:i,,,trans,^([^wyA}&])A'$,1,
324,1A2a3,1A3~,1.y.3,\1.y.\2,BACKOFF,[STEM-IV],1iy3~,lex:1A3~,lex:\1A\2~,1iy3~,\1iy\2~,1iy3~/IV,\1iy\2~/IV,na,pos:verb asp:i vox:a mod:i,,,gem trans,^([^wyA}&])y([^wyA}&])$,1,
325,1a23a4,1a2o>a4,1.2.>.4,\1.\2.>.\3,BACKOFF,[STEM-IV],1a2o>a4,lex:1a2o>a4,lex:\1a\2o>a\3,1a2o>a4,\1a\2o>a\3,1a2o>a4/IV,\1a\2o>a\3/IV,na,pos:verb asp:i vox:a mod:i,,,trans,^([^wyA}&])([^wyA}&])A([^wyA}&])$,1,
326,1a23a4,1a2o3a4,1.2.3.4,\1.\2.\3.\4,BACKOFF,[STEM-IV],1a2o3i4,lex:1a2o3a4,lex:\1a\2o\3a\4,1a2o3i4,\1a\2o\3i\4,1a2o3i4/IV,\1a\2o\3i\4/IV,na,pos:verb asp:i vox:a mod:i,,,trans,^([^wyA}&])([^wyA}&])([^wyA}&])([^wyA}&])$,2,
327,1a2a3,1a>a3,1.>.3,\1.>.\2,BACKOFF,[STEM-IV],1o&u3,lex:1a>a3-u,lex:\1a>a\2-u,1o&u3,\1o&u\2,1o&u3/IV,\1o&u\2/IV,na,pos:verb asp:i vox:a mod:i,,,trans yu-#,^([^wyA}&])&([^wyA}&])$,1,
328,1a23a4,1A3A,1.w.3.w,\1.w.\2.w,BACKOFF,[STEM-IV],1A1,lex:1A3A,lex:\1A\2A,1A1,\1A\2,1A1/IV,\1A\2/IV,na,pos:verb asp:i vox:a mod:i,,,#-iy trans,^([^wyA}&])A([^wyA}&])$,3,
329,1a23i4,1a2oyi4,1.2.y.4,\1.\2.y.\3,BACKOFF,[STEM-IV],1a2oyi4,lex:1a2oyi4,lex:\1a\2oyi\3,1a2oyi4,\1a\2oyi\3,1a2oyi4/IV,\1a\2oyi\3/IV,na,pos:verb asp:i vox:a mod:i,,,trans,^([^wyA}&])([^wyA}&])y([^wyA}&])$,2,
330,1a23a4,1awo3aw,1.w.3.w,\1.w.\2.w,BACKOFF,[STEM-IV],1awo3aw,lex:1awo3aw,lex:\1awo\2aw,1awo3aw,\1awo\2aw,1awo3aw/IV,\1awo\2aw/IV,na,pos:verb asp:i vox:a mod:i,,,trans,^([^wyA}&])w([^wyA}&])w$,3,
331,1a2a3,1a>a3,1.>.3,\1.>.\2,BACKOFF,[STEM-IV],1>u3,lex:1a>a3,lex:\1a>a\2,1>u3,\1>u\2,1>u3/IV,\1>u\2/IV,na,pos:verb asp:i vox:a mod:i,,,trans yu-#,^([^wyA}&])A([^wyA}&])$,1,
332,1A2i3,1Awi3,1.w.3,\1.w.\2,BACKOFF,[STEM-IV],1Awi3,lex:1Awi3,lex:\1Awi\2,1Awi3,\1Awi\2,1Awi3/IV,\1Awi\2/IV,na,pos:verb asp:i vox:a mod:i,,,trans,^([^wyA}&])Aw([^wyA}&])$,1,
333,1i2i3,1i2i3,1.2.3,\1.\2.\3,BACKOFF,[STEM-IV],12u3,lex:1i2i3,lex:\1i\2i\3,12u3,\1\2u\3,12u3/IV,\1\2u\3/IV,na,pos:verb asp:i vox:a mod:i,,,trans yu-#,^([^wyA}&])([^wyA}&])([^wyA}&])$,5,
334,1i2i3,1iyiy,1.y.y,\1.y.y,BACKOFF,[STEM-IV],1y,lex:1iyiy,lex:\1iyiy,1y,\1y,1y/IV,\1y/IV,na,pos:verb asp:i vox:a mod:i,,,#-aY trans,^([^wyA}&])y$,1,
335,1A2i3,1A2i},1.2.>,\1.\2.>,BACKOFF,[STEM-IV],1A2i#},lex:1A2i},lex:\1A\2i},1A2i#},\1A\2i#},1A2i#}/IV,\1A\2i#}/IV,na,pos:verb asp:i vox:a mod:i,,,trans,^([^wyA}&])A([^wyA}&])#}$,2,
336,1a2a3,1a2A,1.2.>,\1.\2.>,BACKOFF,[STEM-IV],12,lex:1a2A,lex:\1a\2A,12,\1\2,12/IV,\1\2/IV,na,pos:verb asp:i vox:a mod:i,,,#-A trans,^([^wyA}&])([^wyA}&])$,1,
337,1a2a3,1a2a3,1.2.3,\1.\2.\3,BACKOFF,[STEM-IV],12a1,lex:1a2a3,lex:\1a\2a\3,12a1,\1\2a\3,12a1/IV,\1\2a\3/IV,na,pos:verb asp:i vox:a mod:i,,,trans,^([^wyA}&])([^wyA}&])([^wyA}&])$,1,
338,1i2i3,1i2i3,1.2.3,\1.\2.\3,BACKOFF,[STEM-IV],12a1,lex:1i2i3,lex:\1i\2i\3,12a1,\1\2a\3,12a1/IV,\1\2a\3/IV,na,pos:verb asp:i vox:a mod:i,,,trans,^([^wyA}&])([^wyA}&])([^wyA}&])$,1,
339,1a2a3,1a2a3,1.2.3,\1.\2.\3,BACKOFF,[STEM-IV],12u1,lex:1a2a3,lex:\1a\2a\3,12u1,\1\2u\3,12u1/IV,\1\2u\3/IV,na,pos:verb asp:i vox:a mod:i,,,trans yu-#,^([^wyA}&])([^wyA}&])([^wyA}&])$,1,
340,1a2a3,2a3,>.2.3,>.\1.\2,BACKOFF,[STEM-IV],2u3,lex:2a3,lex:\1a\2,2u3,\1u\2,2u3/IV,\1u\2/IV,na,pos:verb asp:i vox:a mod:i,,,trans yA-#,^([^wyA}&])([^wyA}&])$,1,
341,1a2a3,1a>a3,1.>.3,\1.>.\2,BACKOFF,[STEM-IV],1>i3,lex:1a>a3,lex:\1a>a\2,1>i3,\1>i\2,1>i3/IV,\1>i\2/IV,na,pos:verb asp:i vox:a mod:i,,,trans,^([^wyA}&])A([^wyA}&])$,1,
342,1a2a3,1A3,1.>.3,\1.>.\2,BACKOFF,[STEM-IV],1uw3,lex:1A3,lex:\1A\2,1uw3,\1uw\2,1uw3/IV,\1uw\2/IV,na,pos:verb asp:i vox:a mod:i,,,trans,^([^wyA}&])w([^wyA}&])$,1,
343,1a23i4,1awo3iw,1.w.3.w,\1.w.\2.w,BACKOFF,[STEM-IV],1awo3iw,lex:1awo3iw,lex:\1awo\2iw,1awo3iw,\1awo\2iw,1awo3iw/IV,\1awo\2iw/IV,na,pos:verb asp:i vox:a mod:i,,,trans,^([^wyA}&])w([^wyA}&])w$,1,
344,1i2i3,1i2iy,1.2.y,\1.\2.y,BACKOFF,[STEM-IV],12,lex:1i2iy,lex:\1i\2iy,12,\1\2,12/IV,\1\2/IV,na,pos:verb asp:i vox:a mod:i,,,#-A trans,^([^wyA}&])([^wyA}&])$,1,
345,1a2~a3,1ay~a>,1.y.>,\1.y.>,BACKOFF,[STEM-IV],1ay~,lex:1ay~a>,lex:\1ay~a>,1ay~,\1ay~,1ay~/IV,\1ay~/IV,na,pos:verb asp:i vox:a mod:i,,,#-a> trans,^([^wyA}&])y$,1,
346,1a23i4,1ayo3i4,1.y.3.4,\1.y.\2.\3,BACKOFF,[STEM-IV],1ay3i4,lex:1ayo3i4,lex:\1ayo\2i\3,1ay3i4,\1ay\2i\3,1ay3i4/IV,\1ay\2i\3/IV,na,pos:verb asp:i vox:a mod:i,,,trans,^([^wyA}&])y([^wyA}&])([^wyA}&])$,1,
347,1a23a4,wa>owa>,w.>.w.>,w.>.w.>,BACKOFF,[STEM-IV],wa>ow,lex:wa>owa>,lex:wa>owa>,wa>ow,wa>ow,wa>ow/IV,wa>ow/IV,na,pos:verb asp:i vox:a mod:i,,,#-a> trans,^wAw$,1,
348,1A2i3,wA}i3,w.>.3,w.>.\1,BACKOFF,[STEM-IV],wA}i#3,lex:wA}i3,lex:wA}i\1,wA}i#3,wA}i#\1,wA}i#3/IV,wA}i#\1/IV,na,pos:verb asp:i vox:a mod:i,,,trans,^wA}#([^wyA}&])$,1,
349,1a2a3,wA2aY,w.2.y,w.\1.y,BACKOFF,[STEM-IV],wA2,lex:wA2aY,lex:wA\1aY,wA2,wA\1,wA2/IV,wA\1/IV,na,pos:verb asp:i vox:a mod:i,,,#-iy trans,^wA([^wyA}&])$,6,
350,1A2i3,wA2i3,w.2.3,w.\1.\2,BACKOFF,[STEM-IV],wA2i#3,lex:wA2i3,lex:wA\1i\2,wA2i#3,wA\1i#\2,wA2i#3/IV,wA\1i#\2/IV,na,pos:verb asp:i vox:a mod:i,,,trans,^wA([^wyA}&])#([^wyA}&])$,9,
351,1A2i3,wAyi3,w.y.3,w.y.\1,BACKOFF,[STEM-IV],wAyi#3,lex:wAyi3,lex:wAyi\1,wAyi#3,wAyi#\1,wAyi#3/IV,wAyi#\1/IV,na,pos:verb asp:i vox:a mod:i,,,trans,^wAy#([^wyA}&])$,1,
352,1a2a3,wa2a>,w.2.>,w.\1.>,BACKOFF,[STEM-IV],w2i},lex:wa2a>,lex:wa\1a>,w2i},w\1i},w2i}/IV,w\1i}/IV,na,pos:verb asp:i vox:a mod:i,,,trans,^w([^wyA}&])}$,1,
353,1a2a3,wa2A,w.2.w,w.\1.w,BACKOFF,[STEM-IV],w2,lex:wa2A,lex:wa\1A,w2,w\1,w2/IV,w\1/IV,na,pos:verb asp:i vox:a mod:i,,,#-iy trans,^w([^wyA}&])$,1,
354,1a2~a3,wa2~a3,w.2.3,w.\1.\2,BACKOFF,[STEM-IV],wa2~a3,lex:wa2~a3,lex:wa\1~a\2,wa2~a3,wa\1~a\2,wa2~a3/IV,wa\1~a\2/IV,na,pos:verb asp:i vox:a mod:i,,,trans,^w([^wyA}&])([^wyA}&])$,31,
355,1a2a3,wa2~,w.2.3,w.\1.\1,BACKOFF,[STEM-IV],wi2~,lex:wa2~,lex:wa\1~,wi2~,wi\1~,wi2~/IV,wi\1~/IV,na,pos:verb asp:i vox:a mod:i,,,gem trans,^w([^wyA}&])$,7,
356,1a2a3,wa2a3,w.2.3,w.\1.\2,BACKOFF,[STEM-IV],w2i3,lex:wa2a3,lex:wa\1a\2,w2i3,w\1i\2,w2i3/IV,w\1i\2/IV,na,pos:verb asp:i vox:a mod:i,,,trans,^w([^wyA}&])([^wyA}&])$,21,
357,1a2~i3,wa2~i3,w.2.3,w.\1.\2,BACKOFF,[STEM-IV],wa2~i3,lex:wa2~i3,lex:wa\1~i\2,wa2~i3,wa\1~i\2,wa2~i3/IV,wa\1~i\2/IV,na,pos:verb asp:i vox:a mod:i,,,trans,^w([^wyA}&])([^wyA}&])$,14,
358,1a23i4,wa2owi4,w.2.w.4,w.\1.w.\2,BACKOFF,[STEM-IV],wa2owi4,lex:wa2owi4,lex:wa\1owi\2,wa2owi4,wa\1owi\2,wa2owi4/IV,wa\1owi\2/IV,na,pos:verb asp:i vox:a mod:i,,,trans,^w([^wyA}&])w([^wyA}&])$,9,
359,1a2a3,wa2a3,w.2.3,w.\1.\2,BACKOFF,[STEM-IV],w2a3,lex:wa2a3,lex:wa\1a\2,w2a3,w\1a\2,w2a3/IV,w\1a\2/IV,na,pos:verb asp:i vox:a mod:i,,,trans,^w([^wyA}&])([^wyA}&])$,4,
360,1a23a4,wa2owa4,w.2.w.4,w.\1.w.\2,BACKOFF,[STEM-IV],wa2owa4,lex:wa2owa4,lex:wa\1owa\2,wa2owa4,wa\1owa\2,wa2owa4/IV,wa\1owa\2/IV,na,pos:verb asp:i vox:a mod:i,,,trans,^w([^wyA}&])w([^wyA}&])$,4,
361,1a2a3,wa2aY,w.2.y,w.\1.y,BACKOFF,[STEM-IV],w2,lex:wa2aY,lex:wa\1aY,w2,w\1,w2/IV,w\1/IV,na,pos:verb asp:i vox:a mod:i,,,#-iy trans,^w([^wyA}&])$,3,
362,1a2~a3,wa2~aY,w.2.y,w.\1.y,BACKOFF,[STEM-IV],wa2~,lex:wa2~aY,lex:wa\1~aY,wa2~,wa\1~,wa2~/IV,wa\1~/IV,na,pos:verb asp:i vox:a mod:i,,,#-iy trans,^w([^wyA}&])$,9,
363,1i2i3,wi2i3,w.2.3,w.\1.\2,BACKOFF,[STEM-IV],w2a3,lex:wi2i3,lex:wi\1i\2,w2a3,w\1a\2,w2a3/IV,w\1a\2/IV,na,pos:verb asp:i vox:a mod:i,,,trans,^w([^wyA}&])([^wyA}&])$,5,
364,1a23i4,wa2o3i4,w.2.3.4,w.\1.\2.\3,BACKOFF,[STEM-IV],wa2o3i4,lex:wa2o3i4,lex:wa\1o\2i\3,wa2o3i4,wa\1o\2i\3,wa2o3i4/IV,wa\1o\2i\3/IV,na,pos:verb asp:i vox:a mod:i,,,trans,^w([^wyA}&])([^wyA}&])([^wyA}&])$,1,
365,1a23a4,wa2o3a4,w.2.3.4,w.\1.\2.\3,BACKOFF,[STEM-IV],wa2o3a4,lex:wa2o3a4,lex:wa\1o\2a\3,wa2o3a4,wa\1o\2a\3,wa2o3a4/IV,wa\1o\2a\3/IV,na,pos:verb asp:i vox:a mod:i,,,trans,^w([^wyA}&])([^wyA}&])([^wyA}&])$,1,
366,1i2i3,wi2iy,w.2.y,w.\1.y,BACKOFF,[STEM-IV],w2,lex:wi2iy,lex:wi\1iy,w2,w\1,w2/IV,w\1/IV,na,pos:verb asp:i vox:a mod:i,,,#-aY trans,^w([^wyA}&])$,2,
367,1i2i3,wi2i3,w.2.3,w.\1.\2,BACKOFF,[STEM-IV],2a3,lex:wi2i3,lex:wi\1i\2,2a3,\1a\2,2a3/IV,\1a\2/IV,na,pos:verb asp:i vox:a mod:i,,,trans,^([^wyA}&])([^wyA}&])$,1,
368,1i2i3,wi2i3,w.2.3,w.\1.\2,BACKOFF,[STEM-IV],w2i3,lex:wi2i3,lex:wi\1i\2,w2i3,w\1i\2,w2i3/IV,w\1i\2/IV,na,pos:verb asp:i vox:a mod:i,,,trans,^w([^wyA}&])([^wyA}&])$,1,
369,1a2~a3,ya>~a3,y.>.3,y.>.\1,BACKOFF,[STEM-IV],ya>~a3,lex:ya>~a3,lex:ya>~a\1,ya>~a3,ya>~a\1,ya>~a3/IV,ya>~a\1/IV,na,pos:verb asp:i vox:a mod:i,,,trans,^yA([^wyA}&])$,1,
370,1a2~i3,ya}~i3,y.>.3,y.>.\1,BACKOFF,[STEM-IV],ya}~i3,lex:ya}~i3,lex:ya}~i\1,ya}~i3,ya}~i\1,ya}~i3/IV,ya}~i\1/IV,na,pos:verb asp:i vox:a mod:i,,,trans,^y}([^wyA}&])$,1,
371,1i2i3,yi}i3,y.>.3,y.>.\1,BACKOFF,[STEM-IV],y>a3,lex:yi}i3,lex:yi}i\1,y>a3,y>a\1,y>a3/IV,y>a\1/IV,na,pos:verb asp:i vox:a mod:i,,,trans,^yA([^wyA}&])$,1,
372,1a2~i3,ya2~i3,y.2.3,y.\1.\2,BACKOFF,[STEM-IV],ya2~i3,lex:ya2~i3,lex:ya\1~i\2,ya2~i3,ya\1~i\2,ya2~i3/IV,ya\1~i\2/IV,na,pos:verb asp:i vox:a mod:i,,,trans,^y([^wyA}&])([^wyA}&])$,2,
373,1i2i3,yi2i3,y.2.3,y.\1.\2,BACKOFF,[STEM-IV],y2a3,lex:yi2i3,lex:yi\1i\2,y2a3,y\1a\2,y2a3/IV,y\1a\2/IV,na,pos:verb asp:i vox:a mod:i,,,trans,^y([^wyA}&])([^wyA}&])$,1,
374,1a2~a3,ya2~a3,y.2.3,y.\1.\2,BACKOFF,[STEM-IV],ya2~a3,lex:ya2~a3,lex:ya\1~a\2,ya2~a3,ya\1~a\2,ya2~a3/IV,ya\1~a\2/IV,na,pos:verb asp:i vox:a mod:i,,,trans,^y([^wyA}&])([^wyA}&])$,1,
