,LINE,DEFINE,CLASS,FUNC,FORM,BW,VARIANT,GLOSS,FEAT,COND-T,COND-S,D3,EXAMPLE,STATUS,COND-F,COMMENTS
0,1,#,"This file combines PV, IV and CV Morph info for MSA",,,,,,,,,,,,,
1,2,CONDITIONS,[LEMMA],Frozen,,,,,,,,,,,,
2,3,CONDITIONS,[STEM-X],#-}iy #->ay #-A' #-a> #-aA #-aw #-ay #-aY #-ay-A #-i} #-iy #-iy' #-u& #-uw #-uw' #A-' #n #t,,,,,,,,,,,,
3,4,CONDITIONS,[X-ROOT],hollow defective gem hamzated ,,,,,,,,,,,,
4,5,CONDITIONS,[X-TRANS],intrans trans ditrans,,,,,,,,,,,,
5,6,CONDITIONS,[X-STEM],>-# >-a# >-o#,,,,,,,,,,,,
6,7,CONDITIONS,[PREF-X],a-# u-# ,,,,,,,,,,,,
7,8,CONDITIONS,[X-PREF],h-pref,,,,,,,,,,,,
8,9,CONDITIONS,[X-SUFF.PHONE],c-suff v-suff n-suff,,,,,,,,,,,,
9,10,CONDITIONS,[X-SUFF.LETTER],A-suff w-suff y-suff z-suff,,,,,,,,,,,,
10,11,CONDITIONS,[X-SUFF.PHONE.V],u-suff a-suff i-suff,,,,,,,,,,,,
11,12,CONDITIONS,[SUFF-X],#^i #^iy,,,,,,,,,,,,
12,13,CONDITIONS,[PRON-X],enc0#^i,,,,,,,,,,,,
13,14,CONDITIONS,[PRON:X],enc0:1* enc0:2*,,,,,,,,,,,,
14,15,CONDITIONS,[PRON:*],enc0,,,,,,,,,,,,
15,16,CONDITIONS,[PRON2:X],enc1:1* enc1:2*,,,,,,,,,,,,
16,17,CONDITIONS,[PRON2:*],enc1,,,,,,,,,,,,
17,18,,,,,,,,,,,,,,,
18,19,MORPH,[QUES],_,_,_,MSA,_,prc3:0,_,_,_,,DONE,,
19,20,MORPH,[QUES],>a/PART_INTERROG,>a,>a/INTERROG_PART,MSA,is/are,prc3:>a_ques,_,_,>a+_,,DONE,,
20,21,,,,,,,,,,,,,,,
21,22,MORPH,[CONJ],_,_,_,MSA,_,prc2:0,_,_,_,,DONE,,
22,23,#MORPH,[CONJ],fa/CONJ,fa,fa/CONJ,MSA,so/and,prc2:fa_conj,_,_,fa+_,,DONE,,
23,24,#MORPH,[CONJ],fa/PART_CONNECT,fa,fa/CONNEC_PART,MSA,so/then,prc2:fa_conn,_,_,fa+_,,DONE,,
24,25,#MORPH,[CONJ],fa/PART_RC,fa,fa/RC_PART,MSA,so/then,prc2:fa_rc,_,_,fa+_,,DONE,,
25,26,#MORPH,[CONJ],fa/CONJ_SUB,fa,fa/SUB_CONJ,MSA,because/therefore/as_a_result,prc2:fa_sub,_,_,fa+_,,DONE,,
26,27,MORPH,[CONJ],wa/CONJ,wa,wa/CONJ,MSA,and,prc2:wa_conj,_,_,wa+_,,DONE,,
27,28,#MORPH,[CONJ],wa/PART,wa,wa/PART,MSA,[part.],prc2:wa_part,_,_,wa+_,,DONE,,
28,29,#MORPH,[CONJ],wa/SUB_CONJ,wa,wa/SUB_CONJ,MSA,while,prc2:wa_sub,_,_,wa+_,,DONE,,
29,30,,,,,,,,,,,,,,,
30,31,MORPH,[VPART.I],_,_,_,MSA,_,prc1:0,_,_,_,,DONE,,
31,32,MORPH,[VPART.I],sa/PART_FUT,sa,sa/FUT_PART,MSA,will,prc1:sa_fut,_,_,sa+_,,DONE,,
32,33,MORPH,[VPART.J],_,_,_,MSA,_,prc1:0,_,_,_,,DONE,,
33,34,MORPH,[VPART.J],li/PART_JUS,li,li/JUS_PART,MSA,should,prc1:li_jus,_,_,li+_,,DONE,,
34,35,MORPH,[VPART.S],_,_,_,MSA,_,prc1:0,_,_,_,,DONE,,
35,36,MORPH,[VPART.S],la/PART_EMPHATIC,la,la/EMPHATIC_PART,MSA,indeed/truly,prc1:la_emph,_,_,la+_,,DONE,,
36,37,#MORPH,[VPART.S],li/CONJ_SUB,li,li/SUB_CONJ,MSA,in_order_(to)/so_(that)/for,prc1:li_conj,_,_,li+_,,DONE,,
37,38,MORPH,[VPART.E],_,_,_,MSA,_,prc1:0,_,_,_,,DONE,,
38,39,MORPH,[VPART.E],la/PART_EMPHATIC,la,la/EMPHATIC_PART,MSA,indeed/truly,prc1:la_emph,_,_,la+_,,DONE,,
39,40,#,Perfect Verb Stem Buffers,,,,,,,,,,,,,
40,41,MORPH,[PVBuff],Buffer,a>,a>/STEM,MSA,,,#-a> else,_,a>,قرأ، قرأت,DONE,,
41,42,MORPH,[PVBuff],Buffer,a|,a|/STEM,MSA,,,#-a> A-suff,_,a|,قرآ,DONE,,
42,43,MORPH,[PVBuff],Buffer,a&,a&/STEM,MSA,,,#-a> w-suff,_,a&,قرؤوا,DONE,,
43,44,MORPH,[PVBuff],Buffer,aA,aA/STEM,MSA,,,#-aw z-suff,_,aA,دعا,DONE,,
44,45,MORPH,[PVBuff],Buffer,aw,aw/STEM,MSA,,,#-aw c-suff||A-suff,_,aw,دعوت، دَعَوَا ,DONE,,
45,46,MORPH,[PVBuff],Buffer,_,_,MSA,,,#-aw else,_,_,دعوا,DONE,,
46,47,MORPH,[PVBuff],Buffer,aY,aY/STEM,MSA,,,#-ay z-suff else,_,aY,رمى,DONE,,
47,48,MORPH,[PVBuff],Buffer,aA,aA/STEM,MSA,,,#-ay z-suff enc0,_,aY,رماه,DONE,,
48,49,MORPH,[PVBuff],Buffer,ay,ay/STEM,MSA,,,#-ay c-suff||A-suff,_,ay,رمين، رميت، رميا,DONE,,
49,50,MORPH,[PVBuff],Buffer,_,_,MSA,,,#-ay else,_,_,رموا,DONE,,
50,51,MORPH,[PVBuff],Buffer,aA,aA/STEM,MSA,,,#-ay-A z-suff,_,aA,حيّا,DONE,,
51,52,MORPH,[PVBuff],Buffer,ay,ay/STEM,MSA,,,#-ay-A c-suff||A-suff,_,ay,حيّيت حييا,DONE,,
52,53,MORPH,[PVBuff],Buffer,_,_,MSA,,,#-ay-A else,_,_,حيوا,DONE,,
53,54,MORPH,[PVBuff],Buffer,iy,iy/STEM,MSA,,,#-iy else,_,iy,نسي نسيت,DONE,,
54,55,MORPH,[PVBuff],Buffer,_,_,MSA,,,#-iy w-suff,_,_,نسوا,DONE,,
55,56,MORPH,[PVBuff],Buffer,}iy,}iy/STEM,MSA,,,#-}iy else,_,iy,ترمي,DONE,,"Christian, add"
56,57,MORPH,[PVBuff],Buffer,&,&/STEM,MSA,,,#-}iy w-suff,_,_,ترمون ترمين,DONE,,"Christian, add"
57,58,MORPH,[PVBuff],Buffer,iy',iy'/STEM,MSA,,,#-iy' v-suff z-suff,_,iy',سيء,DONE,,
58,59,MORPH,[PVBuff],Buffer,iy},iy}/STEM,MSA,,,#-iy' v-suff else,_,iy},سيئها,DONE,,We don't need this line since passives are supposedly all intrans
59,60,MORPH,[PVBuff],Buffer,i},i}/STEM,MSA,,,#-iy' c-suff,_,iy},سيئوا,DONE,,
60,61,MORPH,[PVBuff],Buffer,a>,a>/STEM,MSA,,,#-A' c-suff,_,',جاء,DONE,,
61,62,MORPH,[PVBuff],Buffer,A',A'/STEM,MSA,,,#-A' else,_,&,جاؤوا,DONE,,
62,63,MORPH,[PVBuff],Buffer,A&,A&/STEM,MSA,,,#-A' w-suff,,,,,,
63,64,MORPH,[PVBuff],Buffer,aA,aA/STEM,MSA,,,#-aA z-suff,_,aY,رمى,DONE,,
64,65,MORPH,[PVBuff],Buffer,ay,ay/STEM,MSA,,,#-aA c-suff||A-suff,_,ay,رمين، رميت، رميا,DONE,,
65,66,MORPH,[PVBuff],Buffer,_,_,MSA,,,#-aA else,_,_,رموا,DONE,,
66,67,MORPH,[PVBuff],Buffer,_,_,MSA,,,else,_,_,كتب,DONE,,
67,68,#,Perfect Verb Suffixes,,,,,,,,,,,,,
68,69,MORPH,[PVSuff],PVSuff.1S,tu,tu/PVSUFF_SUBJ:1S,MSA,I,asp:p per:1 gen:u num:s,else,c-suff,tu,كتبت,DONE,,
69,70,MORPH,[PVSuff],PVSuff.1S,~u,~u/PVSUFF_SUBJ:1S,MSA,I,asp:p per:1 gen:u num:s,#t,c-suff,~u,سكت,DONE,,
70,71,MORPH,[PVSuff],PVSuff.1P,nA,nA/PVSUFF_SUBJ:1P,MSA,we,asp:p per:1 gen:u num:p,else !enc0:1* ,c-suff,nA,كتبنا,DONE,,
71,72,MORPH,[PVSuff],PVSuff.1P,~A,~A/PVSUFF_SUBJ:1P,MSA,we,asp:p per:1 gen:u num:p,#n !enc0:1* ,c-suff,~A,سكنا,DONE,,
72,73,MORPH,[PVSuff],PVSuff.2MS,ta,ta/PVSUFF_SUBJ:2MS,MSA,you_[masc.sg.],asp:p per:2 gen:m num:s,else !enc0:2* ,c-suff,ta,كتبت,DONE,,
73,74,MORPH,[PVSuff],PVSuff.2MS,~a,~a/PVSUFF_SUBJ:2MS,MSA,you_[masc.sg.],asp:p per:2 gen:m num:s,#t !enc0:2*,c-suff,~a,سكت,DONE,,
74,75,MORPH,[PVSuff],PVSuff.2MP,tum ,tum/PVSUFF_SUBJ:2MP,MSA,you_[masc.pl.],asp:p per:2 gen:m num:p,else !enc0:2* else,c-suff,tum ,كتبتم,DONE,,
75,76,MORPH,[PVSuff],PVSuff.2MP,tumuw ,tum/PVSUFF_SUBJ:2MP,MSA,you_[masc.pl.],asp:p per:2 gen:m num:p,else !enc0:2* enc0,c-suff,tum ,كتبتموها,DONE,,
76,77,MORPH,[PVSuff],PVSuff.2MP,~um ,~um/PVSUFF_SUBJ:2MP,MSA,you_[masc.pl.],asp:p per:2 gen:m num:p,#t !enc0:2* else,c-suff,~um ,سكتم,DONE,,
77,78,MORPH,[PVSuff],PVSuff.2MP,~umuw ,~um/PVSUFF_SUBJ:2MP,MSA,you_[masc.pl.],asp:p per:2 gen:m num:p,#t !enc0:2* enc0,c-suff,~um ,سكتموها,DONE,,
78,79,MORPH,[PVSuff],PVSuff.2FS,ti,ti/PVSUFF_SUBJ:2FS,MSA,you_[fem.sg.],asp:p per:2 gen:f num:s,else !enc0:2* ,c-suff #^i,ti,كتبت,DONE,,
79,80,MORPH,[PVSuff],PVSuff.2FS,~i,~i/PVSUFF_SUBJ:2FS,MSA,you_[fem.sg.],asp:p per:2 gen:f num:s,#t !enc0:2*,c-suff #^i,~i,سكت,DONE,,
80,81,MORPH,[PVSuff],PVSuff.2FP,tun~a,tun~a/PVSUFF_SUBJ:2FP,MSA,you_[fem.pl.],asp:p per:2 gen:f num:p,else !enc0:2* ,c-suff,tun~a,كتبتن,DONE,,
81,82,MORPH,[PVSuff],PVSuff.2FP,~un~a,~un~a/PVSUFF_SUBJ:2FP,MSA,you_[fem.pl.],asp:p per:2 gen:f num:p,#t !enc0:2*,c-suff,~un~a,سكتن,DONE,,
82,83,MORPH,[PVSuff],PVSuff.2D,tumA,tumA/PVSUFF_SUBJ:2D,MSA,you_[du.],asp:p per:2 gen:u num:d,else !enc0:2*,c-suff,tumA,كتبتما,DONE,,
83,84,MORPH,[PVSuff],PVSuff.2D,~umA,~umA/PVSUFF_SUBJ:2D,MSA,you_[du.],asp:p per:2 gen:u num:d,#t !enc0:2*,c-suff,~umA,سكتما,DONE,,
84,85,MORPH,[PVSuff],PVSuff.3MS,a,a/PVSUFF_SUBJ:3MS,MSA,he_[masc.sg.],asp:p per:3 gen:m num:s,else,v-suff z-suff,a,كتب,DONE,,
85,86,MORPH,[PVSuff],PVSuff.3MS,_,(null)/PVSUFF_SUBJ:3MS,MSA,he_[masc.sg.],asp:p per:3 gen:m num:s,#-ay||#-ay-A||#-aw||#-aA,v-suff z-suff,_,رمى,DONE,,
86,87,MORPH,[PVSuff],PVSuff.3MD,A,A/PVSUFF_SUBJ:3MD,MSA,they_[masc.du.],asp:p per:3 gen:m num:d,else,v-suff A-suff,A,كتبا,DONE,,
87,88,MORPH,[PVSuff],PVSuff.3MD,_,(null)/PVSUFF_SUBJ:3MD,MSA,they_[masc.du.],asp:p per:3 gen:m num:d,#-a>,v-suff A-suff,_,قرآ,DONE,,
88,89,MORPH,[PVSuff],PVSuff.3MP,uwA,uwA/PVSUFF_SUBJ:3MP,MSA,they_[masc.pl.],asp:p per:3 gen:m num:p,else else,v-suff w-suff,uwA,كتبوا,DONE,,
89,90,MORPH,[PVSuff],PVSuff.3MP,uw,uwA/PVSUFF_SUBJ:3MP,MSA,they_[masc.pl.],asp:p per:3 gen:m num:p,else enc0,v-suff w-suff,uwA,كتبوها,DONE,,
90,91,MORPH,[PVSuff],PVSuff.3MP,awoA,awoA/PVSUFF_SUBJ:3MP,MSA,they_[masc.pl.],asp:p per:3 gen:m num:p,#-ay||#-ay-A||#-aw||#-aA else,v-suff w-suff,awA,رموا,DONE,,
91,92,MORPH,[PVSuff],PVSuff.3MP,awo,awoA/PVSUFF_SUBJ:3MP,MSA,they_[masc.pl.],asp:p per:3 gen:m num:p,#-ay||#-ay-A||#-aw||#-aA enc0,v-suff w-suff,awA,رموه,DONE,,
92,93,MORPH,[PVSuff],PVSuff.3FS,at,at/PVSUFF_SUBJ:3FS,MSA,she_[fem.sg.],asp:p per:3 gen:f num:s,else,v-suff,at,كتبت,DONE,,
93,94,MORPH,[PVSuff],PVSuff.3FD,atA,atA/PVSUFF_SUBJ:3FD,MSA,they_[fem.du.],asp:p per:3 gen:f num:d,else,v-suff,atA,كتبتا,DONE,,
94,95,MORPH,[PVSuff],PVSuff.3FP,na,na/PVSUFF_SUBJ:3FP,MSA,they_[fem.pl.],asp:p per:3 gen:f num:p,else,c-suff,na,كتبن,DONE,,
95,96,MORPH,[PVSuff],PVSuff.3FP,~a,~a/PVSUFF_SUBJ:3FP,MSA,they_[fem.pl.],asp:p per:3 gen:f num:p,#n,c-suff,~a,سكن,DONE,,
96,97,#,Imperfect verb prefixes,,,,,,,,,,,,,
97,98,MORPH,[IVPref.1S],IVPref.1S,>,>/IV1S,MSA,I_[sg.],asp:i per:1 gen:u num:s,else,h-pref,,"أكتب,أؤجل,أساعد",DONE,,
98,99,MORPH,[IVPref.1S],IVPref.1S,>,>/IV1S,MSA,I_[sg.],asp:i per:1 gen:u num:s,a-# else,h-pref,,"أكتب,أؤجل,أساعد",DONE,,
99,100,MORPH,[IVPref.1S],IVPref.1S,|,|/IV1S,MSA,I_[sg.],asp:i per:1 gen:u num:s,a-# >-#,h-pref,,آكل,DONE,,
100,101,MORPH,[IVPref.1P],IVPref.1P,n,n/IV1P,MSA,we_[pl.],asp:i per:1 gen:u num:p,!enc0:1*,_,,نكتب,DONE,,
101,102,MORPH,[IVPref.2MS],IVPref.2MS,t,t/IV2MS,MSA,you_[masc.sg.],asp:i per:2 gen:m num:s,!enc0:2*,_,,تكتب,DONE,,
102,103,MORPH,[IVPref.2MP],IVPref.2MP,t,t/IV2MP,MSA,you_[masc.pl.],asp:i per:2 gen:m num:p,!enc0:2*,_,,تكتب,DONE,,
103,104,MORPH,[IVPref.2FS],IVPref.2FS,t,t/IV2FS,MSA,you_[fem.sg.],asp:i per:2 gen:f num:s,!enc0:2*,_,,تكتب,DONE,,
104,105,MORPH,[IVPref.2FP],IVPref.2FP,t,t/IV2FP,MSA,you_[fem.pl.],asp:i per:2 gen:f num:p,!enc0:2*,_,,تكتب,DONE,,
105,106,MORPH,[IVPref.2D],IVPref.2D,t,t/IV2D,MSA,you_[du.],asp:i per:2 gen:u num:d,!enc0:2*,_,,تكتب,DONE,,
106,107,MORPH,[IVPref.3MS],IVPref.3MS,y,y/IV3MS,MSA,he_[masc.sg.],asp:i per:3 gen:m num:s,_,_,,يكتب,DONE,,
107,108,MORPH,[IVPref.3MD],IVPref.3MD,y,y/IV3MD,MSA,they_[masc.du.],asp:i per:3 gen:m num:d,_,_,,يكتب,DONE,,
108,109,MORPH,[IVPref.3MP],IVPref.3MP,y,y/IV3MP,MSA,they_[masc.pl.],asp:i per:3 gen:m num:p,_,_,,يكتب,DONE,,
109,110,MORPH,[IVPref.3FS],IVPref.3FS,t,t/IV3FS,MSA,she_[fem.sg.],asp:i per:3 gen:f num:s,_,_,,تكتب,DONE,,
110,111,MORPH,[IVPref.3FD],IVPref.3FD,t,t/IV3FD,MSA,she_[fem.pl.],asp:i per:3 gen:f num:d,_,_,,تكتب,DONE,,
111,112,MORPH,[IVPref.3FP],IVPref.3FP,y,y/IV3FP,MSA,they_[fem.pl.],asp:i per:3 gen:f num:p,_,_,,يكتب,DONE,,
112,113,#,Imperfect verb pre-stem buffer,,,,,,,,,,,,,
113,114,MORPH,[IVPreBuff],Buffer#a-#,_,_,MSA,,,a-# >-# h-pref,_,,آكل,DONE,,
114,115,MORPH,[IVPreBuff],Buffer#a-#,a>,a>/STEM,MSA,,,a-# >-# else,_,,تأكلن,DONE,,
115,116,MORPH,[IVPreBuff],Buffer#a-#,a,a/STEM,MSA,,,a-# else else,_,,تكتب,DONE,,
116,117,MORPH,[IVPreBuff],Buffer#u-#,uw,uw/STEM,MSA,,,u-# >-# h-pref,_,,أُوسَر,DONE,,
117,118,MORPH,[IVPreBuff],Buffer#u-#,u&,u&/STEM,MSA,,,u-# >-# else,_,,تُؤسَر,DONE,,
118,119,MORPH,[IVPreBuff],Buffer#u-#,u,u/STEM,MSA,,,u-# else else,_,,تساعد,DONE,,
119,120,#,Imperfect verb post-stem buffer,,,,,,,,,,,,,
120,121,MORPH,[IVBuff],Buffer,ay,ay/STEM,MSA,,,#-aA else,_,_,تحيين تحيون,DONE,,
121,122,MORPH,[IVBuff],Buffer,a,a/STEM,MSA,,,#-aA z-suff c-suff,_,a,تحيَ,DONE,,
122,123,MORPH,[IVBuff],Buffer,A,A/STEM,MSA,,,#-aA z-suff v-suff,_,A,تحيا,DONE,,
123,124,MORPH,[IVBuff],Buffer,ay,ay/STEM,MSA,,,#-aY else,_,ay,تريان,DONE,,
124,125,MORPH,[IVBuff],Buffer,_,_,MSA,,,#-aY w-suff||y-suff,_,_,ترون ترين,DONE,,
125,126,MORPH,[IVBuff],Buffer,a,a/STEM,MSA,,,#-aY z-suff c-suff,_,a,ترَ,DONE,,
126,127,MORPH,[IVBuff],Buffer,aY,aY/STEM,MSA,,,#-aY z-suff v-suff !enc0,_,aY,ترى,DONE,,
127,128,MORPH,[IVBuff],Buffer,A,A/STEM,MSA,,,#-aY z-suff v-suff enc0,_,aY,تراه,DONE,,
128,129,MORPH,[IVBuff],Buffer,uw,uw/STEM,MSA,,,#-uw else,_,uw,تدعو,DONE,,
129,130,MORPH,[IVBuff],Buffer,uw,uw/STEM,MSA,,,#-uw z-suff else,_,uw,تدعو,DONE,,
130,131,MORPH,[IVBuff],Buffer,u,u/STEM,MSA,,,#-uw z-suff c-suff,_,u,تدعُ,DONE,,
131,132,MORPH,[IVBuff],Buffer,_,_,MSA,,,#-uw w-suff||y-suff,_,_,تدعون تدعين,DONE,,
132,133,MORPH,[IVBuff],Buffer,iy,iy/STEM,MSA,,,#-iy else,_,iy,ترمي,DONE,,
133,134,MORPH,[IVBuff],Buffer,_,_,MSA,,,#-iy w-suff||y-suff,_,_,ترمون ترمين,DONE,,
134,135,MORPH,[IVBuff],Buffer,i,i/STEM,MSA,,,#-iy z-suff c-suff ,_,i,ترمِ,DONE,,
135,136,MORPH,[IVBuff],Buffer,iy,iy/STEM,MSA,,,#-iy z-suff v-suff,_,iy,ترمي,DONE,,
136,137,MORPH,[IVBuff],Buffer,a|,a|/STEM,MSA,,,#-a> A-suff,_,a|,تقرآ,DONE,,
137,138,MORPH,[IVBuff],Buffer,a>,a>/STEM,MSA,,,#-a> else,_,a>,تقرأَ,DONE,,
138,139,MORPH,[IVBuff],Buffer,a>,a>/STEM,MSA,,,#-a> u-suff !enc0,_,a>,تقرأُ,DONE,,
139,140,MORPH,[IVBuff],Buffer,a&,a&/STEM,MSA,,,#-a> u-suff enc0,_,a>,تقرؤه,DONE,,
140,141,MORPH,[IVBuff],Buffer,a&,a&/STEM,MSA,,,#-a> w-suff,_,a&,تقرؤوا,DONE,,
141,142,MORPH,[IVBuff],Buffer,a},a}/STEM,MSA,,,#-a> y-suff,_,a},تقرئي,DONE,,
142,143,MORPH,[IVBuff],Buffer,u&,u&/STEM,MSA,,,#-u& else,_,a&,تبطؤ,DONE,,
143,144,MORPH,[IVBuff],Buffer,u},u}/STEM,MSA,,,#-u& y-suff,_,a},تبطئي,DONE,,
144,145,MORPH,[IVBuff],Buffer,a>,a>/STEM,MSA,,,#-A' c-suff,_,a>,يشأْ يشأن,DONE,,
145,146,MORPH,[IVBuff],Buffer,A&,A&/STEM,MSA,,,#-A' w-suff,_,A&,يشاؤون,DONE,,
146,147,MORPH,[IVBuff],Buffer,A},A}/STEM,MSA,,,#-A' y-suff,_,A},تشائين,DONE,,
147,148,MORPH,[IVBuff],Buffer,A',A'/STEM,MSA,,,#-A' z-suff||A-suff else,_,A',يشاء,DONE,,Added ||A-suff here
148,149,MORPH,[IVBuff],Buffer,A&,A&/STEM,MSA,,,#-A' z-suff||A-suff enc0 u-suff,_,A',يشاؤه,DONE,,Added ||A-suff here
149,150,MORPH,[IVBuff],Buffer,A',A'/STEM,MSA,,,#-A' z-suff||A-suff enc0 else,_,A',يشاءه,DONE,,Added ||A-suff here
150,151,MORPH,[IVBuff],Buffer,uw',uw'/STEM,MSA,,,#-uw' A-suff,_,uw',,DONE,,
151,152,MORPH,[IVBuff],Buffer,u&,u&/STEM,MSA,,,#-uw' c-suff,_,u&,,DONE,,
152,153,MORPH,[IVBuff],Buffer,uw},uw}/STEM,MSA,,,#-uw' w-suff||y-suff,_,uw},,DONE,,
153,154,MORPH,[IVBuff],Buffer,uw',uw'/STEM,MSA,,,#-uw' z-suff else,_,uw',,DONE,,
154,155,MORPH,[IVBuff],Buffer,uw',uw'/STEM,MSA,,,#-uw' z-suff u-suff !enc0,_,uw',,DONE,,
155,156,MORPH,[IVBuff],Buffer,uw&,uw&/STEM,MSA,,,#-uw' z-suff u-suff enc0,_,uw',,DONE,,
156,157,MORPH,[IVBuff],Buffer,i},i}/STEM,MSA,,,#-iy' c-suff,_,i},,DONE,,
157,158,MORPH,[IVBuff],Buffer,iy},iy}/STEM,MSA,,,#-iy' else,_,iy},,DONE,,
158,159,MORPH,[IVBuff],Buffer,iy',iy'/STEM,MSA,,,#-iy' z-suff !enc0,_,iy',,DONE,,
159,160,MORPH,[IVBuff],Buffer,iy},iy}/STEM,MSA,,,#-iy' z-suff enc0,_,iy',,DONE,,
160,161,MORPH,[IVBuff],Buffer,}iy,}iy/STEM,MSA,,,#-}iy else,_,iy,,DONE,,"Christian, add"
161,162,MORPH,[IVBuff],Buffer,}iy,}iy/STEM,MSA,,,#-}iy c-suff else,_,iy,,DONE,,"Christian, add"
162,163,MORPH,[IVBuff],Buffer,}i,}i/STEM,MSA,,,#-}iy c-suff z-suff,_,iy,,DONE,,"Christian, add"
163,164,MORPH,[IVBuff],Buffer,},}/STEM,MSA,,,#-}iy y-suff,_,iy,,DONE,,"Christian, add"
164,165,MORPH,[IVBuff],Buffer,&,&/STEM,MSA,,,#-}iy w-suff,_,_,,DONE,,"Christian, add"
165,124,MORPH,[IVBuff],Buffer,>ay,>ay/STEM,MSA,,,#->ay else,_,ay,تريان,DONE,,
166,125,MORPH,[IVBuff],Buffer,>,>/STEM,MSA,,,#->ay w-suff||y-suff,_,_,ترون ترين,DONE,,
167,126,MORPH,[IVBuff],Buffer,>a,>a/STEM,MSA,,,#->ay z-suff c-suff,_,a,ترَ,DONE,,
168,127,MORPH,[IVBuff],Buffer,>aY,>aY/STEM,MSA,,,#->ay z-suff v-suff !enc0,_,aY,ترى,DONE,,
169,128,MORPH,[IVBuff],Buffer,|,|/STEM,MSA,,,#->ay z-suff v-suff enc0,_,aY,تراه,DONE,,
170,172,MORPH,[IVBuff],Buffer,_,_,MSA,,,else,_,_,,DONE,,
171,173,#,Imperfective Verb Suffixes (Indicative Mood),,,,,,,,,,,,,
172,174,MORPH,[IVSuff.I.1P],IVSuff.1P,u,u/IVSUFF_SUBJ:1P_MOOD:I,MSA,[pl.],asp:i per:1 gen:u num:p mod:i,else,v-suff u-suff z-suff,u,نكتب,OK-BASE,,
173,193,MORPH,[IVSuff.I.1P],IVSuff.1P,_,(null)/IVSUFF_SUBJ:1P_MOOD:I,MSA,[pl.],asp:i per:1 gen:u num:p mod:i,#-aY||#-uw||#-aA||#->ay,v-suff u-suff z-suff,_,"نرا، نرى, ندعو, نرمي",OK-VAR,,
174,198,MORPH,[IVSuff.I.1P],IVSuff.1P,_,(null)/IVSUFF_SUBJ:1P_MOOD:I,MSA,[pl.],asp:i per:1 gen:u num:p mod:i,#-iy||#-}iy,v-suff u-suff z-suff #^iy,_,نرمي,OK-VAR,,
175,175,MORPH,[IVSuff.I.1S],IVSuff.1S,u,u/IVSUFF_SUBJ:1S_MOOD:I,MSA,[sg.],asp:i per:1 gen:u num:s mod:i,else,v-suff u-suff z-suff,u,أكتب,OK-BASE,,
176,194,MORPH,[IVSuff.I.1S],IVSuff.1S,_,(null)/IVSUFF_SUBJ:1S_MOOD:I,MSA,[sg.],asp:i per:1 gen:u num:s mod:i,#-aY||#-uw||#-aA||#->ay,v-suff u-suff z-suff,_,أراه، أرى,OK-VAR,,
177,199,MORPH,[IVSuff.I.1S],IVSuff.1S,_,(null)/IVSUFF_SUBJ:1S_MOOD:I,MSA,[sg.],asp:i per:1 gen:u num:s mod:i,#-iy||#-}iy,v-suff u-suff z-suff #^iy,_,أرمي,OK-VAR,,
178,176,MORPH,[IVSuff.I.2D],IVSuff.2D,Ani,Ani/IVSUFF_SUBJ:2D_MOOD:I,MSA,[du.],asp:i per:2 gen:u num:d mod:i,else,v-suff A-suff #^i,Ani,تكتبان,OK-BASE,,
179,187,MORPH,[IVSuff.I.2D],IVSuff.2D,ni,ni/IVSUFF_SUBJ:2D_MOOD:I,MSA,[du.],asp:i per:2 gen:u num:d mod:i,#-a>,v-suff A-suff #^i,ni,تقرآن,OK-VAR,,
180,177,MORPH,[IVSuff.I.2FP],IVSuff.2FP,na,na/IVSUFF_SUBJ:2FP_MOOD:I,MSA,[fem.pl.],asp:i per:2 gen:f num:p mod:i,else,c-suff,na,تكتبن,OK-BASE,,
181,203,MORPH,[IVSuff.I.2FP],IVSuff.2FP,~a,~a/IVSUFF_SUBJ:2FP_MOOD:I,MSA,[fem.pl.],asp:i per:2 gen:f num:p mod:i,#n,c-suff,~a,تسكنّ,OK-VAR,,
182,178,MORPH,[IVSuff.I.2FS],IVSuff.2FS,iyna,iyna/IVSUFF_SUBJ:2FS_MOOD:I,MSA,[fem.sg.],asp:i per:2 gen:f num:s mod:i,else,v-suff y-suff,iyna,تكتبين,OK-BASE,,
183,192,MORPH,[IVSuff.I.2FS],IVSuff.2FS,ayna,ayna/IVSUFF_SUBJ:2FS_MOOD:I,MSA,[fem.sg.],asp:i per:2 gen:f num:s mod:i,#-aY||#-aA||#->ay,y-suff,ayna,ترين,OK-VAR,,
184,179,MORPH,[IVSuff.I.2MP],IVSuff.2MP,uwna,uwna/IVSUFF_SUBJ:2MP_MOOD:I,MSA,[masc.pl.],asp:i per:2 gen:m num:p mod:i,else,v-suff w-suff,uwna,تكتبون,OK-BASE,,
185,190,MORPH,[IVSuff.I.2MP],IVSuff.2MP,awna,awna/IVSUFF_SUBJ:2MP_MOOD:I,MSA,[masc.pl.],asp:i per:2 gen:m num:p mod:i,#-aY||#-aA||#->ay,w-suff,awna,ترون,OK-VAR,,
186,180,MORPH,[IVSuff.I.2MS],IVSuff.2MS,u,u/IVSUFF_SUBJ:2MS_MOOD:I,MSA,[masc.sg.],asp:i per:2 gen:m num:s mod:i,else,v-suff u-suff z-suff,u,تكتب,OK-BASE,,
187,195,MORPH,[IVSuff.I.2MS],IVSuff.2MS,_,(null)/IVSUFF_SUBJ:2MS_MOOD:I,MSA,[masc.sg.],asp:i per:2 gen:m num:s mod:i,#-aY||#-uw||#-aA||#->ay,v-suff u-suff z-suff,_,ترا، ترى,OK-VAR,,
188,200,MORPH,[IVSuff.I.2MS],IVSuff.2MS,_,(null)/IVSUFF_SUBJ:2MS_MOOD:I,MSA,[masc.sg.],asp:i per:2 gen:m num:s mod:i,#-iy||#-}iy,v-suff u-suff z-suff #^iy,_,ترمي,OK-VAR,,
189,181,MORPH,[IVSuff.I.3FD],IVSuff.3FD,Ani,Ani/IVSUFF_SUBJ:3FD_MOOD:I,MSA,[fem.du.],asp:i per:3 gen:f num:d mod:i,else,v-suff A-suff #^i,Ani,تكتبان,OK-BASE,,
190,188,MORPH,[IVSuff.I.3FD],IVSuff.3FD,ni,ni/IVSUFF_SUBJ:3FD_MOOD:I,MSA,[fem.du.],asp:i per:3 gen:f num:d mod:i,#-a>,v-suff A-suff #^i,ni,تقرآن,OK-VAR,,
191,182,MORPH,[IVSuff.I.3FP],IVSuff.3FP,na,na/IVSUFF_SUBJ:3FP_MOOD:I,MSA,[fem.pl.],asp:i per:3 gen:f num:p mod:i,else,c-suff,na,يكتبن,OK-BASE,,
192,204,MORPH,[IVSuff.I.3FP],IVSuff.3FP,~a,~a/IVSUFF_SUBJ:3FP_MOOD:I,MSA,[fem.pl.],asp:i per:3 gen:f num:p mod:i,#n,c-suff,~a,يسكنّ,OK-VAR,,
193,183,MORPH,[IVSuff.I.3FS],IVSuff.3FS,u,u/IVSUFF_SUBJ:3FS_MOOD:I,MSA,[fem.sg.],asp:i per:3 gen:f num:s mod:i,else,v-suff u-suff z-suff,u,تكتب,OK-BASE,,
194,196,MORPH,[IVSuff.I.3FS],IVSuff.3FS,_,(null)/IVSUFF_SUBJ:3FS_MOOD:I,MSA,[fem.sg.],asp:i per:3 gen:f num:s mod:i,#-aY||#-uw||#-aA||#->ay,v-suff u-suff z-suff,_,ترا، ترى,OK-VAR,,
195,201,MORPH,[IVSuff.I.3FS],IVSuff.3FS,_,(null)/IVSUFF_SUBJ:3FS_MOOD:I,MSA,[fem.sg.],asp:i per:3 gen:f num:s mod:i,#-iy||#-}iy,v-suff u-suff z-suff #^iy,_,ترمي,OK-VAR,,
196,184,MORPH,[IVSuff.I.3MD],IVSuff.3MD,Ani,Ani/IVSUFF_SUBJ:3MD_MOOD:I,MSA,[masc.du.],asp:i per:3 gen:m num:d mod:i,else,v-suff A-suff #^i,Ani,يكتبان,OK-BASE,,
197,189,MORPH,[IVSuff.I.3MD],IVSuff.3MD,ni,ni/IVSUFF_SUBJ:3MD_MOOD:I,MSA,[masc.du.],asp:i per:3 gen:m num:d mod:i,#-a>,v-suff A-suff #^i,ni,تقرآن,OK-VAR,,
198,185,MORPH,[IVSuff.I.3MP],IVSuff.3MP,uwna,uwna/IVSUFF_SUBJ:3MP_MOOD:I,MSA,[masc.pl.],asp:i per:3 gen:m num:p mod:i,else,v-suff w-suff,uwna,يكتبون,OK-BASE,,
199,191,MORPH,[IVSuff.I.3MP],IVSuff.3MP,awna,awna/IVSUFF_SUBJ:3MP_MOOD:I,MSA,[masc.pl.],asp:i per:3 gen:m num:p mod:i,#-aY||#-aA||#->ay,w-suff,awna,يرون,OK-VAR,,
200,186,MORPH,[IVSuff.I.3MS],IVSuff.3MS,u,u/IVSUFF_SUBJ:3MS_MOOD:I,MSA,[masc.sg.],asp:i per:3 gen:m num:s mod:i,else,v-suff u-suff z-suff,u,يكتب,OK-BASE,,
201,197,MORPH,[IVSuff.I.3MS],IVSuff.3MS,_,(null)/IVSUFF_SUBJ:3MS_MOOD:I,MSA,[masc.sg.],asp:i per:3 gen:m num:s mod:i,#-aY||#-uw||#-aA||#->ay,v-suff u-suff z-suff,_,يرا، يرى,OK-VAR,,
202,202,MORPH,[IVSuff.I.3MS],IVSuff.3MS,_,(null)/IVSUFF_SUBJ:3MS_MOOD:I,MSA,[masc.sg.],asp:i per:3 gen:m num:s mod:i,#-iy||#-}iy,v-suff u-suff z-suff #^iy,_,يرمي,OK-VAR,,
203,205,#,Imperfective Verb Suffixes (Jussive Mood),,,,,,,,,,,,,
204,206,MORPH,[IVSuff.J.1P],IVSuff.1P,_,(null)/IVSUFF_SUBJ:1P_MOOD:J,MSA,[pl.],asp:i per:1 gen:u num:p mod:j,#-aY||#-uw||#-aA||#->ay,c-suff z-suff,_,نر,OK-VAR,,
205,207,MORPH,[IVSuff.J.1P],IVSuff.1P,_,(null)/IVSUFF_SUBJ:1P_MOOD:J,MSA,[pl.],asp:i per:1 gen:u num:p mod:j,#-iy||#-}iy,c-suff z-suff #^i,_,نرمِ,OK-VAR,,
206,208,MORPH,[IVSuff.J.1P],IVSuff.1P,a,a/IVSUFF_SUBJ:1P_MOOD:J,MSA,[pl.],asp:i per:1 gen:u num:p mod:j,else gem,v-suff,a,لم نمدَّ,OK-VAR,,
207,209,MORPH,[IVSuff.J.1P],IVSuff.1P,o,o/IVSUFF_SUBJ:1P_MOOD:J,MSA,[pl.],asp:i per:1 gen:u num:p mod:j,else else,c-suff,o,نكتبْ,OK-BASE,,
208,210,MORPH,[IVSuff.J.1S],IVSuff.1S,_,(null)/IVSUFF_SUBJ:1S_MOOD:J,MSA,[sg.],asp:i per:1 gen:u num:s mod:j,#-aY||#-uw||#-aA||#->ay,c-suff z-suff,_,أر,OK-VAR,,
209,211,MORPH,[IVSuff.J.1S],IVSuff.1S,_,(null)/IVSUFF_SUBJ:1S_MOOD:J,MSA,[sg.],asp:i per:1 gen:u num:s mod:j,#-iy||#-}iy,c-suff z-suff #^i,_,أرمِ,OK-VAR,,
210,212,MORPH,[IVSuff.J.1S],IVSuff.1S,a,a/IVSUFF_SUBJ:1S_MOOD:J,MSA,[sg.],asp:i per:1 gen:u num:s mod:j,else gem,v-suff,a,لم أمدَّ,OK-VAR,,
211,213,MORPH,[IVSuff.J.1S],IVSuff.1S,o,o/IVSUFF_SUBJ:1S_MOOD:J,MSA,[sg.],asp:i per:1 gen:u num:s mod:j,else else,c-suff,o,أكتبْ,OK-BASE,,
212,214,MORPH,[IVSuff.J.2D],IVSuff.2D,_,(null)/IVSUFF_SUBJ:2D_MOOD:J,MSA,[du.],asp:i per:2 gen:u num:d mod:j,#-a>,v-suff A-suff,_,تقرآ,OK-VAR,,
213,215,MORPH,[IVSuff.J.2D],IVSuff.2D,A,A/IVSUFF_SUBJ:2D_MOOD:J,MSA,[du.],asp:i per:2 gen:u num:d mod:j,else,v-suff A-suff,A,تكتبا,OK-BASE,,
214,216,MORPH,[IVSuff.J.2FP],IVSuff.2FP,~a,~a/IVSUFF_SUBJ:2FP_MOOD:J,MSA,[fem.pl.],asp:i per:2 gen:f num:p mod:j,#n,c-suff,~a,تسكنّ,OK-VAR,,
215,217,MORPH,[IVSuff.J.2FP],IVSuff.2FP,na,na/IVSUFF_SUBJ:2FP_MOOD:J,MSA,[fem.pl.],asp:i per:2 gen:f num:p mod:j,else,c-suff,na,تكتبن,OK-BASE,,
216,218,MORPH,[IVSuff.J.2FS],IVSuff.2FS,ay,ay/IVSUFF_SUBJ:2FS_MOOD:J,MSA,[fem.sg.],asp:i per:2 gen:f num:s mod:j,#-aY||#-aA||#->ay,y-suff #^iy,ay,تري,OK-VAR,,
217,219,MORPH,[IVSuff.J.2FS],IVSuff.2FS,iy,iy/IVSUFF_SUBJ:2FS_MOOD:J,MSA,[fem.sg.],asp:i per:2 gen:f num:s mod:j,else,v-suff y-suff #^iy,iy,تكتبي,OK-BASE,,
218,220,MORPH,[IVSuff.J.2MP],IVSuff.2MP,aw,aw/IVSUFF_SUBJ:2MP_MOOD:J,MSA,[masc.pl.],asp:i per:2 gen:m num:p mod:j,#-aY||#-aA||#->ay enc0,w-suff,awA,تروها,OK-VAR,,
219,221,MORPH,[IVSuff.J.2MP],IVSuff.2MP,awA,awA/IVSUFF_SUBJ:2MP_MOOD:J,MSA,[masc.pl.],asp:i per:2 gen:m num:p mod:j,#-aY||#-aA||#->ay else,w-suff,awA,تروا,OK-VAR,,
220,222,MORPH,[IVSuff.J.2MP],IVSuff.2MP,uw,uw/IVSUFF_SUBJ:2MP_MOOD:J,MSA,[masc.pl.],asp:i per:2 gen:m num:p mod:j,else enc0,v-suff w-suff,uwA,تكتبوه,OK-BASE,,
221,223,MORPH,[IVSuff.J.2MP],IVSuff.2MP,uwA,uwA/IVSUFF_SUBJ:2MP_MOOD:J,MSA,[masc.pl.],asp:i per:2 gen:m num:p mod:j,else else,v-suff w-suff,uwA,تكتبوا,OK-BASE,,
222,224,MORPH,[IVSuff.J.2MS],IVSuff.2MS,_,(null)/IVSUFF_SUBJ:2MS_MOOD:J,MSA,[masc.sg.],asp:i per:2 gen:m num:s mod:j,#-aY||#-uw||#-aA||#->ay else,c-suff z-suff,_,تر,OK-VAR,,
223,225,MORPH,[IVSuff.J.2MS],IVSuff.2MS,_,(null)/IVSUFF_SUBJ:2MS_MOOD:J,MSA,[masc.sg.],asp:i per:2 gen:m num:s mod:j,#-iy||#-}iy else,c-suff z-suff #^i,_,ترمِ,OK-VAR,,
224,226,MORPH,[IVSuff.J.2MS],IVSuff.2MS,a,a/IVSUFF_SUBJ:2MS_MOOD:J,MSA,[masc.sg.],asp:i per:2 gen:m num:s mod:j,else gem,v-suff,a,لم تمدَّ,OK-VAR,,
225,227,MORPH,[IVSuff.J.2MS],IVSuff.2MS,o,o/IVSUFF_SUBJ:2MS_MOOD:J,MSA,[masc.sg.],asp:i per:2 gen:m num:s mod:j,else else,c-suff,o,تكتبْ,OK-BASE,,
226,228,MORPH,[IVSuff.J.3FD],IVSuff.3FD,_,(null)/IVSUFF_SUBJ:3FD_MOOD:J,MSA,[fem.du.],asp:i per:3 gen:f num:d mod:j,#-a>,v-suff A-suff,_,تقرآ,OK-VAR,,
227,229,MORPH,[IVSuff.J.3FD],IVSuff.3FD,aA,aA/IVSUFF_SUBJ:3FD_MOOD:J,MSA,[fem.du.],asp:i per:3 gen:f num:d mod:j,#-uw,v-suff A-suff,A,تكتبا,OK-BASE,,
228,230,MORPH,[IVSuff.J.3FD],IVSuff.3FD,A,A/IVSUFF_SUBJ:3FD_MOOD:J,MSA,[fem.du.],asp:i per:3 gen:f num:d mod:j,else,v-suff A-suff,A,تكتبا,OK-BASE,,
229,231,MORPH,[IVSuff.J.3FP],IVSuff.3FP,~a,~a/IVSUFF_SUBJ:3FP_MOOD:J,MSA,[fem.pl.],asp:i per:3 gen:f num:p mod:j,#n,c-suff,~a,يسكنّ,OK-VAR,,
230,232,MORPH,[IVSuff.J.3FP],IVSuff.3FP,na,na/IVSUFF_SUBJ:3FP_MOOD:J,MSA,[fem.pl.],asp:i per:3 gen:f num:p mod:j,else,c-suff,na,يكتبن,OK-BASE,,
231,233,MORPH,[IVSuff.J.3FS],IVSuff.3FS,_,(null)/IVSUFF_SUBJ:3FS_MOOD:J,MSA,[fem.sg.],asp:i per:3 gen:f num:s mod:j,#-aY||#-uw||#-aA||#->ay else,c-suff z-suff,_,تر,OK-VAR,,
232,234,MORPH,[IVSuff.J.3FS],IVSuff.3FS,_,(null)/IVSUFF_SUBJ:3FS_MOOD:J,MSA,[fem.sg.],asp:i per:3 gen:f num:s mod:j,#-iy||#-}iy else,c-suff z-suff #^i,_,ترمِ,OK-VAR,,
233,235,MORPH,[IVSuff.J.3FS],IVSuff.3FS,a,a/IVSUFF_SUBJ:3FS_MOOD:J,MSA,[fem.sg.],asp:i per:3 gen:f num:s mod:j,else gem,v-suff,a,لم تمدَّ,OK-VAR,,
234,236,MORPH,[IVSuff.J.3FS],IVSuff.3FS,o,o/IVSUFF_SUBJ:3FS_MOOD:J,MSA,[fem.sg.],asp:i per:3 gen:f num:s mod:j,else else,c-suff,o,تكتبْ,OK-BASE,,
235,237,MORPH,[IVSuff.J.3MD],IVSuff.3MD,_,(null)/IVSUFF_SUBJ:3MD_MOOD:J,MSA,[masc.du.],asp:i per:2 gen:m num:d mod:j,#-a>,v-suff A-suff,_,تقرآ,OK-VAR,,
236,238,MORPH,[IVSuff.J.3MD],IVSuff.3MD,aA,aA/IVSUFF_SUBJ:3MD_MOOD:J,MSA,[masc.du.],asp:i per:3 gen:m num:d mod:j,#-uw,v-suff A-suff,A,يكتبا,OK-BASE,,
237,239,MORPH,[IVSuff.J.3MD],IVSuff.3MD,A,A/IVSUFF_SUBJ:3MD_MOOD:J,MSA,[masc.du.],asp:i per:3 gen:m num:d mod:j,else,v-suff A-suff,A,يكتبا,OK-BASE,,
238,240,MORPH,[IVSuff.J.3MP],IVSuff.3MP,aw,awA/IVSUFF_SUBJ:3MP_MOOD:J,MSA,[masc.pl.],asp:i per:3 gen:m num:p mod:j,#-aY||#-aA||#->ay enc0,w-suff,awA,يروها,OK-VAR,,
239,241,MORPH,[IVSuff.J.3MP],IVSuff.3MP,awA,awA/IVSUFF_SUBJ:3MP_MOOD:J,MSA,[masc.pl.],asp:i per:3 gen:m num:p mod:j,#-aY||#-aA||#->ay else,w-suff,awA,يروا,OK-VAR,,
240,242,MORPH,[IVSuff.J.3MP],IVSuff.3MP,uw,uwA/IVSUFF_SUBJ:3MP_MOOD:J,MSA,[masc.pl.],asp:i per:3 gen:m num:p mod:j,else enc0,v-suff w-suff,uwA,يكتبوه,OK-BASE,,
241,243,MORPH,[IVSuff.J.3MP],IVSuff.3MP,uwA,uwA/IVSUFF_SUBJ:3MP_MOOD:J,MSA,[masc.pl.],asp:i per:3 gen:m num:p mod:j,else else,v-suff w-suff,uwA,يكتبوا,OK-BASE,,
242,244,MORPH,[IVSuff.J.3MS],IVSuff.3MS,_,(null)/IVSUFF_SUBJ:3MS_MOOD:J,MSA,[masc.sg.],asp:i per:3 gen:m num:s mod:j,#-aY||#-uw||#-aA||#->ay else,c-suff z-suff,_,ير ,OK-VAR,,
243,245,MORPH,[IVSuff.J.3MS],IVSuff.3MS,_,(null)/IVSUFF_SUBJ:3MS_MOOD:J,MSA,[masc.sg.],asp:i per:3 gen:m num:s mod:j,#-iy||#-}iy else,c-suff z-suff #^i,_,يرمِ,OK-VAR,,
244,246,MORPH,[IVSuff.J.3MS],IVSuff.3MS,o,o/IVSUFF_SUBJ:3MS_MOOD:J,MSA,[masc.sg.],asp:i per:3 gen:m num:s mod:j,else else,c-suff,o,يكتبْ,OK-BASE,,
245,247,MORPH,[IVSuff.J.3MS],IVSuff.3MS,a,a/IVSUFF_SUBJ:3MS_MOOD:J,MSA,[masc.sg.],asp:i per:3 gen:m num:s mod:j,else gem,v-suff,a,لم يمدَّ,OK-VAR,,
246,248,#,Imperfective Verb Suffixes (Subjunctive Mood),,,,,,,,,,,,,
247,249,MORPH,[IVSuff.S.1P],IVSuff.1P,a,a/IVSUFF_SUBJ:1P_MOOD:S,MSA,[pl.],asp:i per:1 gen:u num:p mod:s,else,v-suff a-suff z-suff,a,نكتب,OK-BASE,,
248,264,MORPH,[IVSuff.S.1P],IVSuff.1P,_,(null)/IVSUFF_SUBJ:1P_MOOD:S,MSA,[pl.],asp:i per:1 gen:u num:p mod:s,#-aY||#-aA||#->ay,v-suff a-suff z-suff,_,نرا,OK-VAR,,
249,250,MORPH,[IVSuff.S.1S],IVSuff.1S,a,a/IVSUFF_SUBJ:1S_MOOD:S,MSA,[sg.],asp:i per:1 gen:u num:s mod:s,else,v-suff a-suff z-suff,a,أكتب,OK-BASE,,
250,265,MORPH,[IVSuff.S.1S],IVSuff.1S,_,(null)/IVSUFF_SUBJ:1S_MOOD:S,MSA,[sg.],asp:i per:1 gen:u num:s mod:s,#-aY||#-aA||#->ay,v-suff a-suff z-suff,_,أراه، أرى,OK-VAR,,
251,251,MORPH,[IVSuff.S.2D],IVSuff.2D,A,A/IVSUFF_SUBJ:2D_MOOD:S,MSA,[du.],asp:i per:2 gen:u num:d mod:s,else,v-suff A-suff,A,تكتبا,OK-BASE,,
252,266,MORPH,[IVSuff.S.2D],IVSuff.2D,_,(null)/IVSUFF_SUBJ:2D_MOOD:S,MSA,[du.],asp:i per:2 gen:u num:d mod:s,#-a>,v-suff A-suff,_,تقرآ,OK-VAR,,
253,252,MORPH,[IVSuff.S.2FP],IVSuff.2FP,na,na/IVSUFF_SUBJ:2FP_MOOD:S,MSA,[fem.pl.],asp:i per:2 gen:f num:p mod:s,else,c-suff,na,تكتبن,OK-BASE,,
254,272,MORPH,[IVSuff.S.2FP],IVSuff.2FP,~a,~a/IVSUFF_SUBJ:2FP_MOOD:S,MSA,[fem.pl.],asp:i per:2 gen:f num:p mod:s,#n,c-suff,~a,تسكنّ,OK-VAR,,
255,253,MORPH,[IVSuff.S.2FS],IVSuff.2FS,iy,iy/IVSUFF_SUBJ:2FS_MOOD:S,MSA,[fem.sg.],asp:i per:2 gen:f num:s mod:s,else,v-suff y-suff #^iy,iy,تكتبي,OK-BASE,,
256,278,MORPH,[IVSuff.S.2FS],IVSuff.2FS,ay,ay/IVSUFF_SUBJ:2FS_MOOD:S,MSA,[fem.sg.],asp:i per:2 gen:f num:s mod:s,#-aY||#-aA||#->ay,y-suff #^iy,ay,تري,OK-VAR,,
257,254,MORPH,[IVSuff.S.2MP],IVSuff.2MP,uwA,uwA/IVSUFF_SUBJ:2MP_MOOD:S,MSA,[masc.pl.],asp:i per:2 gen:m num:p mod:s,else else,v-suff w-suff,uwA,تكتبوا,OK-BASE,,
258,255,MORPH,[IVSuff.S.2MP],IVSuff.2MP,uw,uwA/IVSUFF_SUBJ:2MP_MOOD:S,MSA,[masc.pl.],asp:i per:2 gen:m num:p mod:s,else enc0,v-suff w-suff,uwA,تكتبوه,OK-BASE,,
259,274,MORPH,[IVSuff.S.2MP],IVSuff.2MP,aw,awA/IVSUFF_SUBJ:2MP_MOOD:S,MSA,[masc.pl.],asp:i per:2 gen:m num:p mod:s,#-aY||#-aA||#->ay enc0,w-suff,awA,تروه,OK-VAR,,
260,276,MORPH,[IVSuff.S.2MP],IVSuff.2MP,awA,awA/IVSUFF_SUBJ:2MP_MOOD:S,MSA,[masc.pl.],asp:i per:2 gen:m num:p mod:s,#-aY||#-aA||#->ay else,w-suff,awA,تروا,OK-VAR,,
261,256,MORPH,[IVSuff.S.2MS],IVSuff.2MS,a,a/IVSUFF_SUBJ:2MS_MOOD:S,MSA,[masc.sg.],asp:i per:2 gen:m num:s mod:s,else,v-suff a-suff z-suff,a,تكتب,OK-BASE,,
262,267,MORPH,[IVSuff.S.2MS],IVSuff.2MS,_,(null)/IVSUFF_SUBJ:2MS_MOOD:S,MSA,[masc.sg.],asp:i per:2 gen:m num:s mod:s,#-aY||#-aA||#->ay,v-suff a-suff z-suff,_,ترا,OK-VAR,,
263,257,MORPH,[IVSuff.S.3FD],IVSuff.3FD,A,A/IVSUFF_SUBJ:3FD_MOOD:S,MSA,[fem.du.],asp:i per:3 gen:f num:d mod:s,else,v-suff A-suff,A,تكتبا,OK-BASE,,
264,268,MORPH,[IVSuff.S.3FD],IVSuff.3FD,_,(null)/IVSUFF_SUBJ:3FD_MOOD:S,MSA,[fem.du.],asp:i per:3 gen:f num:d mod:s,#-a>,v-suff A-suff,_,تقرآ,OK-VAR,,
265,258,MORPH,[IVSuff.S.3FP],IVSuff.3FP,na,na/IVSUFF_SUBJ:3FP_MOOD:S,MSA,[fem.pl.],asp:i per:3 gen:f num:p mod:s,else,c-suff,na,يكتبن,OK-BASE,,
266,273,MORPH,[IVSuff.S.3FP],IVSuff.3FP,~a,~a/IVSUFF_SUBJ:3FP_MOOD:S,MSA,[fem.pl.],asp:i per:3 gen:f num:p mod:s,#n,c-suff,~a,يسكنّ,OK-VAR,,
267,259,MORPH,[IVSuff.S.3FS],IVSuff.3FS,a,a/IVSUFF_SUBJ:3FS_MOOD:S,MSA,[fem.sg.],asp:i per:3 gen:f num:s mod:s,else,v-suff a-suff z-suff,a,تكتب,OK-BASE,,
268,269,MORPH,[IVSuff.S.3FS],IVSuff.3FS,_,(null)/IVSUFF_SUBJ:3FS_MOOD:S,MSA,[fem.sg.],asp:i per:3 gen:f num:s mod:s,#-aY||#-aA||#->ay,v-suff a-suff z-suff,_,ترى,OK-VAR,,
269,260,MORPH,[IVSuff.S.3MD],IVSuff.3MD,A,A/IVSUFF_SUBJ:3MD_MOOD:S,MSA,[masc.du.],asp:i per:3 gen:m num:d mod:s,else,v-suff A-suff,A,يكتبا,OK-BASE,,
270,270,MORPH,[IVSuff.S.3MD],IVSuff.3MD,_,(null)/IVSUFF_SUBJ:3MD_MOOD:S,MSA,[masc.du.],asp:i per:3 gen:m num:d mod:s,#-a>,v-suff A-suff,_,تقرآ,OK-VAR,,
271,261,MORPH,[IVSuff.S.3MP],IVSuff.3MP,uwA,uwA/IVSUFF_SUBJ:3MP_MOOD:S,MSA,[masc.pl.],asp:i per:3 gen:m num:p mod:s,else else,v-suff w-suff,uwA,يكتبوا,OK-BASE,,
272,262,MORPH,[IVSuff.S.3MP],IVSuff.3MP,uw,uwA/IVSUFF_SUBJ:3MP_MOOD:S,MSA,[masc.pl.],asp:i per:3 gen:m num:p mod:s,else enc0,v-suff w-suff,uwA,يكتبوه,OK-BASE,,
273,275,MORPH,[IVSuff.S.3MP],IVSuff.3MP,aw,awA/IVSUFF_SUBJ:3MP_MOOD:S,MSA,[masc.pl.],asp:i per:3 gen:m num:p mod:s,#-aY||#-aA||#->ay enc0                                                                                                                ,w-suff,awA,يروه,OK-VAR,,
274,277,MORPH,[IVSuff.S.3MP],IVSuff.3MP,awA,awA/IVSUFF_SUBJ:3MP_MOOD:S,MSA,[masc.pl.],asp:i per:3 gen:m num:p mod:s,#-aY||#-aA||#->ay else,w-suff,awA,يروا,OK-VAR,,
275,263,MORPH,[IVSuff.S.3MS],IVSuff.3MS,a,a/IVSUFF_SUBJ:3MS_MOOD:S,MSA,[masc.sg.],asp:i per:3 gen:m num:s mod:s,else,v-suff a-suff z-suff,a,يكتب,OK-BASE,,
276,271,MORPH,[IVSuff.S.3MS],IVSuff.3MS,_,(null)/IVSUFF_SUBJ:3MS_MOOD:S,MSA,[masc.sg.],asp:i per:3 gen:m num:s mod:s,#-aY||#-aA||#->ay,v-suff a-suff z-suff,_,يرا,OK-VAR,,
277,279,#,Imperfective Verb Suffixes (Energetic Mood) Light Energetic,,,,,,,,,,,,,
278,281,MORPH,[IVSuff.E.1P],IVSuff.1P,ano,ano/IVSUFF_SUBJ:1P_MOOD:E,CA,[pl.],asp:i per:1 gen:u num:p mod:e,_,v-suff z-suff,ano,نكتبَنْ نريَنْ,OK-BASE,,L
279,283,MORPH,[IVSuff.E.1S],IVSuff.1S,ano,ano/IVSUFF_SUBJ:1S_MOOD:E,CA,[sg.],asp:i per:1 gen:u num:s mod:e,_,v-suff z-suff,ano,أكتبَن أرين,OK-VAR,,L
280,284,MORPH,[IVSuff.E.2D],IVSuff.2D,An~i,An~i/IVSUFF_SUBJ:2D_MOOD:E,CA,[du.],asp:i per:2 gen:u num:d mod:e,else,v-suff A-suff #^i,An~i,تكتبانِّ,OK-BASE,,HL
281,285,MORPH,[IVSuff.E.2D],IVSuff.2D,n~i,n~i/IVSUFF_SUBJ:2D_MOOD:E,CA,[du.],asp:i per:2 gen:u num:d mod:e,#-a>,v-suff A-suff #^i,n~i,تقرآنِّ,OK-VAR,,HL
282,286,MORPH,[IVSuff.E.2FP],IVSuff.2FP,nAn~i,nAn~i/IVSUFF_SUBJ:2FP_MOOD:E,CA,[fem.pl.],asp:i per:2 gen:f num:p mod:e,else,c-suff #^i,nAn~i,تكتبنان,OK-BASE,,HL
283,287,MORPH,[IVSuff.E.2FP],IVSuff.2FP,~An~i,~An~i/IVSUFF_SUBJ:2FP_MOOD:E,CA,[fem.pl.],asp:i per:2 gen:f num:p mod:e,#n,c-suff #^i,~An~i,تسكنّان,OK-VAR,,HL
284,290,MORPH,[IVSuff.E.2FS],IVSuff.2FS,ino,ino/IVSUFF_SUBJ:2FS_MOOD:E,CA,[fem.sg.],asp:i per:2 gen:f num:s mod:e,else,v-suff y-suff,ino,تكتبِنَّ,OK-BASE,,L
285,291,MORPH,[IVSuff.E.2FS],IVSuff.2FS,ayino,ayino/IVSUFF_SUBJ:2FS_MOOD:E,CA,[fem.sg.],asp:i per:2 gen:f num:s mod:e,#-aY||#-aA,y-suff,ayino,تريِنَّ,OK-VAR,,L
286,293,MORPH,[IVSuff.E.2MP],IVSuff.2MP,uno,uno/IVSUFF_SUBJ:2MP_MOOD:E,CA,[masc.pl.],asp:i per:2 gen:m num:p mod:e,else else,v-suff w-suff,uno,تكتبُنْ,OK-BASE,,L
287,295,MORPH,[IVSuff.E.2MP],IVSuff.2MP,awuno,awuno/IVSUFF_SUBJ:2MP_MOOD:E,CA,[masc.pl.],asp:i per:2 gen:m num:p mod:e,#-aY||#-aA enc0,w-suff,awuno,تروُنْ,OK-VAR,,L
288,297,MORPH,[IVSuff.E.2MS],IVSuff.2MS,ano,ano/IVSUFF_SUBJ:2MS_MOOD:E,CA,[masc.sg.],asp:i per:2 gen:m num:s mod:e,_,v-suff z-suff,ano,تكتبَنْ تريَنْ,OK-VAR,,L
289,298,MORPH,[IVSuff.E.3FD],IVSuff.3FD,An~i,An~i/IVSUFF_SUBJ:3FD_MOOD:E,CA,[fem.du.],asp:i per:3 gen:f num:d mod:e,else,v-suff A-suff #^i,An~i,تكتبانِّ,OK-BASE,,HL
290,299,MORPH,[IVSuff.E.3FD],IVSuff.3FD,n~i,n~i/IVSUFF_SUBJ:3FD_MOOD:E,CA,[fem.du.],asp:i per:3 gen:f num:d mod:e,#-a>,v-suff A-suff #^i,n~i,تقرآنِّ,OK-VAR,,HL
291,300,MORPH,[IVSuff.E.3FP],IVSuff.3FP,nAn~i,nAn~i/IVSUFF_SUBJ:3FP_MOOD:E,CA,[fem.pl.],asp:i per:3 gen:f num:p mod:e,else,c-suff #^i,nAn~i,يكتبنان,OK-BASE,,HL
292,301,MORPH,[IVSuff.E.3FP],IVSuff.3FP,~An~i,~An~i/IVSUFF_SUBJ:3FP_MOOD:E,CA,[fem.pl.],asp:i per:3 gen:f num:p mod:e,#n,c-suff #^i,~An~i,يسكنّان,OK-VAR,,HL
293,303,MORPH,[IVSuff.E.3FS],IVSuff.3FS,ano,ano/IVSUFF_SUBJ:3FS_MOOD:E,CA,[fem.sg.],asp:i per:3 gen:f num:s mod:e,_,v-suff z-suff,ano,تكتبَنْ تريَنْ,OK-VAR,,L
294,304,MORPH,[IVSuff.E.3MD],IVSuff.3MD,An~i,An~i/IVSUFF_SUBJ:3MD_MOOD:E,CA,[masc.du.],asp:i per:3 gen:m num:d mod:e,else,v-suff A-suff #^i,An~i,يكتبانِّ,OK-BASE,,HL
295,305,MORPH,[IVSuff.E.3MD],IVSuff.3MD,n~i,n~i/IVSUFF_SUBJ:3MD_MOOD:E,CA,[masc.du.],asp:i per:3 gen:m num:d mod:e,#-a>,v-suff A-suff #^i,n~i,يقرآنِّ,OK-VAR,,HL
296,307,MORPH,[IVSuff.E.3MP],IVSuff.3MP,uno,uno/IVSUFF_SUBJ:3MP_MOOD:E,CA,[masc.pl.],asp:i per:3 gen:m num:p mod:e,else,v-suff w-suff,uno,يكتبُنْ,OK-BASE,,L
297,309,MORPH,[IVSuff.E.3MP],IVSuff.3MP,awuno,awuno/IVSUFF_SUBJ:3MP_MOOD:E,CA,[masc.pl.],asp:i per:3 gen:m num:p mod:e,#-aY||#-aA,w-suff,awuno,يروُنْ,OK-VAR,,L
298,311,MORPH,[IVSuff.E.3MS],IVSuff.3MS,ano,ano/IVSUFF_SUBJ:3MS_MOOD:E,CA,[masc.sg.],asp:i per:3 gen:m num:s mod:e,_,v-suff z-suff,ano,يكتبَنْ يريَنْ,OK-VAR,,L
299,313,#,Imperfective Verb Suffixes (Extra Energetic Mood) Heavy Energetic,,,,,,,,,,,,,
300,314,MORPH,[IVSuff.E.1P],IVSuff.1P,an~a,an~a/IVSUFF_SUBJ:1P_MOOD:E,CA,[pl.],asp:i per:1 gen:u num:p mod:x,_,v-suff z-suff,an~a,نكتبَنَّ نريَنَّ,OK-BASE,,H
301,316,MORPH,[IVSuff.E.1S],IVSuff.1S,an~a,an~a/IVSUFF_SUBJ:1S_MOOD:E,CA,[sg.],asp:i per:1 gen:u num:s mod:x,_,v-suff z-suff,an~a,أكتبَنَّ أرينَّ,OK-BASE,,H
302,318,MORPH,[IVSuff.E.2D],IVSuff.2D,An~i,An~i/IVSUFF_SUBJ:2D_MOOD:E,CA,[du.],asp:i per:2 gen:u num:d mod:x,else,v-suff A-suff #^i,An~i,تكتبانِّ,OK-BASE,,HL
303,319,MORPH,[IVSuff.E.2D],IVSuff.2D,n~i,n~i/IVSUFF_SUBJ:2D_MOOD:E,CA,[du.],asp:i per:2 gen:u num:d mod:x,#-a>,v-suff A-suff #^i,n~i,تقرآنِّ,OK-VAR,,HL
304,320,MORPH,[IVSuff.E.2FP],IVSuff.2FP,nAn~i,nAn~i/IVSUFF_SUBJ:2FP_MOOD:E,CA,[fem.pl.],asp:i per:2 gen:f num:p mod:x,else,c-suff #^i,nAn~i,تكتبنان,OK-BASE,,HL
305,321,MORPH,[IVSuff.E.2FP],IVSuff.2FP,~An~i,~An~i/IVSUFF_SUBJ:2FP_MOOD:E,CA,[fem.pl.],asp:i per:2 gen:f num:p mod:x,#n,c-suff #^i,~An~i,تسكنّان,OK-VAR,,HL
306,322,MORPH,[IVSuff.E.2FS],IVSuff.2FS,in~a,in~a/IVSUFF_SUBJ:2FS_MOOD:E,CA,[fem.sg.],asp:i per:2 gen:f num:s mod:x,else,v-suff y-suff,in~a,تكتبِنَّ,OK-BASE,,H
307,323,MORPH,[IVSuff.E.2FS],IVSuff.2FS,ayin~a,ayin~a/IVSUFF_SUBJ:2FS_MOOD:E,CA,[fem.sg.],asp:i per:2 gen:f num:s mod:x,#-aY||#-aA,y-suff,ayin~a,تريِنَّ,OK-VAR,,H
308,326,MORPH,[IVSuff.E.2MP],IVSuff.2MP,un~a,un~a/IVSUFF_SUBJ:2MP_MOOD:E,CA,[masc.pl.],asp:i per:2 gen:m num:p mod:x,else,v-suff w-suff,un~a,تكتبُنَّ,OK-BASE,,H
309,328,MORPH,[IVSuff.E.2MP],IVSuff.2MP,awun~a,awun~a/IVSUFF_SUBJ:2MP_MOOD:E,CA,[masc.pl.],asp:i per:2 gen:m num:p mod:x,#-aY||#-aA else,w-suff,awun~a,تروُنَّ,OK-VAR,,H
310,330,MORPH,[IVSuff.E.2MS],IVSuff.2MS,an~a,an~a/IVSUFF_SUBJ:2MS_MOOD:E,CA,[masc.sg.],asp:i per:2 gen:m num:s mod:x,_,v-suff z-suff,an~a,تكتبَنَّ تريَنَّ,OK-BASE,,H
311,332,MORPH,[IVSuff.E.3FD],IVSuff.3FD,An~i,An~i/IVSUFF_SUBJ:3FD_MOOD:E,CA,[fem.du.],asp:i per:3 gen:f num:d mod:x,else,v-suff A-suff #^i,An~i,تكتبانِّ,OK-BASE,,HL
312,333,MORPH,[IVSuff.E.3FD],IVSuff.3FD,n~i,n~i/IVSUFF_SUBJ:3FD_MOOD:E,CA,[fem.du.],asp:i per:3 gen:f num:d mod:x,#-a>,v-suff A-suff #^i,n~i,تقرآنِّ,OK-VAR,,HL
313,334,MORPH,[IVSuff.E.3FP],IVSuff.3FP,nAn~i,nAn~i/IVSUFF_SUBJ:3FP_MOOD:E,CA,[fem.pl.],asp:i per:3 gen:f num:p mod:x,else,c-suff #^i,nAn~i,يكتبنان,OK-BASE,,HL
314,335,MORPH,[IVSuff.E.3FP],IVSuff.3FP,~An~i,~An~i/IVSUFF_SUBJ:3FP_MOOD:E,CA,[fem.pl.],asp:i per:3 gen:f num:p mod:x,#n,c-suff #^i,~An~i,يسكنّان,OK-VAR,,HL
315,336,MORPH,[IVSuff.E.3FS],IVSuff.3FS,an~a,an~a/IVSUFF_SUBJ:3FS_MOOD:E,CA,[fem.sg.],asp:i per:3 gen:f num:s mod:x,_,v-suff z-suff,an~a,تكتبَنَّ تريَنَّ,OK-BASE,,H
316,338,MORPH,[IVSuff.E.3MD],IVSuff.3MD,An~i,An~i/IVSUFF_SUBJ:3MD_MOOD:E,CA,[masc.du.],asp:i per:3 gen:m num:d mod:x,else,v-suff A-suff #^i,An~i,يكتبانِّ,OK-BASE,,HL
317,339,MORPH,[IVSuff.E.3MD],IVSuff.3MD,n~i,n~i/IVSUFF_SUBJ:3MD_MOOD:E,CA,[masc.du.],asp:i per:3 gen:m num:d mod:x,#-a>,v-suff A-suff #^i,n~i,يقرآنِّ,OK-VAR,,HL
318,340,MORPH,[IVSuff.E.3MP],IVSuff.3MP,un~a,un~a/IVSUFF_SUBJ:3MP_MOOD:E,CA,[masc.pl.],asp:i per:3 gen:m num:p mod:x,else else,v-suff w-suff,un~a,يكتبُنَّ,OK-BASE,,H
319,342,MORPH,[IVSuff.E.3MP],IVSuff.3MP,awun~a,awun~a/IVSUFF_SUBJ:3MP_MOOD:E,CA,[masc.pl.],asp:i per:3 gen:m num:p mod:x,#-aY||#-aA else,w-suff,awun~a,يروُنَّ,OK-VAR,,H
320,344,MORPH,[IVSuff.E.3MS],IVSuff.3MS,an~a,an~a/IVSUFF_SUBJ:3MS_MOOD:E,CA,[masc.sg.],asp:i per:3 gen:m num:s mod:x,_,v-suff z-suff,an~a,يكتبَنَّ يريَنَّ,OK-BASE,,H
321,347,#,Command Verb Stem Buffers,,,,,,,,,,,,,
322,348,MORPH,[CVBuff],Buffer,_,_/STEM,MSA,,,#-aA w-suff||y-suff,_,,احيوا احيي,DONE,,
323,349,MORPH,[CVBuff],Buffer,a,a/STEM,MSA,,,#-aA z-suff,_,,احيَ,DONE,,
324,350,MORPH,[CVBuff],Buffer,ay,ay/STEM,MSA,,,#-aA else,_,,احيين احييا,DONE,,
325,351,MORPH,[CVBuff],Buffer,_,_/STEM,MSA,,,#-aY w-suff||y-suff,_,,اصحوا اصحي,DONE,,
326,352,MORPH,[CVBuff],Buffer,a,a/STEM,MSA,,,#-aY z-suff,_,,اصح,DONE,,
327,353,MORPH,[CVBuff],Buffer,ay,ay/STEM,MSA,,,#-aY else,_,,اصحين اصحيا,DONE,,
328,354,MORPH,[CVBuff],Buffer,_,_/STEM,MSA,,,#-iy w-suff||y-suff,_,,ارموا,DONE,,
329,355,MORPH,[CVBuff],Buffer,i,i/STEM,MSA,,,#-iy c-suff||z-suff,_,,ارمِ,DONE,,
330,356,MORPH,[CVBuff],Buffer,iy,iy/STEM,MSA,,,#-iy else,_,,ارمين,DONE,,
331,357,MORPH,[CVBuff],Buffer,_,_/STEM,MSA,,,#-uw w-suff||y-suff,_,,ادعوا,DONE,,
332,358,MORPH,[CVBuff],Buffer,u,u/STEM,MSA,,,#-uw z-suff,_,,ادعُ,DONE,,
333,359,MORPH,[CVBuff],Buffer,uw,uw/STEM,MSA,,,#-uw else,_,,ادعون,DONE,,
334,360,MORPH,[CVBuff],Buffer,a>,a>/STEM,MSA,,,#-a> else,_,,اقرأ,DONE,,
335,361,MORPH,[CVBuff],Buffer,a|,a|/STEM,MSA,,,#-a> A-suff,_,,اقرآ,DONE,,
336,362,MORPH,[CVBuff],Buffer,a&,a&/STEM,MSA,,,#-a> w-suff,_,,اقرؤوا,DONE,,
337,363,MORPH,[CVBuff],Buffer,a},a}/STEM,MSA,,,#-a> y-suff,_,,اقرئي,DONE,,
338,364,#MORPH,[CVBuff],Buffer,u},a}/STEM,MSA,,,#-u& y-suff,_,,ابطئي,DONE,,
339,365,#MORPH,[CVBuff],Buffer,u&,u&/STEM,MSA,,,#-u& else,_,,ابطؤ ابطؤن,DONE,,
340,366,MORPH,[CVBuff],Buffer,A',A'/STEM,MSA,,,#-A' A-suff,_,,استاءا,DONE,,
341,367,MORPH,[CVBuff],Buffer,a>,a>/STEM,MSA,,,#-A' c-suff||z-suff,_,,استأ استأن,DONE,,
342,368,MORPH,[CVBuff],Buffer,A},A}/STEM,MSA,,,#-A' w-suff||y-suff,_,,استائي استائوا,DONE,,
343,369,MORPH,[CVBuff],Buffer,i},i}/STEM,MSA,,,#-iy' c-suff||z-suff,_,,جِئ، جئن,DONE,,
344,370,MORPH,[CVBuff],Buffer,iy},iy}/STEM,MSA,,,#-iy' else,_,,جيئا جيئي جيئوا,DONE,,
345,371,MORPH,[CVBuff],Buffer,uw',uw'/STEM,MSA,,,#-uw' A-suff,_,,نوءا,DONE,,
346,372,MORPH,[CVBuff],Buffer,u&,u&/STEM,MSA,,,#-uw' c-suff||z-suff,_,,نؤ، نؤن,DONE,,
347,373,MORPH,[CVBuff],Buffer,uw},uw}/STEM,MSA,,,#-uw' w-suff||y-suff,_,,نوئي نوئوا,DONE,,
348,351,MORPH,[CVBuff],Buffer,>,>/STEM,MSA,,,#->ay a-suff,_,,,DONE,,
349,352,MORPH,[CVBuff],Buffer,>a,>a/STEM,MSA,,,#->ay z-suff,_,,,DONE,,
350,353,MORPH,[CVBuff],Buffer,>ay,>ay/STEM,MSA,,,#->ay c-suff||A-suff,_,,,DONE,,
351,354,MORPH,[CVBuff],Buffer,},}/STEM,MSA,,,#-}iy y-suff,_,,,DONE,,
352,354,MORPH,[CVBuff],Buffer,&,}/STEM,MSA,,,#-}iy w-suff,_,,,DONE,,
353,355,MORPH,[CVBuff],Buffer,}i,}i/STEM,MSA,,,#-}iy z-suff,_,,,DONE,,
354,356,MORPH,[CVBuff],Buffer,}iy,}iy/STEM,MSA,,,#-}iy A-suff||c-suff,_,,,DONE,,
355,374,MORPH,[CVBuff],Buffer,_,_,MSA,,,else,_,,جيئا جيئي جيئوا,DONE,,
356,375,#,Command Verb Suffixes,,,,,,,,,,,,,
357,378,MORPH,[CVSuff],CVSuff.2MS,_,(null)/CVSUFF_SUBJ:2MS,MSA,[masc.sg.],asp:c per:2 gen:m num:s mod:i,#-aA||#-uw||#-aY||#->ay !enc0:2*,z-suff,_,احيَ,DONE,,
358,379,MORPH,[CVSuff],CVSuff.2MS,_,(null)/CVSUFF_SUBJ:2MS,MSA,[masc.sg.],asp:c per:2 gen:m num:s mod:i,#-iy||#-}iy !enc0:2*,z-suff #^i,_,امضِ,DONE,,
359,377,MORPH,[CVSuff],CVSuff.2MS,a,a/CVSUFF_SUBJ:2MS,MSA,[masc.sg.],asp:c per:2 gen:m num:s mod:i,gem !enc0:2*,v-suff,a,مدَّ,DONE,,
360,376,MORPH,[CVSuff],CVSuff.2MS,o,o/CVSUFF_SUBJ:2MS,MSA,[masc.sg.],asp:c per:2 gen:m num:s mod:i,else !enc0:2*,c-suff,o,اكتبْ,DONE,,
361,381,MORPH,[CVSuff],CVSuff.2D,A,A/CVSUFF_SUBJ:2D,MSA,[du.],asp:c per:2 gen:u num:d mod:i,else !enc0:2*,v-suff A-suff,A,اكتبا,DONE,,
362,382,MORPH,[CVSuff],CVSuff.2D,_,(null)/CVSUFF_SUBJ:2D,MSA,[du.],asp:c per:2 gen:u num:d mod:i,#-a> !enc0:2*,z-suff,_,اقرآ,DONE,,
363,383,MORPH,[CVSuff],CVSuff.2MP,uwA,uwA/CVSUFF_SUBJ:2MP,MSA,[masc.pl.],asp:c per:2 gen:m num:p mod:i,else else !enc0:2*,v-suff w-suff,uwA,اكتبوا,DONE,,
364,384,MORPH,[CVSuff],CVSuff.2MP,uw,uw/CVSUFF_SUBJ:2MP,MSA,[masc.pl.],asp:c per:2 gen:m num:p mod:i,else enc0 !enc0:2*,v-suff w-suff,uwA,اكتبوها,DONE,,
365,385,MORPH,[CVSuff],CVSuff.2MP,awA,awA/CVSUFF_SUBJ:2MP,MSA,[masc.pl.],asp:c per:2 gen:m num:p mod:i,#-aA||#-aY||#->ay else !enc0:2*,v-suff a-suff,awA,اصحَوا,DONE,,
366,386,MORPH,[CVSuff],CVSuff.2MP,aw,aw/CVSUFF_SUBJ:2MP,MSA,[masc.pl.],asp:c per:2 gen:m num:p mod:i,#-aA||#-aY||#->ay enc0 !enc0:2*,v-suff a-suff,awA,اصحَوها,DONE,,
367,389,MORPH,[CVSuff],CVSuff.2FS,iy,iy/CVSUFF_SUBJ:2FS,MSA,[fem.sg.],asp:c per:2 gen:f num:s mod:i,else !enc0:2*,v-suff y-suff #^iy,iy,اكتبي,DONE,,
368,390,MORPH,[CVSuff],CVSuff.2FS,o,o/CVSUFF_SUBJ:2FS,MSA,[fem.sg.],asp:c per:2 gen:f num:s mod:i,#-aY||#-aA||#->ay !enc0:2*,c-suff #^iy,ay,اصحَي,DONE,,
369,392,MORPH,[CVSuff],CVSuff.2FP,na,na/CVSUFF_SUBJ:2FP,MSA,[fem.pl.],asp:c per:2 gen:f num:p mod:i,else !enc0:2*,c-suff,na,اكتبن,DONE,,
370,393,MORPH,[CVSuff],CVSuff.2FP,~a,~a/CVSUFF_SUBJ:2FP,MSA,[fem.pl.],asp:c per:2 gen:f num:p mod:i,#n !enc0:2*,c-suff,~a,اسكنَّ,DONE,,
371,394,#,Command Verb Suffixes - Energetic Mood (treating the heavy and light nun tawkid as free variants),,,,,,,,,,,,,
372,396,MORPH,[CVSuff.E],CVSuff.2MS,ano,ano/CVSUFF_SUBJ:2MS_MOOD:E,CA,[masc.sg.],asp:c per:2 gen:m num:s mod:e,!enc0:2*,v-suff,ano,اكتبَنْ,DONE,,
373,400,MORPH,[CVSuff.E],CVSuff.2MP,uno,uno/CVSUFF_SUBJ:2MP_MOOD:E,CA,[masc.pl.],asp:c per:2 gen:m num:p mod:e,else !enc0:2*,v-suff w-suff,uno,اكتبُنْ,DONE,,
374,401,MORPH,[CVSuff.E],CVSuff.2MP,awuno,awuno/CVSUFF_SUBJ:2MP_MOOD:E,CA,[masc.pl.],asp:c per:2 gen:m num:p mod:e,#-aY !enc0:2*,v-suff,awuno,اصحَوُنْ,DONE,,
375,402,MORPH,[CVSuff.E],CVSuff.2MP,awuno,awuno/CVSUFF_SUBJ:2MP_MOOD:E,CA,[masc.pl.],asp:c per:2 gen:m num:p mod:e,#-aA !enc0:2*,v-suff,awuno,احيَوُنْ,DONE,,
376,406,MORPH,[CVSuff.E],CVSuff.2FS,ino,ino/CVSUFF_SUBJ:2FS_MOOD:E,CA,[fem.sg.],asp:c per:2 gen:f num:s mod:e,else !enc0:2*,v-suff y-suff,ino,اكتبِنْ,DONE,,
377,407,MORPH,[CVSuff.E],CVSuff.2FS,ayino,ayino/CVSUFF_SUBJ:2FS_MOOD:E,CA,[fem.sg.],asp:c per:2 gen:f num:s mod:e,#-aY !enc0:2*,v-suff,ayino,اصحَيِنْ,DONE,,
378,408,MORPH,[CVSuff.E],CVSuff.2FS,ayino,ayino/CVSUFF_SUBJ:2FS_MOOD:E,CA,[fem.sg.],asp:c per:2 gen:f num:s mod:e,#-aA !enc0:2*,v-suff,ayino,احييِنْ,DONE,,
379,409,MORPH,[CVSuff.E],CVSuff.2FP,nAn~i,nAn~i/CVSUFF_SUBJ:2FP_MOOD:E,CA,[fem.pl.],asp:c per:2 gen:f num:p mod:e,else !enc0:2*,c-suff #^i,nAn~i,اكتبنانِّ,DONE,,
380,410,MORPH,[CVSuff.E],CVSuff.2FP,~An~i,~An~i/CVSUFF_SUBJ:2FP_MOOD:E,CA,[fem.pl.],asp:c per:2 gen:f num:p mod:e,#n !enc0:2*,c-suff #^i,~An~i,اسكنَّانِّ,DONE,,
381,411,MORPH,[CVSuff.E],CVSuff.2D,An~i,An~i/CVSUFF_SUBJ:2D_MOOD:E,CA,[du.],asp:c per:2 gen:u num:d mod:e,else !enc0:2*,v-suff A-suff #^i,An~i,اكتبانِّ,DONE,,
382,412,MORPH,[CVSuff.E],CVSuff.2D,n~i,n~i/CVSUFF_SUBJ:2D_MOOD:E,CA,[du.],asp:c per:2 gen:u num:d mod:e,#-a> !enc0:2*,A-suff #^i,n~i,اقرآنِّ,DONE,,
383,394,#,Command Verb Suffixes - Energetic Mood (treating the heavy and light nun tawkid as free variants),,,,,,,,,,,,,
384,395,MORPH,[CVSuff.E],CVSuff.2MS,an~a,an~a/CVSUFF_SUBJ:2MS_MOOD:E,CA,[masc.sg.],asp:c per:2 gen:m num:s mod:x,!enc0:2*,v-suff,an~a,اكتبَنَّ,DONE,,
385,397,MORPH,[CVSuff.E],CVSuff.2MP,un~a,un~a/CVSUFF_SUBJ:2MP_MOOD:E,CA,[masc.pl.],asp:c per:2 gen:m num:p mod:x,else !enc0:2*,v-suff w-suff,un~a,اكتبُنَّ,DONE,,
386,398,MORPH,[CVSuff.E],CVSuff.2MP,awun~a,awun~a/CVSUFF_SUBJ:2MP_MOOD:E,CA,[masc.pl.],asp:c per:2 gen:m num:p mod:x,#-aY !enc0:2*,v-suff,awun~a,اصحَوُنَّ,DONE,,
387,399,MORPH,[CVSuff.E],CVSuff.2MP,awun~a,awun~a/CVSUFF_SUBJ:2MP_MOOD:E,CA,[masc.pl.],asp:c per:2 gen:m num:p mod:x,#-aA !enc0:2*,v-suff,awun~a,احيَوُنَّ,DONE,,
388,403,MORPH,[CVSuff.E],CVSuff.2FS,in~a,in~a/CVSUFF_SUBJ:2FS_MOOD:E,CA,[fem.sg.],asp:c per:2 gen:f num:s mod:x,else !enc0:2*,v-suff y-suff,in~a,اكتبِنَّ,DONE,,
389,404,MORPH,[CVSuff.E],CVSuff.2FS,ayin~a,ayin~a/CVSUFF_SUBJ:2FS_MOOD:E,CA,[fem.sg.],asp:c per:2 gen:f num:s mod:x,#-aY !enc0:2*,v-suff,ayin~a,اصحَيِنَّ,DONE,,
390,405,MORPH,[CVSuff.E],CVSuff.2FS,ayin~a,ayin~a/CVSUFF_SUBJ:2FS_MOOD:E,CA,[fem.sg.],asp:c per:2 gen:f num:s mod:x,#-aA !enc0:2*,v-suff,ayin~a,احييِنَّ,DONE,,
391,409,MORPH,[CVSuff.E],CVSuff.2FP,nAn~i,nAn~i/CVSUFF_SUBJ:2FP_MOOD:E,CA,[fem.pl.],asp:c per:2 gen:f num:p mod:x,else !enc0:2*,c-suff #^i,nAn~i,اكتبنانِّ,DONE,,
392,410,MORPH,[CVSuff.E],CVSuff.2FP,~An~i,~An~i/CVSUFF_SUBJ:2FP_MOOD:E,CA,[fem.pl.],asp:c per:2 gen:f num:p mod:x,#n !enc0:2*,c-suff #^i,~An~i,اسكنَّانِّ,DONE,,
393,411,MORPH,[CVSuff.E],CVSuff.2D,An~i,An~i/CVSUFF_SUBJ:2D_MOOD:E,CA,[du.],asp:c per:2 gen:u num:d mod:x,else !enc0:2*,v-suff A-suff #^i,An~i,اكتبانِّ,DONE,,
394,412,MORPH,[CVSuff.E],CVSuff.2D,n~i,n~i/CVSUFF_SUBJ:2D_MOOD:E,CA,[du.],asp:c per:2 gen:u num:d mod:x,#-a> !enc0:2*,A-suff #^i,n~i,اقرآنِّ,DONE,,
395,413,#,Pronomonial clitics,,,,,,,,,,,,,
396,414,MORPH,[PRON],_,_,_,MSA,_,enc0:0,_,_,_,,DONE,,
397,415,#MORPH,[PRON] ,niy/PRON.1S,niy,niy/XVSUFF_DO:1S,MSA,me,enc0:1s_dobj,trans,enc0 enc0:1* enc0#^i,_+niy,يكتبني,DONE,,
398,416,#MORPH,[PRON] ,nA/PRON.1P,nA,nA/XVSUFF_DO:1P,MSA,us,enc0:1p_dobj,trans,enc0 enc0:1*,_+nA,يكتبنا,DONE,,
399,417,#MORPH,[PRON] ,kum/PRON.2MP,kum ,kum/XVSUFF_DO:2MP,MSA,you [masc.pl],enc0:2mp_dobj,trans,enc0 enc0:2*,_+kum ,يكتبكم,DONE,,
400,418,#MORPH,[PRON] ,kum/PRON.2MP,kumuw,kum/XVSUFF_DO:2MP,MSA,you [masc.pl],enc0:2mp_dobj,trans ditrans enc1,enc0 enc0:2*,_+kum ,اسقيكموها,DONE,,
401,419,#MORPH,[PRON] ,ki/PRON.2FS,ki,ki/XVSUFF_DO:2FS,MSA,you [fem.sg.],enc0:2fs_dobj,trans,enc0 enc0:2* enc0#^i,_+ki,يكتبك,DONE,,
402,420,#MORPH,[PRON] ,kumA/PRON.2D,kumA,kumA/XVSUFF_DO:2D,MSA,you [du],enc0:2d_dobj,trans,enc0 enc0:2*,_+kumA,يكتبكما,DONE,,
403,421,#MORPH,[PRON] ,ka/PRON.2MS,ka,ka/XVSUFF_DO:2MS,MSA,you [masc.sg],enc0:2ms_dobj,trans,enc0 enc0:2*,_+ka,يكتبك,DONE,,
404,422,#MORPH,[PRON] ,kun~a/PRON.2FP,kun~a,kun~a/XVSUFF_DO:2FP,MSA,you [fem.pl],enc0:2fp_dobj,trans,enc0 enc0:2*,_+kun~a,يكتبكن,DONE,,
405,423,MORPH,[PRON] ,hu/PRON.3MS,hu,hu/XVSUFF_DO:3MS,MSA,him,enc0:3ms_dobj,trans else,enc0,_+hu,يكتبه,DONE,,
406,424,MORPH,[PRON] ,hu/PRON.3MS,hi,hu/XVSUFF_DO:3MS,MSA,him,enc0:3ms_dobj,trans #^i||#^iy,enc0 enc0#^i,_+hu,تكتبيه,DONE,,
407,425,#MORPH,[PRON] ,hA/PRON.3FS,hA,hA/XVSUFF_DO:3FS,MSA,her,enc0:3fs_dobj,trans,enc0,_+hA,يكتبها,DONE,,
408,426,#MORPH,[PRON] ,humA/PRON.3D,humA,humA/XVSUFF_DO:3D,MSA,them [du],enc0:3d_dobj,trans else,enc0,_+humA,يكتبهما,DONE,,
409,427,#MORPH,[PRON] ,humA/PRON.3D,himA,humA/XVSUFF_DO:3D,MSA,them [du],enc0:3d_dobj,trans #^i||#^iy,enc0,_+humA,تكتبيهما,DONE,,
410,428,#MORPH,[PRON] ,hum/PRON.3MP,hum ,hum/XVSUFF_DO:3MP,MSA,them [masc.pl],enc0:3mp_dobj,trans else,enc0,_+hum ,يكتبهم,DONE,,
411,429,#MORPH,[PRON] ,hum/PRON.3MP,him ,hum/XVSUFF_DO:3MP,MSA,them [masc.pl],enc0:3mp_dobj,trans #^i||#^iy,enc0,_+hum ,تكتبيهم,DONE,,
412,430,#MORPH,[PRON] ,hum/PRON.3MP,humuw,hum/XVSUFF_DO:3MP,MSA,them [masc.pl],enc0:3mp_dobj,trans ditrans else,enc0,_+hum ,اسقتهموك,DONE,,
413,431,#MORPH,[PRON] ,hum/PRON.3MP,himuw,hum/XVSUFF_DO:3MP,MSA,them [masc.pl],enc0:3mp_dobj,trans ditrans #^i||#^iy,enc0,_+hum ,تسقيهموك,DONE,,
414,432,#MORPH,[PRON] ,hun~a/PRON.3FP,hun~a,hun~a/XVSUFF_DO:3FP,MSA,them [fem.pl],enc0:3fp_dobj,trans else,enc0,_+hun~a,يكتبهن,DONE,,
415,433,#MORPH,[PRON] ,hun~a/PRON.3FP,hin~a,hun~a/XVSUFF_DO:3FP,MSA,them [fem.pl],enc0:3fp_dobj,trans #^i||#^iy,enc0,_+hun~a,تكتبيهن,DONE,,
416,434,,,,,,,,,,,,,,,
417,435,#,Second Pronomonial clitics,,conditios: verb must be ditransitive; Enc0 must be filled; 1st and 2nd person cannot repeat; harmony sentsitive to first pron:  AaETi+niy+him,,,,,,,,,,,
418,436,#MORPH,[PRON2],_,_,_,CA,_,enc1:0,_,_,_,,DONE,,
419,437,#MORPH,[PRON2],niy/PRON.1S,niy,niy/XVSUFF_DO:1S,CA,me,enc1:1s_dobj,ditrans enc0 !enc0:1*,enc1 enc1:1*,_+niy,يكتبني,DONE,,
420,438,#MORPH,[PRON2],nA/PRON.1P,nA,nA/XVSUFF_DO:1P,CA,us,enc1:1p_dobj,ditrans enc0 !enc0:1*,enc1 enc1:1*,_+nA,يكتبنا,DONE,,
421,439,#MORPH,[PRON2],kum/PRON.2MP,kum ,kum/XVSUFF_DO:2MP,CA,you [masc.pl],enc1:2mp_dobj,ditrans enc0 !enc0:2*,enc1 enc1:2*,_+kum ,يكتبكم,DONE,,
422,440,#MORPH,[PRON2],ki/PRON.2FS,ki,ki/XVSUFF_DO:2FS,CA,you [fem.sg.],enc1:2fs_dobj,ditrans enc0 !enc0:2*,enc1 enc1:2*,_+ki,يكتبك,DONE,,
423,441,#MORPH,[PRON2],kumA/PRON.2D,kumA,kumA/XVSUFF_DO:2D,CA,you [du],enc1:2d_dobj,ditrans enc0 !enc0:2*,enc1 enc1:2*,_+kumA,يكتبكما,DONE,,
424,442,#MORPH,[PRON2],ka/PRON.2MS,ka,ka/XVSUFF_DO:2MS,CA,you [masc.sg],enc1:2ms_dobj,ditrans enc0 !enc0:2*,enc1 enc1:2*,_+ka,يكتبك,DONE,,
425,443,#MORPH,[PRON2],kun~a/PRON.2FP,kun~a,kun~a/XVSUFF_DO:2FP,CA,you [fem.pl],enc1:2fp_dobj,ditrans enc0 !enc0:2*,enc1 enc1:2*,_+kun~a,يكتبكن,DONE,,
426,444,#MORPH,[PRON2],hu/PRON.3MS,hu,hu/XVSUFF_DO:3MS,CA,him,enc1:3ms_dobj,ditrans enc0 else,enc1,_+hu,يكتبه,DONE,,
427,445,#MORPH,[PRON2],hu/PRON.3MS,hi,hu/XVSUFF_DO:3MS,CA,him,enc1:3ms_dobj,ditrans enc0 enc0#^i,enc1,_+hu,تكتبيه,DONE,,
428,446,#MORPH,[PRON2],hA/PRON.3FS,hA,hA/XVSUFF_DO:3FS,CA,her,enc1:3fs_dobj,ditrans enc0,enc1,_+hA,يكتبها,DONE,,
429,447,#MORPH,[PRON2],humA/PRON.3D,humA,humA/XVSUFF_DO:3D,CA,them [du],enc1:3d_dobj,ditrans enc0 else,enc1,_+humA,يكتبهما,DONE,,
430,448,#MORPH,[PRON2],humA/PRON.3D,himA,humA/XVSUFF_DO:3D,CA,them [du],enc1:3d_dobj,ditrans enc0 enc0#^i,enc1,_+humA,تكتبيهما,DONE,,
431,449,#MORPH,[PRON2],hum/PRON.3MP,hum ,hum/XVSUFF_DO:3MP,CA,them [masc.pl],enc1:3mp_dobj,ditrans enc0 else,enc1,_+hum ,يكتبهم,DONE,,
432,450,#MORPH,[PRON2],hum/PRON.3MP,him ,hum/XVSUFF_DO:3MP,CA,them [masc.pl],enc1:3mp_dobj,ditrans enc0 enc0#^i,enc1,_+hum ,تكتبيهم,DONE,,
433,451,#MORPH,[PRON2],hun~a/PRON.3FP,hun~a,hun~a/XVSUFF_DO:3FP,CA,them [fem.pl],enc1:3fp_dobj,ditrans enc0 else,enc1,_+hun~a,يكتبهن,DONE,,
434,452,#MORPH,[PRON2],hun~a/PRON.3FP,hin~a,hun~a/XVSUFF_DO:3FP,CA,them [fem.pl],enc1:3fp_dobj,ditrans enc0 enc0#^i,enc1,_+hun~a,تكتبيهن,DONE,,
435,453,,,,,,,,,,,,,,,
