,LINE,DEFINE,CLASS,FUNC,FORM,BW,GLOSS,VARIANT,FEAT,COND-T,COND-F,COND-S,NOTES,EXAMPLES,STATUS,NSTAT,Check,Notes
0,1,MORPH,[QUES],_,_,_,_,MSA,prc3:0,_,,_,Clitics,,OK,GOOD,,
1,2,MORPH,[QUES],>a/PART_INTERROG,>a,>a/INTERROG_PART,is/are,MSA,prc3:>a_ques,_,,_,Clitics,,OK,GOOD,,
2,3,,,,,,,,,,,,,,,,,
3,4,MORPH,[CONJ],_,_,_,_,MSA,prc2:0,_,,_,Clitics,,OK,GOOD,,
4,5,#MORPH,[CONJ],fa/CONJ,fa,fa/CONJ,so/and,MSA,prc2:fa_conj,_,,_,Clitics,,OK,GOOD,,
5,6,#MORPH,[CONJ],fa/PART_CONNECT,fa,fa/CONNEC_PART,so/then,MSA,prc2:fa_conn,_,,_,Clitics,,OK,GOOD,,
6,7,#MORPH,[CONJ],fa/PART_RC,fa,fa/RC_PART,so/then,MSA,prc2:fa_rc,_,,_,Clitics,,OK,GOOD,,
7,8,#MORPH,[CONJ],fa/CONJ_SUB,fa,fa/SUB_CONJ,because/therefore/as_a_result,MSA,prc2:fa_sub,_,,_,Clitics,,OK,GOOD,,
8,9,MORPH,[CONJ],wa/CONJ,wa,wa/CONJ,and,MSA,prc2:wa_conj,_,,_,Clitics,,OK,GOOD,,
9,10,#MORPH,[CONJ],wa/PART,wa,wa/PART,[part.],MSA,prc2:wa_part,_,,_,Clitics,,OK,GOOD,,
10,11,#MORPH,[CONJ],wa/SUB_CONJ,wa,wa/SUB_CONJ,while,MSA,prc2:wa_sub,_,,_,Clitics,,OK,GOOD,,
11,12,,,,,,,,,,,,,,,,,
12,13,MORPH,[PREP],_,_,_,_,MSA,prc1:0,_,,_,Clitics,,OK,GOOD,,
13,14,#MORPH,[PREP],bi/PREP,bi,bi/PREP,with/by,MSA,prc1:bi_prep,_,,_,Clitics,,OK,GOOD,,
14,15,#MORPH,[PREP],ka/PREP,ka,ka/PREP,like/such_as,MSA,prc1:ka_prep,_,,_,Clitics,,OK,GOOD,,
15,16,MORPH,[PREP],li/PREP,li,li/PREP,for/to,MSA,prc1:li_prep,_,,li/PREP,Clitics,,OK,GOOD,,
16,17,#MORPH,[PREP],wa/PREP,wa,wa/PREP,with/by,MSA,prc1:wa_prep,_,,_,Clitics,,OK,GOOD,,
17,18,#MORPH,[PREP],bi/PART,bi,bi/PART,[part.],MSA,prc1:bi_part,_,,_,Clitics,,OK,GOOD,,
18,19,,,,,,,,,,,,,,,,,
19,20,#MORPH,[EMPH],_,_,_,_,MSA,prc1:0,_,,_,Clitics,,OK,GOOD,,
20,21,#MORPH,[EMPH],la/PART_EMPHATIC,la,la/EMPHATIC_PART,indeed/truly,MSA,prc1:la_emph,_,,_,Clitics,,OK,GOOD,,
21,22,,,,,,,,,,,,,,,,,
22,23,MORPH,[ART],_,_,_,_,MSA,prc0:0,_,,_,Clitics,"بيت، لغة , لِلُغة",OK,GOOD,,
23,24,MORPH,[ART],Al/PART_DET,Al#,Al/DET,the,MSA,prc0:Al_det,!li/PREP,,_,Clitics,البيت، اللغة,OK,GOOD,,
24,27,MORPH,[ART],Al/PART_DET,l#,Al/DET,the,MSA,prc0:Al_det,li/PREP !L#,,_,Clitics,للبيت،,OK,GOOD,,
25,26,MORPH,[ART],Al/PART_DET,#,Al/DET,the,MSA,prc0:Al_det,li/PREP L#,,_,Clitics,لِلُّغة,OK,GOOD,,
26,27,,,,,,,,,,,,,,,,,
27,28,,,,,,,,,,,,,,,,,
28,100,#Buffers,,,,,,,,,,,,,,,,
29,101,MORPH,[NBuff],Buffer,_,_,,MSA,,else,,,Buffer Base,,OK,GOOD,,
30,102,MORPH,[NBuff],Buffer#aY-Ap-y,aY,aY/STEM,,MSA,,#aY-Ap-y MS enc0:0,,,Buffer #aY-Ap-y,فتى,OK,GOOD,,
31,103,MORPH,[NBuff],Buffer#aY-Ap-y,A,A/STEM,,MSA,,#aY-Ap-y MS !enc0:0,,,Buffer #aY-Ap-y,فتاه، فتاي,OK,GOOD,,
32,104,MORPH,[NBuff],Buffer#aY-Ap-y,ay,ay/STEM,,MSA,,#aY-Ap-y MD||FP,,,Buffer #aY-Ap-y,فتيان، فتيات,OK,GOOD,,
33,105,MORPH,[NBuff],Buffer#aY-Ap-y,A,A/STEM,,MSA,,#aY-Ap-y FS||FD,,,Buffer #aY-Ap-y,فتاة، فتاتان,OK,GOOD,,
34,106,MORPH,[NBuff],Buffer#aY-Ap-y,_,_,,MSA,,#aY-Ap-y MP,,,Buffer #aY-Ap-y,مصطفون,OK,GOOD,,
35,107,MORPH,[NBuff],Buffer#A-Ap-w,A,A/STEM,,MSA,,#A-Ap-w MS,,,Buffer #A-Ap-w,عصا,OK,GOOD,,
36,108,MORPH,[NBuff],Buffer#A-Ap-w,aw,aw/STEM,,MSA,,#A-Ap-w MD||FP,,,Buffer #A-Ap-w,عصوان عصوات أدوات,OK,GOOD,,
37,109,MORPH,[NBuff],Buffer#A-Ap-w,A,A/STEM,,MSA,,#A-Ap-w FS||FD,,,Buffer #A-Ap-w,اداة أداتان ,OK,GOOD,,
38,110,MORPH,[NBuff],Buffer#A-Ap-w,_,_,,MSA,,#A-Ap-w MP,,,Buffer #A-Ap-w,,OK,GOOD,,
39,111,MORPH,[NBuff],Buffer#A',','/STEM,,MSA,,#A' MS enc0:0,,,Buffer #A',قراء غطاء,OK,GOOD,,no pron/word end
40,112,MORPH,[NBuff],Buffer#A',','/STEM,,MSA,,#A' MS !enc0:0 a-suff,,,Buffer #A',غطاءَها,OK,GOOD,,a-suff + pron
41,113,MORPH,[NBuff],Buffer#A',&,&/STEM,,MSA,,#A' MS !enc0:0 u-suff,,,Buffer #A',غطاؤها,OK,GOOD,,u-suff + pron
42,114,MORPH,[NBuff],Buffer#A',},}/STEM,,MSA,,#A' MS !enc0:0 i-suff,,,Buffer #A',غطائها,OK,GOOD,,i-suff + pron
43,115,MORPH,[NBuff],Buffer#A',&,&/STEM,,MSA,,#A' MP w-suff,,,Buffer #A',قراؤون,OK,GOOD,,%w-suff
44,116,MORPH,[NBuff],Buffer#A',},}/STEM,,MSA,,#A' MP y-suff,,,Buffer #A',قرائين,OK,GOOD,,%y-suff
45,117,MORPH,[NBuff],Buffer#A',','/STEM,,MSA,,#A' FS||FD||MD||FP,,,Buffer #A',قراءة قراءات,OK,GOOD,,"a-suff, A-suff"
46,118,MORPH,[NBuff],Buffer#A'-w,','/STEM,,MSA,,#A' MS enc0:0,,,Buffer #A'-w,صحراء,OK,GOOD,,no pron/word end
47,119,MORPH,[NBuff],Buffer#A'-w,','/STEM,,MSA,,#A' MS !enc0:0 a-suff,,,Buffer #A'-w,صحراءه,OK,GOOD,,a-suff + pron
48,120,MORPH,[NBuff],Buffer#A'-w,&,&/STEM,,MSA,,#A' MS !enc0:0 u-suff,,,Buffer #A'-w,صحراؤه,OK,GOOD,,u-suff + pron
49,121,MORPH,[NBuff],Buffer#A'-w,},}/STEM,,MSA,,#A' MS !enc0:0 i-suff,,,Buffer #A'-w,صحرائي,OK,GOOD,,i-suff + pron
50,122,MORPH,[NBuff],Buffer#A'-w,&,&/STEM,,MSA,,#A'-w MP w-suff,,,Buffer #A'-w,قراؤون,OK,GOOD,,%w-suff
51,123,MORPH,[NBuff],Buffer#A'-w,},}/STEM,,MSA,,#A'-w MP y-suff,,,Buffer #A'-w,قرائين,OK,GOOD,,%y-suff
52,124,MORPH,[NBuff],Buffer#A'-w,','/STEM,,MSA,,#A'-w FS||FD,,,Buffer #A'-w,صحراء سماء,OK,GOOD,,% a-suff
53,125,MORPH,[NBuff],Buffer#A'-w,w,w/STEM,,MSA,,#A'-w MD||FP,,,Buffer #A'-w,صحراوان صحراوات,OK,GOOD,,% A-suff
54,126,MORPH,[NBuff],Buffer#a>,a>,a>/STEM,,MSA,,#a> MS enc0:0,,,Buffer #a>,مبدأ,OK,GOOD,The #a> can be reduced to 4 lines,no pron/word end
55,127,MORPH,[NBuff],Buffer#a>,a>,a>/STEM,,MSA,,#a> MS !enc0:0 a-suff,,,Buffer #a>,مبدأه,OK,GOOD,,a-suff + pron
56,128,MORPH,[NBuff],Buffer#a>,a&,&/STEM,,MSA,,#a> MS !enc0:0 u-suff,,,Buffer #a>,مبدؤه,OK,GOOD,,u-suff + pron
57,129,MORPH,[NBuff],Buffer#a>,a},}/STEM,,MSA,,#a> MS !enc0:0 i-suff,,,Buffer #a>,مبدئه,OK,GOOD,,i-suff + pron
58,130,MORPH,[NBuff],Buffer#a>,a>,a>/STEM,,MSA,,#a> FS||FD,,,Buffer #a>,مكافأة، مكافأتان,OK,GOOD,,
59,131,MORPH,[NBuff],Buffer#a>,_,_,,MSA,,#a> FP||MD A-suff,,,Buffer #a>,مكافآت مبدآن,OK,GOOD,,
60,132,MORPH,[NBuff],Buffer#a>,a>,,,MSA,,#a> MD !A-suff,,,Buffer #a>,مبدأين,OK,GOOD,,A-suff
61,133,MORPH,[NBuff],Buffer#a>,a&,&/STEM,,MSA,,#a> MP w-suff,,,Buffer #a>,المُكافَؤن,OK,GOOD,,%w-suff
62,134,MORPH,[NBuff],Buffer#a>,a},}/STEM,,MSA,,#a> MP y-suff,,,Buffer #a>,المُكافَئين,OK,GOOD,,%y-suff
63,135,MORPH,[NBuff],Buffer#iy,_,_,,MSA,,#iy MS i-suff,,,Buffer #iy,محام,OK,GOOD,,
64,136,MORPH,[NBuff],Buffer#iy,iy,iy/STEM,,MSA,,#iy MS !i-suff,,,Buffer #iy,محامي محاميا,OK,GOOD,,
65,137,MORPH,[NBuff],Buffer#iy,_,_,,MSA,,#iy MP,,,Buffer #iy,محامون محامو,OK,GOOD,,
66,138,MORPH,[NBuff],Buffer#iy,iy,iy/STEM,,MSA,,#iy MD||FS||FD||FP,,,Buffer #iy,محامي,OK,GOOD,,else
67,139,MORPH,[NBuff],Buffer#A}iy,','/STEM,,MSA,,#A}iy MS i-suff,,,Buffer #A}iy,راء,OK,GOOD,,
68,140,MORPH,[NBuff],Buffer#A}iy,}iy,}iy/STEM,,MSA,,#A}iy MS !i-suff,,,Buffer #A}iy,"رائي, رائيا",OK,GOOD,,
69,141,MORPH,[NBuff],Buffer#A}iy,&,&/STEM,,MSA,,#A}iy MP w-suff,,,Buffer #A}iy,راؤون,OK,GOOD,,
70,142,MORPH,[NBuff],Buffer#A}iy,},}/STEM,,MSA,,#A}iy MP y-suff,,,Buffer #A}iy,رائين,OK,GOOD,,
71,143,MORPH,[NBuff],Buffer#A}iy,}iy,}iy/STEM,,MSA,,#A}iy MD||FS||FD||FP,,,Buffer #A}iy,رائية، رائيان,OK,GOOD,,
72,144,MORPH,[NBuff],Buffer#aA,A,A/STEM,,MSA,,#A MS,,,Buffer #aA,ايدولوجيا,OK,GOOD,,
73,145,MORPH,[NBuff],Buffer#aA,_,_,,MSA,,#A MD||MP||FS||FD||FP,,,Buffer #aA,ايدولوجيتان ايدولوجيات,OK,GOOD,not present for some combinations],
74,146,MORPH,[NBuff],Buffer#w',','/STEM,,MSA,,#w' MS enc0:0,,,Buffer #w',موبوء,OK,GOOD,hamza conditions can be reduced ,
75,147,MORPH,[NBuff],Buffer#w',','/STEM,,MSA,,#w' MS !enc0:0 !i-suff,,,Buffer #w',موبوء,OK,GOOD,,
76,148,MORPH,[NBuff],Buffer#w',},}/STEM,,MSA,,#w' MS !enc0:0 i-suff,,,Buffer #w',موبوئه,OK,GOOD,,
77,149,MORPH,[NBuff],Buffer#w',','/STEM,,MSA,,#w' MD||FS||FD||FP,,,Buffer #w',موبوءان موبوءين موبوءة موبوءتان موبوءات,OK,GOOD,%a-suffs,
78,150,MORPH,[NBuff],Buffer#w',','/STEM,,MSA,,#w' MP !y-suff,,,Buffer #w',موبوءون,OK,GOOD,,
79,151,MORPH,[NBuff],Buffer#w',},}/STEM,,MSA,,#w' MP y-suff,,,Buffer #w',موبوئين,OK,GOOD,,
80,152,MORPH,[NBuff],Buffer#w',u&,u&/STEM,,MSA,,#u& MS enc0:0,,,Buffer #u&,أكمؤ,OK,GOOD,hamza conditions can be reduced ,
81,153,MORPH,[NBuff],Buffer#w',u&,u&/STEM,,MSA,,#u& MS !enc0:0 !i-suff,,,Buffer #u&,أكمؤه,OK,GOOD,,
82,154,MORPH,[NBuff],Buffer#w',u},u}/STEM,,MSA,,#u& MS !enc0:0 i-suff,,,Buffer #u&,لأكمئه,OK,GOOD,,
83,155,MORPH,[NBuff],Buffer#w',u&,u&/STEM,,MSA,,#u& MD||FS||FD||FP,,,Buffer #u&,,OK,GOOD,%a-suffs,
84,156,MORPH,[NBuff],Buffer#w',u&,u&/STEM,,MSA,,#u& MP !y-suff,,,Buffer #u&,,OK,GOOD,,
85,157,MORPH,[NBuff],Buffer#w',u},u}/STEM,,MSA,,#u& MP y-suff,,,Buffer #u&,,OK,GOOD,,
86,158,MORPH,[NBuff],Buffer#o'-dis,','/STEM,,MSA,,#o'-dis MS enc0:0,,,Buffer #o'-dis,جزء/جزءا,OK,GOOD,hamza conditions can be reduced ,
87,159,MORPH,[NBuff],Buffer#o'-dis,>,>/STEM,,MSA,,#o'-dis MS !enc0:0 a-suff,,,Buffer #o'-dis,جزأه,OK,GOOD,,
88,160,MORPH,[NBuff],Buffer#o'-dis,&,&/STEM,,MSA,,#o'-dis MS !enc0:0 u-suff,,,Buffer #o'-dis,جزؤه,OK,GOOD,,
89,161,MORPH,[NBuff],Buffer#o'-dis,},}/STEM,,MSA,,#o'-dis MS !enc0:0 i-suff,,,Buffer #o'-dis,جزئه,OK,GOOD,,
90,162,MORPH,[NBuff],Buffer#o'-dis,>,>/STEM,,MSA,,#o'-dis FS||FD,,,Buffer #o'-dis,,OK,GOOD,%a-suffs,
91,163,###MORPH,[NBuff],Buffer#o'-dis,_,,,MSA,,#o'-dis FP||MD A-suff,,,Buffer #o'-dis,جزآن,OK,GOOD,another spelling; deactivated,
92,164,MORPH,[NBuff],Buffer#o'-dis,','/STEM,,MSA,,#o'-dis FP||MD A-suff,,,Buffer #o'-dis,جزءان,OK,GOOD,,
93,165,MORPH,[NBuff],Buffer#o'-dis,>,>/STEM,,MSA,,#o'-dis MD !A-suff,,,Buffer #o'-dis,جزأين,OK,GOOD,,
94,166,MORPH,[NBuff],Buffer#o'-dis,&,&/STEM,,MSA,,#o'-dis MP !y-suff,,,Buffer #o'-dis,,OK,GOOD,,
95,167,MORPH,[NBuff],Buffer#o'-dis,},}/STEM,,MSA,,#o'-dis MP y-suff,,,Buffer #o'-dis,,OK,GOOD,,
96,168,MORPH,[NBuff],Buffer#o'-con,','/STEM,,MSA,,#o'-con MS enc0:0 !AF-suff ,,,Buffer #o'-con,عبء,OK,GOOD,,
97,169,MORPH,[NBuff],Buffer#o'-con,},}/STEM,,MSA,,#o'-con MS enc0:0 AF-suff ,,,Buffer #o'-con,عبئاً,OK,GOOD,,
98,170,MORPH,[NBuff],Buffer#o'-con,},}/STEM,,MSA,,#o'-con MS !enc0:0,,,Buffer #o'-con,عبئاً,OK,GOOD,,
99,171,MORPH,[NBuff],Buffer#o'-con,},}/STEM,,MSA,,#o'-con MD||MP||FS||FD||FP,,,Buffer #o'-con,عبئان، عبئين رديئون رديئة رديئتان رديئات,OK,GOOD,,
100,,,,,,,,,,,,,,,,,,
101,,,,,,,,,,,,,,,,,,
102,300.1111,MORPH,[NSuff.XXIN],NSuff.MSIN,N,N/CASE_INDEF_NOM,[masc.sg.indef.nom.],MSA,form_gen:m form_num:s stt:i cas:n,else,,MS u-suff,Base Triptote-Sound,كتابٌ,OK,GOOD,0,
103,300.11111,MORPH,[NSuff.XXIN],NSuff.MSIN,K,K/CASE_INDEF_NOM,[masc.sg.indef.nom.],MSA,form_gen:m form_num:s stt:i cas:n,#iy||#A}iy,,MS i-suff,#iy,محامٍ,OK,GOOD,1,
104,300.11111,MORPH,[NSuff.XXIN],NSuff.MSIN,u,u/CASE_INDEF_NOM,[masc.sg.indef.nom.],MSA,form_gen:m form_num:s stt:i cas:n,@dip,,MS,Diptote-Sound,مصانعُ,OK,GOOD,1,
105,300.11111,MORPH,[NSuff.XXIN],NSuff.MSIN,F,F/CASE_INDEF_NOM,[masc.sg.indef.nom.],MSA,form_gen:m form_num:s stt:i cas:n,#aY-Ap-y||#A-Ap-w,,MS,#aY-Ap-y,فتىً,OK,GOOD,1,
106,300.11111,MORPH,[NSuff.XXIN],NSuff.MSIN,_,(null)/CASE_INDEF_NOM,[masc.sg.indef.nom.],MSA,form_gen:m form_num:s stt:i cas:n,#aA||Mono,,MS,#aA,ايدولوجيا,OK,GOOD,1,
107,300.1112,MORPH,[NSuff.XXIA],NSuff.MSIA,AF,AF/CASE_INDEF_ACC,[masc.sg.indef.acc.],MSA,form_gen:m form_num:s stt:i cas:a,else,,MS a-suff AF-suff,Base Triptote-Sound,كتاباً,OK,GOOD,0,
108,300.11121,MORPH,[NSuff.XXIA],NSuff.MSIA,a,a/CASE_INDEF_ACC,[masc.sg.indef.acc.],MSA,form_gen:m form_num:s stt:i cas:a,@dip,,MS,Diptote-Sound,مصانعَ,OK,GOOD,1,
109,300.11121,MORPH,[NSuff.XXIA],NSuff.MSIA,F,F/CASE_INDEF_ACC,[masc.sg.indef.acc.],MSA,form_gen:m form_num:s stt:i cas:a,#aY-Ap-y||#A-Ap-w,,MS,#aY-Ap-y,فتىً,OK,GOOD,1,
110,300.11121,MORPH,[NSuff.XXIA],NSuff.MSIA,F,F/CASE_INDEF_ACC,[masc.sg.indef.acc.],MSA,form_gen:m form_num:s stt:i cas:a,#A'||#A'wy||#a>,,MS a-suff,#A'||#A'wy,صحراء,OK,GOOD,1,
111,300.11121,MORPH,[NSuff.XXIA],NSuff.MSIA,_,(null)/CASE_INDEF_ACC,[masc.sg.indef.acc.],MSA,form_gen:m form_num:s stt:i cas:a,#aA||Mono,,MS,#aA,ايدولوجيا,OK,GOOD,1,
112,300.1113,MORPH,[NSuff.XXIG],NSuff.MSIG,K,K/CASE_INDEF_GEN,[masc.sg.indef.gen.],MSA,form_gen:m form_num:s stt:i cas:g,else,,MS i-suff,Base Triptote-Sound,كتابٍ,OK,GOOD,0,
113,300.11131,MORPH,[NSuff.XXIG],NSuff.MSIG,a,a/CASE_INDEF_GEN,[masc.sg.indef.gen.],MSA,form_gen:m form_num:s stt:i cas:g,@dip,,MS,Diptote-Sound,مصانعَ,OK,GOOD,1,
114,300.11131,MORPH,[NSuff.XXIG],NSuff.MSIG,F,F/CASE_INDEF_GEN,[masc.sg.indef.gen.],MSA,form_gen:m form_num:s stt:i cas:g,#aY-Ap-y||#A-Ap-w,,MS,#aY-Ap-y,فتىً,OK,GOOD,1,
115,300.11131,MORPH,[NSuff.XXIG],NSuff.MSIG,_,(null)/CASE_INDEF_GEN,[masc.sg.indef.gen.],MSA,form_gen:m form_num:s stt:i cas:g,#aA||Mono,,MS,#aA,ايدولوجيا,OK,GOOD,1,
116,300.1114,MORPH,[NSuff.XXIU],NSuff.MSIU,_,_,[masc.sg.],MSA,form_gen:m form_num:s stt:i cas:u,_,,MS UCase,Base UCase,كتاب,OK,GOOD,0,
117,300.1121,MORPH,[NSuff.XXDN],NSuff.MSDN,u,u/CASE_DEF_NOM,[masc.sg.def.nom.],MSA,form_gen:m form_num:s stt:d cas:n,else,,MS u-suff,Base Triptote-Sound,الكتابُ,OK,GOOD,0,
118,300.11211,MORPH,[NSuff.XXDN],NSuff.MSDN,_,(null)/CASE_DEF_NOM,[masc.sg.def.nom.],MSA,form_gen:m form_num:s stt:d cas:n,#iy||#A}iy,,MS C:iy#,#iy,المحامي,OK,GOOD,1,
119,300.11211,MORPH,[NSuff.XXDN],NSuff.MSDN,_,(null)/CASE_DEF_NOM,[masc.sg.def.nom.],MSA,form_gen:m form_num:s stt:d cas:n,#aY-Ap-y||#A-Ap-w||#aA||Mono,,MS,#aY-Ap-y,الفتى الايدولوجيا,OK,GOOD,1,
120,300.1122,MORPH,[NSuff.XXDA],NSuff.MSDA,a,a/CASE_DEF_ACC,[masc.sg.def.acc.],MSA,form_gen:m form_num:s stt:d cas:a,_,,MS a-suff,Base Triptote-Sound,الكتابَ,OK,GOOD,0,
121,300.11221,MORPH,[NSuff.XXDA],NSuff.MSDA,_,(null)/CASE_DEF_ACC,[masc.sg.def.acc.],MSA,form_gen:m form_num:s stt:d cas:a,#aY-Ap-y||#A-Ap-w||#aA||Mono,,MS,#aY-Ap-y,الفتى,OK,GOOD,1,
122,300.1123,MORPH,[NSuff.XXDG],NSuff.MSDG,i,i/CASE_DEF_GEN,[masc.sg.def.gen.],MSA,form_gen:m form_num:s stt:d cas:g,_,,MS i-suff,Base Triptote-Sound,الكتابِ,OK,GOOD,0,
123,300.11231,MORPH,[NSuff.XXDG],NSuff.MSDG,_,(null)/CASE_DEF_GEN,[masc.sg.def.gen.],MSA,form_gen:m form_num:s stt:d cas:g,#iy||#A}iy,,MS C:iy#,#iy,المحامي,OK,GOOD,1,
124,300.11231,MORPH,[NSuff.XXDG],NSuff.MSDG,_,(null)/CASE_DEF_GEN,[masc.sg.def.gen.],MSA,form_gen:m form_num:s stt:d cas:g,#aY-Ap-y||#A-Ap-w||#aA||Mono,,MS,#aY-Ap-y,الفتى,OK,GOOD,1,
125,300.1124,MORPH,[NSuff.XXDU],NSuff.MSDU,_,_,[masc.sg.],MSA,form_gen:m form_num:s stt:d cas:u,_,,MS UCase,Base UCase,الكتاب,OK,GOOD,0,
126,300.1131,MORPH,[NSuff.XXCN],NSuff.MSCN,u,u/CASE_DEF_NOM,[masc.sg.const.nom.],MSA,form_gen:m form_num:s stt:c cas:n,else !C:POSS_PRON-iy,,MS u-suff,Base Triptote-Sound,كتابُ,OK,GOOD,0,
127,300.1131,MORPH,[NSuff.XXCN],NSuff.MSCN,_,(null)/CASE_DEF_NOM,[masc.sg.const.nom.],MSA,form_gen:m form_num:s stt:c cas:n,else C:POSS_PRON-iy,,MS i-suff,Base Triptote-Sound,كتابِي,OK,GOOD,0,
128,300.11311,MORPH,[NSuff.XXCN],NSuff.MSCN,uw,uw/CASE_DEF_NOM,[masc.sg.const.nom.],MSA,form_gen:m form_num:s stt:c cas:n,else !C:POSS_PRON-iy,,FIVE-NOUNS,FIVE-NOUNS,أبو أبوه,OK,GOOD,1,
129,300.11311,MORPH,[NSuff.XXCN],NSuff.MSCN,_,(null)/CASE_DEF_NOM,[masc.sg.const.nom.],MSA,form_gen:m form_num:s stt:c cas:n,else C:POSS_PRON-iy,,FIVE-NOUNS,FIVE-NOUNS,أبي,OK,GOOD,1,
130,300.11311,MORPH,[NSuff.XXCN],NSuff.MSCN,_,(null)/CASE_DEF_NOM,[masc.sg.const.nom.],MSA,form_gen:m form_num:s stt:c cas:n,#iy||#A}iy,,MS C:iy#,#iy,محامي، محاميهِ، محاميَّ,OK,GOOD,1,
131,300.11311,MORPH,[NSuff.XXCN],NSuff.MSCN,_,(null)/CASE_DEF_NOM,[masc.sg.const.nom.],MSA,form_gen:m form_num:s stt:c cas:n,#aY-Ap-y||#aA-Ap-w||#aA||Mono,,MS,#aY-Ap-y,فتى,OK,GOOD,1,
132,300.1132,MORPH,[NSuff.XXCA],NSuff.MSCA,a,a/CASE_DEF_ACC,[masc.sg.const.acc.],MSA,form_gen:m form_num:s stt:c cas:a,else !C:POSS_PRON-iy,,MS a-suff,Base Triptote-Sound,كتابَ,OK,GOOD,0,
133,300.1132,MORPH,[NSuff.XXCA],NSuff.MSCA,_,(null)/CASE_DEF_ACC,[masc.sg.const.acc.],MSA,form_gen:m form_num:s stt:c cas:a,else C:POSS_PRON-iy,,MS i-suff,Base Triptote-Sound,كتابِي,OK,GOOD,0,
134,300.11321,MORPH,[NSuff.XXCA],NSuff.MSCA,A,A/CASE_DEF_ACC,[masc.sg.const.acc.],MSA,form_gen:m form_num:s stt:c cas:a,else !C:POSS_PRON-iy,,FIVE-NOUNS,FIVE-NOUNS,أبا أباه,OK,GOOD,1,
135,300.11321,MORPH,[NSuff.XXCA],NSuff.MSCA,_,(null)/CASE_DEF_ACC,[masc.sg.const.acc.],MSA,form_gen:m form_num:s stt:c cas:a,else C:POSS_PRON-iy,,FIVE-NOUNS,FIVE-NOUNS,أبي,OK,GOOD,1,
136,300.11321,MORPH,[NSuff.XXCA],NSuff.MSCA,_,(null)/CASE_DEF_ACC,[masc.sg.const.acc.],MSA,form_gen:m form_num:s stt:c cas:a,#aY-Ap-y||#aA-Ap-w||#aA||Mono,,MS,#aY-Ap-y,فتى,OK,GOOD,1,
137,300.1133,MORPH,[NSuff.XXCG],NSuff.MSCG,i,i/CASE_DEF_GEN,[masc.sg.const.gen.],MSA,form_gen:m form_num:s stt:c cas:g,else !C:POSS_PRON-iy,,MS i-suff C:i#,Base Triptote-Sound,كتابِ,OK,GOOD,0,
138,300.1133,MORPH,[NSuff.XXCG],NSuff.MSCG,_,(null)/CASE_DEF_GEN,[masc.sg.const.gen.],MSA,form_gen:m form_num:s stt:c cas:g,else C:POSS_PRON-iy,,MS i-suff,Base Triptote-Sound,كتابِي,OK,GOOD,0,
139,300.11331,MORPH,[NSuff.XXCG],NSuff.MSCG,iy,iy/CASE_DEF_GEN,[masc.sg.const.gen.],MSA,form_gen:m form_num:s stt:c cas:g,else !C:POSS_PRON-iy,,FIVE-NOUNS,FIVE-NOUNS,أبي أبيه,OK,GOOD,1,
140,300.11331,MORPH,[NSuff.XXCG],NSuff.MSCG,_,(null)/CASE_DEF_GEN,[masc.sg.const.gen.],MSA,form_gen:m form_num:s stt:c cas:g,else C:POSS_PRON-iy,,FIVE-NOUNS,FIVE-NOUNS,أبي,OK,GOOD,1,
141,300.11331,MORPH,[NSuff.XXCG],NSuff.MSCG,_,(null)/CASE_DEF_GEN,[masc.sg.const.gen.],MSA,form_gen:m form_num:s stt:c cas:g,#iy||#A}iy,,MS C:iy#,#iy,محامي، محاميهِ، محاميَّ,OK,GOOD,1,
142,300.11331,MORPH,[NSuff.XXCG],NSuff.MSCG,_,(null)/CASE_DEF_GEN,[masc.sg.const.gen.],MSA,form_gen:m form_num:s stt:c cas:g,#aY-Ap-y||#aA-Ap-w||#aA||Mono,,MS,#aY-Ap-y,فتى ايدولوجيا,OK,GOOD,1,
143,300.1134,MORPH,[NSuff.XXCU],NSuff.MSCU,_,_,[masc.sg.],MSA,form_gen:m form_num:s stt:c cas:u,_,,MS UCase,Base UCase,كتاب,OK,GOOD,0,
144,300.1211,MORPH,[NSuff.XXIN],NSuff.MDIN,Ani,Ani/NSUFF_MASC_DU_NOM,two_[masc.du.indef.nom.],MSA,form_gen:m form_num:d stt:i cas:n,else,,MD,Base Triptote-Sound,كتابان,OK,GOOD,0,
145,300.12111,MORPH,[NSuff.XXIN],NSuff.MDIN,|ni,|ni/NSUFF_MASC_DU_NOM,two_[masc.du.indef.nom.],MSA,form_gen:m form_num:d stt:i cas:n,#a>,,MD A-suff,#a>,مبدآن,OK,GOOD,1,
146,300.1212,MORPH,[NSuff.XXIA],NSuff.MDIA,ayoni,ayoni/NSUFF_MASC_DU_ACC,two_[masc.du.indef.acc.],MSA,form_gen:m form_num:d stt:i cas:a,_,,MD,Base Triptote-Sound,كتابين,OK,GOOD,0,
147,300.1213,MORPH,[NSuff.XXIG],NSuff.MDIG,ayoni,ayoni/NSUFF_MASC_DU_GEN,two_[masc.du.indef.gen.],MSA,form_gen:m form_num:d stt:i cas:g,_,,MD,Base Triptote-Sound,كتابين,OK,GOOD,0,
148,300.1214,MORPH,[NSuff.XXIU],NSuff.MDIU,ayon,ayon/NSUFF_MASC_DU,two_[masc.du.],MSA,form_gen:m form_num:d stt:i cas:u,_,,MD UCase,Base UCase,كتابين,OK,GOOD,0,
149,300.1221,MORPH,[NSuff.XXDN],NSuff.MDDN,Ani,Ani/NSUFF_MASC_DU_NOM,two_[masc.du.def.nom.],MSA,form_gen:m form_num:d stt:d cas:n,_,,MD,Base Triptote-Sound,كتابان,OK,GOOD,0,
150,300.12211,MORPH,[NSuff.XXDN],NSuff.MDDN,|ni,|ni/NSUFF_MASC_DU_NOM,two_[masc.du.def.nom.],MSA,form_gen:m form_num:d stt:d cas:n,#a>,,MD A-suff,#a>,مبدآن,OK,GOOD,1,
151,300.1222,MORPH,[NSuff.XXDA],NSuff.MDDA,ayoni,ayoni/NSUFF_MASC_DU_ACC,two_[masc.du.def.acc.],MSA,form_gen:m form_num:d stt:d cas:a,_,,MD,Base Triptote-Sound,كتابين,OK,GOOD,0,
152,300.1223,MORPH,[NSuff.XXDG],NSuff.MDDG,ayoni,ayoni/NSUFF_MASC_DU_GEN,two_[masc.du.def.gen.],MSA,form_gen:m form_num:d stt:d cas:g,_,,MD,Base Triptote-Sound,كتابين,OK,GOOD,0,
153,300.1224,MORPH,[NSuff.XXDU],NSuff.MDDU,ayon,ayon/NSUFF_MASC_DU,two_[masc.du.],MSA,form_gen:m form_num:d stt:d cas:u,_,,MD UCase,Base UCase,كتابين,OK,GOOD,0,
154,300.1231,MORPH,[NSuff.XXCN],NSuff.MDCN,A,A/NSUFF_MASC_DU_NOM_POSS,two_[masc.du.const.nom.],MSA,form_gen:m form_num:d stt:c cas:n,_,,MD C:A#,Base Triptote-Sound,كتابا، كتاباه، كتابايَ,OK,GOOD,0,
155,300.12311,MORPH,[NSuff.XXCN],NSuff.MDCN,|,|/NSUFF_MASC_DU_NOM_POSS,two_[masc.du.const.nom.],MSA,form_gen:m form_num:d stt:c cas:n,#a> ,,MD A-suff C:A#,#a>,مبدآ، مبدآي,OK,GOOD,1,
156,300.1232,MORPH,[NSuff.XXCA],NSuff.MDCA,ayo,ayo/NSUFF_MASC_DU_ACC_POSS,two_[masc.du.const.acc.],MSA,form_gen:m form_num:d stt:c cas:a,!C:POSS_PRON-iy,,MD C:ay#,Base Triptote-Sound,كتابي، كتابيهِ,OK,GOOD,0,
157,300.1232,MORPH,[NSuff.XXCA],NSuff.MDCA,ay,ayo/NSUFF_MASC_DU_ACC_POSS,two_[masc.du.const.acc.],MSA,form_gen:m form_num:d stt:c cas:a,C:POSS_PRON-iy,,MD C:ay#,Base Triptote-Sound,كتابَيَّ,OK,GOOD,0,
158,300.1233,MORPH,[NSuff.XXCG],NSuff.MDCG,ayo,ayo/NSUFF_MASC_DU_GEN_POSS,two_[masc.du.const.gen.],MSA,form_gen:m form_num:d stt:c cas:g,!C:POSS_PRON-iy,,MD C:ay#,Base Triptote-Sound,كتابي، كتابيهِ,OK,GOOD,0,
159,300.1233,MORPH,[NSuff.XXCG],NSuff.MDCG,ay,ayo/NSUFF_MASC_DU_GEN_POSS,two_[masc.du.const.gen.],MSA,form_gen:m form_num:d stt:c cas:g,C:POSS_PRON-iy,,MD C:ay#,Base Triptote-Sound,كتابَيَّ,OK,GOOD,0,
160,300.1234,MORPH,[NSuff.XXCU],NSuff.MDCU,ayon,ayon/NSUFF_MASC_DU,two_[masc.du.],MSA,form_gen:m form_num:d stt:c cas:u,_,,MD UCase,Base UCase,كتابين,OK,GOOD,0,
161,300.1311,MORPH,[NSuff.XXIN],NSuff.MPIN,uwna,uwna/NSUFF_MASC_PL_NOM,[masc.pl.indef.nom],MSA,form_gen:m form_num:p stt:i cas:n,else,,MP w-suff,Base Triptote-Sound,موظفون,OK,GOOD,0,
162,300.13111,MORPH,[NSuff.XXIN],NSuff.MPIN,awona,awona/NSUFF_MASC_PL_NOM,[masc.pl.indef.nom],MSA,form_gen:m form_num:p stt:i cas:n,#aY-Ap-y||#aA-Ap-w,,MP,#aY-Ap-y,مصطفَون,OK,GOOD,1,
163,300.1312,MORPH,[NSuff.XXIA],NSuff.MPIA,iyna,iyna/NSUFF_MASC_PL_ACC,[masc.pl.indef.acc.],MSA,form_gen:m form_num:p stt:i cas:a,else,,MP y-suff,Base Triptote-Sound,موظفين,OK,GOOD,0,
164,300.13121,MORPH,[NSuff.XXIA],NSuff.MPIA,ayona,ayona/NSUFF_MASC_PL_ACC,[masc.pl.indef.acc.],MSA,form_gen:m form_num:p stt:i cas:a,#aY-Ap-y||#aA-Ap-w,,MP,#aY-Ap-y,مصطفَين,OK,GOOD,1,
165,300.1313,MORPH,[NSuff.XXIG],NSuff.MPIG,iyna,iyna/NSUFF_MASC_PL_GEN,[masc.pl.indef.gen.],MSA,form_gen:m form_num:p stt:i cas:g,else,,MP y-suff,Base Triptote-Sound,موظفين,OK,GOOD,0,
166,300.13131,MORPH,[NSuff.XXIG],NSuff.MPIG,ayona,ayona/NSUFF_MASC_PL_GEN,[masc.pl.indef.gen.],MSA,form_gen:m form_num:p stt:i cas:g,#aY-Ap-y||#aA-Ap-w,,MP,#aY-Ap-y,مصطفَين,OK,GOOD,1,
167,300.1314,MORPH,[NSuff.XXIU],NSuff.MPIU,iyn,iyn/NSUFF_MASC_PL,[masc.pl.],MSA,form_gen:m form_num:p stt:i cas:u,else,,MP y-suff UCase,Base UCase,موظفين,OK,GOOD,0,
168,300.1321,MORPH,[NSuff.XXDN],NSuff.MPDN,uwna,uwna/NSUFF_MASC_PL_NOM,[masc.pl.def.nom.],MSA,form_gen:m form_num:p stt:d cas:n,else,,MP w-suff,Base Triptote-Sound,موظفون,OK,GOOD,0,
169,300.13211,MORPH,[NSuff.XXDN],NSuff.MPDN,awona,awona/NSUFF_MASC_PL_NOM,[masc.pl.def.nom.],MSA,form_gen:m form_num:p stt:d cas:n,#aY-Ap-y||#aA-Ap-w,,MP,#aY-Ap-y,مصطفَون,OK,GOOD,1,
170,300.1322,MORPH,[NSuff.XXDA],NSuff.MPDA,iyna,iyna/NSUFF_MASC_PL_ACC,[masc.pl.def.acc.],MSA,form_gen:m form_num:p stt:d cas:a,else,,MP y-suff,Base Triptote-Sound,موظفين,OK,GOOD,0,
171,300.13221,MORPH,[NSuff.XXDA],NSuff.MPDA,ayona,ayona/NSUFF_MASC_PL_ACC,[masc.pl.def.acc.],MSA,form_gen:m form_num:p stt:d cas:a,#aY-Ap-y||#aA-Ap-w,,MP,#aY-Ap-y,مصطفَين,OK,GOOD,1,
172,300.1323,MORPH,[NSuff.XXDG],NSuff.MPDG,iyna,iyna/NSUFF_MASC_PL_GEN,[masc.pl.def.gen.],MSA,form_gen:m form_num:p stt:d cas:g,else,,MP y-suff,Base Triptote-Sound,موظفين,OK,GOOD,0,
173,300.13231,MORPH,[NSuff.XXDG],NSuff.MPDG,ayona,ayona/NSUFF_MASC_PL_GEN,[masc.pl.def.gen.],MSA,form_gen:m form_num:p stt:d cas:g,#aY-Ap-y||#aA-Ap-w,,MP,#aY-Ap-y,مصطفَين,OK,GOOD,1,
174,300.1324,MORPH,[NSuff.XXDU],NSuff.MPDU,iyn,iyn/NSUFF_MASC_PL,[masc.pl.],MSA,form_gen:m form_num:p stt:d cas:u,else,,MP y-suff UCase,Base UCase,موظفين,OK,GOOD,0,
175,300.1331,MORPH,[NSuff.XXCN],NSuff.MPCN,uw,uw/NSUFF_MASC_PL_NOM_POSS,[masc.pl.const.nom.],MSA,form_gen:m form_num:p stt:c cas:n,!C:POSS_PRON-iy,,MP w-suff,Base Triptote-Sound,موظفو، موظفوهُ,OK,GOOD,0,
176,300.1331,MORPH,[NSuff.XXCN],NSuff.MPCN,iy,iy/NSUFF_MASC_PL_NOM_POSS,[masc.pl.const.nom.],MSA,form_gen:m form_num:p stt:c cas:n,C:POSS_PRON-iy,,MP y-suff C:iy#,Base Triptote-Sound,موظفيَّ,OK,GOOD,0,
177,300.13311,MORPH,[NSuff.XXCN],NSuff.MPCN,aw,aw/NSUFF_MASC_PL_NOM_POSS,[masc.pl.const.nom.],MSA,form_gen:m form_num:p stt:c cas:n,#aY-Ap-y||#aA-Ap-w !C:POSS_PRON-iy,,MP,#aY-Ap-y,مصطفَو,OK,GOOD,1,
178,300.13311,MORPH,[NSuff.XXCN],NSuff.MPCN,ay,ay/NSUFF_MASC_PL_NOM_POSS,[masc.pl.const.nom.],MSA,form_gen:m form_num:p stt:c cas:n,#aY-Ap-y||#aA-Ap-w C:POSS_PRON-iy,,MP C:ay#,#aY-Ap-y,مصطفَي,OK,GOOD,1,
179,300.1332,MORPH,[NSuff.XXCA],NSuff.MPCA,iy,iy/NSUFF_MASC_PL_ACC_POSS,[masc.pl.const.acc.],MSA,form_gen:m form_num:p stt:c cas:a,else,,MP y-suff C:iy#,Base Triptote-Sound,موظفي، موظفيَّ، موظفيهِ,OK,GOOD,0,
180,300.13321,MORPH,[NSuff.XXCA],NSuff.MPCA,ay,ay/NSUFF_MASC_PL_ACC_POSS,[masc.pl.const.acc.],MSA,form_gen:m form_num:p stt:c cas:a,#aY-Ap-y||#aA-Ap-w,,MP C:ay#,#aY-Ap-y,مصطفَي,OK,GOOD,1,
181,300.1333,MORPH,[NSuff.XXCG],NSuff.MPCG,iy,iy/NSUFF_MASC_PL_GEN_POSS,[masc.pl.const.gen.],MSA,form_gen:m form_num:p stt:c cas:g,else,,MP y-suff C:iy#,Base Triptote-Sound,موظفي، موظفيَّ، موظفيهِ,OK,GOOD,0,
182,300.13331,MORPH,[NSuff.XXCG],NSuff.MPCG,ay,ay/NSUFF_MASC_PL_GEN_POSS,[masc.pl.const.gen.],MSA,form_gen:m form_num:p stt:c cas:g,#aY-Ap-y||#aA-Ap-w,,MP C:ay#,#aY-Ap-y,مصطفَي,OK,GOOD,1,
183,300.1334,MORPH,[NSuff.XXCU],NSuff.MPCU,iyn,iyn/NSUFF_MASC_PL,[masc.pl.],MSA,form_gen:m form_num:p stt:c cas:u,else,,MP y-suff UCase,Base UCase,موظفين,OK,GOOD,0,
184,300.2111,MORPH,[NSuff.XXIN],NSuff.FSIN,ap+N,ap/NSUFF_FEM_SG+N/CASE_INDEF_NOM,[fem.sg.]_+_[indef.nom.],MSA,form_gen:f form_num:s stt:i cas:n,else,,FS,Base Triptote-Sound,كتابةٌ,OK,GOOD,0,
185,300.21111,MORPH,[NSuff.XXIN],NSuff.FSIN,ap+u,ap/NSUFF_FEM_SG+u/CASE_INDEF_NOM,[fem.sg.]_+_[indef.nom.],MSA,form_gen:f form_num:s stt:i cas:n,@dip,,FS,Diptote-Sound,عنترةُ,OK,GOOD,1,
186,300.2112,MORPH,[NSuff.XXIA],NSuff.FSIA,ap+F,ap/NSUFF_FEM_SG+F/CASE_INDEF_ACC,[fem.sg.]_+_[indef.acc.],MSA,form_gen:f form_num:s stt:i cas:a,else,,FS,Base Triptote-Sound,كتابةً,OK,GOOD,0,
187,300.21121,MORPH,[NSuff.XXIA],NSuff.FSIA,ap+a,ap/NSUFF_FEM_SG+a/CASE_INDEF_ACC,[fem.sg.]_+_[indef.acc.],MSA,form_gen:f form_num:s stt:i cas:a,@dip,,FS,Diptote-Sound,عنترةَ,OK,GOOD,1,
188,300.2113,MORPH,[NSuff.XXIG],NSuff.FSIG,ap+K,ap/NSUFF_FEM_SG+K/CASE_INDEF_GEN,[fem.sg.]_+_[indef.gen.],MSA,form_gen:f form_num:s stt:i cas:g,else,,FS,Base Triptote-Sound,كتابةٍ,OK,GOOD,0,
189,300.21131,MORPH,[NSuff.XXIG],NSuff.FSIG,ap+a,ap/NSUFF_FEM_SG+a/CASE_INDEF_GEN,[fem.sg.]_+_[indef.gen.],MSA,form_gen:f form_num:s stt:i cas:g,@dip,,FS,Diptote-Sound,عنترةَ,OK,GOOD,1,
190,300.21131,MORPH,[NSuff.XXIG],NSuff.FSIG,ap+K,ap/NSUFF_FEM_SG+K/CASE_INDEF_GEN,[fem.sg.]_+_[indef.gen.],MSA,form_gen:f form_num:s stt:i,X100,,FS100,Compound Hundreds,خمسمئة,OK,GOOD,1,
191,300.2114,MORPH,[NSuff.XXIU],NSuff.FSIU,ap,ap/NSUFF_FEM_SG,[fem.sg.],MSA,form_gen:f form_num:s stt:i cas:u,,,FS UCase,Base UCase,كتابة,OK,GOOD,0,
192,300.2121,MORPH,[NSuff.XXDN],NSuff.FSDN,ap+u,ap/NSUFF_FEM_SG+u/CASE_DEF_NOM,[fem.sg.]_+_[def.nom.],MSA,form_gen:f form_num:s stt:d cas:n,_,,FS,Base Triptote-Sound,كتابةُ,OK,GOOD,0,
193,300.2122,MORPH,[NSuff.XXDA],NSuff.FSDA,ap+a,ap/NSUFF_FEM_SG+a/CASE_DEF_ACC,[fem.sg.]_+_[def.acc.],MSA,form_gen:f form_num:s stt:d cas:a,_,,FS,Base Triptote-Sound,كتابةَ,OK,GOOD,0,
194,300.2123,MORPH,[NSuff.XXDG],NSuff.FSDG,ap+i,ap/NSUFF_FEM_SG+i/CASE_DEF_GEN,[fem.sg.]_+_[def.gen.],MSA,form_gen:f form_num:s stt:d cas:g,_,,FS,Base Triptote-Sound,كتابةِ,OK,GOOD,0,
195,300.21231,MORPH,[NSuff.XXDG],NSuff.FSDG,ap+i,ap/NSUFF_FEM_SG+i/CASE_DEF_GEN,[fem.sg.]_+_[def.gen.],MSA,form_gen:f form_num:s stt:d,X100,,FS100,Compound Hundreds,خمسمئة,OK,GOOD,1,
196,300.2124,MORPH,[NSuff.XXDU],NSuff.FSDU,ap,ap/NSUFF_FEM_SG,[fem.sg.],MSA,form_gen:f form_num:s stt:d cas:u,_,,FS UCase,Base UCase,الكتابة,OK,GOOD,0,
197,300.2131,MORPH,[NSuff.XXCN],NSuff.FSCN,ap+u,ap/NSUFF_FEM_SG+u/CASE_DEF_NOM,[fem.sg.]_+_[const.nom.],MSA,form_gen:f form_num:s stt:c cas:n,else,,FS,Base Triptote-Sound,كتابةُ,OK,GOOD,0,
198,300.2131,MORPH,[NSuff.XXCN],NSuff.FSCN,at+u,ap/NSUFF_FEM_SG+u/CASE_DEF_NOM,[fem.sg.]_+_[const.nom.],MSA,form_gen:f form_num:s stt:c cas:n,C:POSS_PRON,,FS,Base Triptote-Sound,كتابتُهُ,OK,GOOD,0,
199,300.2131,MORPH,[NSuff.XXCN],NSuff.FSCN,at,ap/NSUFF_FEM_SG,[fem.sg.]_+_[const.nom.],MSA,form_gen:f form_num:s stt:c cas:n,C:POSS_PRON-iy,,FS,Base Triptote-Sound,كتابتِي,OK,GOOD,0,
200,300.2132,MORPH,[NSuff.XXCA],NSuff.FSCA,ap+a,ap/NSUFF_FEM_SG+a/CASE_DEF_ACC,[fem.sg.]_+_[const.acc.],MSA,form_gen:f form_num:s stt:c cas:a,else,,FS,Base Triptote-Sound,كتابةَ,OK,GOOD,0,
201,300.2132,MORPH,[NSuff.XXCA],NSuff.FSCA,at+a,ap/NSUFF_FEM_SG+a/CASE_DEF_ACC,[fem.sg.]_+_[const.acc.],MSA,form_gen:f form_num:s stt:c cas:a,C:POSS_PRON,,FS,Base Triptote-Sound,كتابتَهُ,OK,GOOD,0,
202,300.2132,MORPH,[NSuff.XXCA],NSuff.FSCA,at,ap/NSUFF_FEM_SG,[fem.sg.]_+_[const.acc.],MSA,form_gen:f form_num:s stt:c cas:a,C:POSS_PRON-iy,,FS,Base Triptote-Sound,كتابتِي,OK,GOOD,0,
203,300.2133,MORPH,[NSuff.XXCG],NSuff.FSCG,ap+i,ap/NSUFF_FEM_SG+i/CASE_DEF_GEN,[fem.sg.]_+_[const.gen.],MSA,form_gen:f form_num:s stt:c cas:g,else,,FS,Base Triptote-Sound,كتابةِ,OK,GOOD,0,
204,300.2133,MORPH,[NSuff.XXCG],NSuff.FSCG,at+i,ap/NSUFF_FEM_SG+i/CASE_DEF_GEN,[fem.sg.]_+_[const.gen.],MSA,form_gen:f form_num:s stt:c cas:g,C:POSS_PRON,,FS C:i#,Base Triptote-Sound,كتابتِهِ,OK,GOOD,0,
205,300.2133,MORPH,[NSuff.XXCG],NSuff.FSCG,at,ap/NSUFF_FEM_SG,[fem.sg.]_+_[const.gen.],MSA,form_gen:f form_num:s stt:c cas:g,C:POSS_PRON-iy,,FS,Base Triptote-Sound,كتابتِي,OK,GOOD,0,
206,300.21331,MORPH,[NSuff.XXCG],NSuff.FSCG,ap+i,ap/NSUFF_FEM_SG+i/CASE_DEF_GEN,[fem.sg.]_+_[const.gen.],MSA,form_gen:f form_num:s stt:c,X100,,FS100,Compound Hundreds,خمسمئة,OK,GOOD,1,
207,300.2134,MORPH,[NSuff.XXCU],NSuff.FSCU,ap,ap/NSUFF_FEM_SG,[fem.sg.],MSA,form_gen:f form_num:s stt:c cas:u,else,,FS UCase,Base UCase,كتابة,OK,GOOD,0,
208,300.2134,MORPH,[NSuff.XXCU],NSuff.FSCU,at,ap/NSUFF_FEM_SG,[fem.sg.],MSA,form_gen:f form_num:s stt:c cas:u,C:POSS_PRON||C:POSS_PRON-iy,,FS UCase,Base UCase,كتابته,OK,GOOD,1,
209,300.2211,MORPH,[NSuff.XXIN],NSuff.FDIN,atAni,atAni/NSUFF_FEM_DU_NOM,two_[fem.du.indef.nom.],MSA,form_gen:f form_num:d stt:i cas:n,_,,FD,Base Triptote-Sound,,OK,GOOD,0,
210,300.2212,MORPH,[NSuff.XXIA],NSuff.FDIA,atayoni,atayoni/NSUFF_FEM_DU_ACC,two_[fem.du.indef.acc.],MSA,form_gen:f form_num:d stt:i cas:a,_,,FD,Base Triptote-Sound,,OK,GOOD,0,
211,300.2213,MORPH,[NSuff.XXIG],NSuff.FDIG,atayoni,atayoni/NSUFF_FEM_DU_GEN,two_[fem.du.indef.gen.],MSA,form_gen:f form_num:d stt:i cas:g,_,,FD,Base Triptote-Sound,,OK,GOOD,0,
212,300.2214,MORPH,[NSuff.XXIU],NSuff.FDIU,atayon,atayon/NSUFF_FEM_DU,two_[fem.du.],MSA,form_gen:f form_num:d stt:i cas:u,_,,FD UCase,Base UCase,كتابتين,OK,GOOD,0,
213,300.2221,MORPH,[NSuff.XXDN],NSuff.FDDN,atAni,atAni/NSUFF_FEM_DU_NOM,two_[fem.du.def.nom.],MSA,form_gen:f form_num:d stt:d cas:n,_,,FD,Base Triptote-Sound,,OK,GOOD,0,
214,300.2222,MORPH,[NSuff.XXDA],NSuff.FDDA,atayoni,atayoni/NSUFF_FEM_DU_ACC,two_[fem.du.def.acc.],MSA,form_gen:f form_num:d stt:d cas:a,_,,FD,Base Triptote-Sound,,OK,GOOD,0,
215,300.2223,MORPH,[NSuff.XXDG],NSuff.FDDG,atayoni,atayoni/NSUFF_FEM_DU_GEN,two_[fem.du.def.gen.],MSA,form_gen:f form_num:d stt:d cas:g,_,,FD,Base Triptote-Sound,,OK,GOOD,0,
216,300.2224,MORPH,[NSuff.XXDU],NSuff.FDDU,atayon,atayon/NSUFF_FEM_DU,two_[fem.du.],MSA,form_gen:f form_num:d stt:d cas:u,_,,FD UCase,Base UCase,كتابتين,OK,GOOD,0,
217,300.2231,MORPH,[NSuff.XXCN],NSuff.FDCN,atA,atA/NSUFF_FEM_DU_NOM_POSS,two_[fem.du.const.nom.],MSA,form_gen:f form_num:d stt:c cas:n,_,,FD C:A#,Base Triptote-Sound,,OK,GOOD,0,
218,300.2232,MORPH,[NSuff.XXCA],NSuff.FDCA,atayo,atayo/NSUFF_FEM_DU_ACC_POSS,two_[fem.du.const.acc.],MSA,form_gen:f form_num:d stt:c cas:a,!C:POSS_PRON-iy,,FD C:ay#,Base Triptote-Sound,,OK,GOOD,0,
219,300.2232,MORPH,[NSuff.XXCA],NSuff.FDCA,atay,atayo/NSUFF_FEM_DU_ACC_POSS,two_[fem.du.const.acc.],MSA,form_gen:f form_num:d stt:c cas:a,C:POSS_PRON-iy,,FD C:ay#,Base Triptote-Sound,,OK,GOOD,0,
220,300.2233,MORPH,[NSuff.XXCG],NSuff.FDCG,atayo,atayo/NSUFF_FEM_DU_GEN_POSS,two_[fem.du.const.gen.],MSA,form_gen:f form_num:d stt:c cas:g,!C:POSS_PRON-iy,,FD C:ay#,Base Triptote-Sound,,OK,GOOD,0,
221,300.2233,MORPH,[NSuff.XXCG],NSuff.FDCG,atay,atayo/NSUFF_FEM_DU_GEN_POSS,two_[fem.du.const.gen.],MSA,form_gen:f form_num:d stt:c cas:g,C:POSS_PRON-iy,,FD C:ay#,Base Triptote-Sound,,OK,GOOD,0,
222,300.2234,MORPH,[NSuff.XXCU],NSuff.FDCU,atayon,atayon/NSUFF_FEM_DU,two_[fem.du.],MSA,form_gen:f form_num:d stt:c cas:u,_,,FD UCase,Base UCase,كتابتين,OK,GOOD,0,
223,300.2311,MORPH,[NSuff.XXIN],NSuff.FPIN,At+N,At/NSUFF_FEM_PL+N/CASE_INDEF_NOM,[fem.pl.]_+_[indef.nom.],MSA,form_gen:f form_num:p stt:i cas:n,else,,FP,Base Triptote-Sound,,OK,GOOD,0,
224,300.23111,MORPH,[NSuff.XXIN],NSuff.FPIN,|t+N,|t/NSUFF_FEM_PL+N/CASE_INDEF_NOM,[fem.pl.]_+_[indef.nom.],MSA,form_gen:f form_num:p stt:i cas:n,#a>,,FP A-suff,#a>,مكافآت,OK,GOOD,1,
225,300.2312,MORPH,[NSuff.XXIA],NSuff.FPIA,At+K,At/NSUFF_FEM_PL+K/CASE_INDEF_ACC,[fem.pl.]_+_[indef.acc.],MSA,form_gen:f form_num:p stt:i cas:a,else,,FP,Base Triptote-Sound,,OK,GOOD,0,
226,300.23121,MORPH,[NSuff.XXIA],NSuff.FPIA,|t+K,|t/NSUFF_FEM_PL+K/CASE_INDEF_ACC,[fem.pl.]_+_[indef.acc.],MSA,form_gen:f form_num:p stt:i cas:a,#a>,,FP A-suff,#a>,مكافآت,OK,GOOD,1,
227,300.2313,MORPH,[NSuff.XXIG],NSuff.FPIG,At+K,At/NSUFF_FEM_PL+K/CASE_INDEF_GEN,[fem.pl.]_+_[indef.gen.],MSA,form_gen:f form_num:p stt:i cas:g,else,,FP,Base Triptote-Sound,,OK,GOOD,0,
228,300.23131,MORPH,[NSuff.XXIG],NSuff.FPIG,|t+K,|t/NSUFF_FEM_PL+K/CASE_INDEF_GEN,[fem.pl.]_+_[indef.gen.],MSA,form_gen:f form_num:p stt:i cas:g,#a>,,FP A-suff,#a>,مكافآت,OK,GOOD,1,
229,300.2314,MORPH,[NSuff.XXIU],NSuff.FPIU,At,At/NSUFF_FEM_PL,[fem.pl.],MSA,form_gen:f form_num:p stt:i cas:u,else,,FP UCase,Base UCase,موظفات,OK,GOOD,0,
230,300.23141,MORPH,[NSuff.XXIU],NSuff.FPIU,|t,|t/NSUFF_FEM_PL,[fem.pl.],MSA,form_gen:f form_num:p stt:i cas:u,#a>,,FP A-suff UCase,#a> UCase ,مكافآت,OK,GOOD,1,
231,300.2321,MORPH,[NSuff.XXDN],NSuff.FPDN,At+u,At/NSUFF_FEM_PL+u/CASE_DEF_NOM,[fem.pl.]_+_[def.nom.],MSA,form_gen:f form_num:p stt:d cas:n,else,,FP,Base Triptote-Sound,,OK,GOOD,0,
232,300.23211,MORPH,[NSuff.XXDN],NSuff.FPDN,|t+u,|t/NSUFF_FEM_PL+u/CASE_DEF_NOM,[fem.pl.]_+_[def.nom.],MSA,form_gen:f form_num:p stt:d cas:n,#a>,,FP A-suff,#a>,المكافآت,OK,GOOD,1,
233,300.2322,MORPH,[NSuff.XXDA],NSuff.FPDA,At+i,At/NSUFF_FEM_PL+i/CASE_DEF_ACC,[fem.pl.]_+_[def.acc.],MSA,form_gen:f form_num:p stt:d cas:a,else,,FP,Base Triptote-Sound,,OK,GOOD,0,
234,300.23221,MORPH,[NSuff.XXDA],NSuff.FPDA,|t+i,|t/NSUFF_FEM_PL+i/CASE_DEF_ACC,[fem.pl.]_+_[def.acc.],MSA,form_gen:f form_num:p stt:d cas:a,#a>,,FP A-suff,#a>,المكافآت,OK,GOOD,1,
235,300.2323,MORPH,[NSuff.XXDG],NSuff.FPDG,At+i,At/NSUFF_FEM_PL+i/CASE_DEF_GEN,[fem.pl.]_+_[def.gen.],MSA,form_gen:f form_num:p stt:d cas:g,else,,FP,Base Triptote-Sound,,OK,GOOD,0,
236,300.23231,MORPH,[NSuff.XXDG],NSuff.FPDG,|t+i,|t/NSUFF_FEM_PL+i/CASE_DEF_GEN,[fem.pl.]_+_[def.gen.],MSA,form_gen:f form_num:p stt:d cas:g,#a>,,FP A-suff,#a>,المكافآت,OK,GOOD,1,
237,300.2324,MORPH,[NSuff.XXDU],NSuff.FPDU,At,At/NSUFF_FEM_PL,[fem.pl.],MSA,form_gen:f form_num:p stt:d cas:u,else,,FP UCase,Base UCase,موظفات,OK,GOOD,0,
238,300.23241,MORPH,[NSuff.XXDU],NSuff.FPDU,|t,|t/NSUFF_FEM_PL,[fem.pl.],MSA,form_gen:f form_num:p stt:d cas:u,#a>,,FP A-suff UCase,#a> UCase ,مكافآت,OK,GOOD,1,
239,300.2331,MORPH,[NSuff.XXCN],NSuff.FPCN,At+u,At/NSUFF_FEM_PL+u/CASE_DEF_NOM,[fem.pl.]_+_[const.nom.],MSA,form_gen:f form_num:p stt:c cas:n,!C:POSS_PRON-iy,,FP,Base Triptote-Sound,,OK,GOOD,0,
240,300.2331,MORPH,[NSuff.XXCN],NSuff.FPCN,At,At/NSUFF_FEM_PL+(null)/CASE_DEF_NOM,[fem.pl.]_+_[const.nom.],MSA,form_gen:f form_num:p stt:c cas:n,C:POSS_PRON-iy,,FP,Base Triptote-Sound,,OK,GOOD,0,
241,300.23311,MORPH,[NSuff.XXCN],NSuff.FPCN,|t+u,|t/NSUFF_FEM_PL+u/CASE_DEF_NOM,[fem.pl.]_+_[const.nom.],MSA,form_gen:f form_num:p stt:c cas:n,#a> !C:POSS_PRON-iy,,FP A-suff,#a>,مكافآت,OK,GOOD,1,
242,300.23311,MORPH,[NSuff.XXCN],NSuff.FPCN,|t,|t/NSUFF_FEM_PL+(null)/CASE_DEF_NOM,[fem.pl.]_+_[const.nom.],MSA,form_gen:f form_num:p stt:c cas:n,#a> C:POSS_PRON-iy,,FP A-suff,#a>,مكافآتي,OK,GOOD,1,
243,300.2332,MORPH,[NSuff.XXCA],NSuff.FPCA,At+i,At/NSUFF_FEM_PL+i/CASE_DEF_ACC,[fem.pl.]_+_[const.acc.],MSA,form_gen:f form_num:p stt:c cas:a,!C:POSS_PRON-iy,,FP C:i#,Base Triptote-Sound,,OK,GOOD,0,
244,300.2332,MORPH,[NSuff.XXCA],NSuff.FPCA,At,At/NSUFF_FEM_PL+(null)/CASE_DEF_ACC,[fem.pl.]_+_[const.acc.],MSA,form_gen:f form_num:p stt:c cas:a,C:POSS_PRON-iy,,FP,Base Triptote-Sound,,OK,GOOD,0,
245,300.23321,MORPH,[NSuff.XXCA],NSuff.FPCA,|t+i,|t/NSUFF_FEM_PL+i/CASE_DEF_ACC,[fem.pl.]_+_[const.acc.],MSA,form_gen:f form_num:p stt:c cas:a,#a> !C:POSS_PRON-iy,,FP A-suff C:i#,#a>,مكافآت,OK,GOOD,1,
246,300.23321,MORPH,[NSuff.XXCA],NSuff.FPCA,|t,|t/NSUFF_FEM_PL+(null)/CASE_DEF_ACC,[fem.pl.]_+_[const.acc.],MSA,form_gen:f form_num:p stt:c cas:a,#a> C:POSS_PRON-iy,,FP A-suff,#a>,مكافآتي,OK,GOOD,1,
247,300.2333,MORPH,[NSuff.XXCG],NSuff.FPCG,At+i,At/NSUFF_FEM_PL+i/CASE_DEF_GEN,[fem.pl.]_+_[const.gen.],MSA,form_gen:f form_num:p stt:c cas:g,!C:POSS_PRON-iy,,FP C:i#,Base Triptote-Sound,,OK,GOOD,0,
248,300.2333,MORPH,[NSuff.XXCG],NSuff.FPCG,At,At/NSUFF_FEM_PL+(null)/CASE_DEF_GEN,[fem.pl.]_+_[const.gen.],MSA,form_gen:f form_num:p stt:c cas:g,C:POSS_PRON-iy,,FP,Base Triptote-Sound,,OK,GOOD,0,
249,300.23331,MORPH,[NSuff.XXCG],NSuff.FPCG,|t+i,|t/NSUFF_FEM_PL+i/CASE_DEF_GEN,[fem.pl.]_+_[const.gen.],MSA,form_gen:f form_num:p stt:c cas:g,#a> !C:POSS_PRON-iy,,FP A-suff C:i#,#a>,مكافآت,OK,GOOD,1,
250,300.23331,MORPH,[NSuff.XXCG],NSuff.FPCG,|t,|t/NSUFF_FEM_PL+(null)/CASE_DEF_GEN,[fem.pl.]_+_[const.gen.],MSA,form_gen:f form_num:p stt:c cas:g,#a> C:POSS_PRON-iy,,FP A-suff,#a>,مكافآتي,OK,GOOD,1,
251,300.2334,MORPH,[NSuff.XXCU],NSuff.FPCU,At,At/NSUFF_FEM_PL,[fem.pl.],MSA,form_gen:f form_num:p stt:c cas:u,else,,FP UCase,Base UCase,موظفات,OK,GOOD,0,
252,300.23341,MORPH,[NSuff.XXCU],NSuff.FPCU,|t,|t/NSUFF_FEM_PL,[fem.pl.],MSA,form_gen:f form_num:p stt:c cas:u,#a>,,FP A-suff UCase,#a> UCase ,مكافآت,OK,GOOD,1,
253,,,,,,,,,,,,,,,,,,
254,1000,MORPH,[PRON],_,_,_,_,MSA,enc0:0,_,,_,Clitics,,OK,GOOD,,
255,1001,,,,,,,,,,,,,,,,,
256,1002,#MORPH,[PRON],hA/PRON.3FS,hA,hA/POSS_PRON_3FS,its/their/her,MSA,enc0:3fs_poss,_,,C:POSS_PRON,Clitics,,OK,GOOD,,
257,1003,,,,,,,,,,,,,,,,,
258,1004,MORPH,[PRON],hu/PRON.3MS,hu,hu/POSS_PRON_3MS,its/his,MSA,enc0:3ms_poss,!C:i# !C:ay# !C:iy#,,C:POSS_PRON,Clitics,كتابُهُ,OK,GOOD,,
259,1005,#MORPH,[PRON],hum/PRON.3MP,hum,hum/POSS_PRON_3MP,their,MSA,enc0:3mp_poss,!C:i# !C:ay# !C:iy#,,C:POSS_PRON,Clitics,كتابُهُم,OK,GOOD,,
260,1006,#MORPH,[PRON],humA/PRON.3D,humA,humA/POSS_PRON_3D,their,MSA,enc0:3d_poss,!C:i# !C:ay# !C:iy#,,C:POSS_PRON,Clitics,كتابُهُما,OK,GOOD,,
261,1007,#MORPH,[PRON],hun~a/PRON.3FP,hun~a,hun~a/POSS_PRON_3FP,their,MSA,enc0:3fp_poss,!C:i# !C:ay# !C:iy#,,C:POSS_PRON,Clitics,كتابُهُن,OK,GOOD,,
262,1008,MORPH,[PRON],hu/PRON.3MS,hi,hu/POSS_PRON_3MS,its/his,MSA,enc0:3ms_poss,C:i#||C:ay#||C:iy#,,C:POSS_PRON,Clitics,كتابِهِ,OK,GOOD,,
263,1009,#MORPH,[PRON],hum/PRON.3MP,him,hum/POSS_PRON_3MP,their,MSA,enc0:3mp_poss,C:i#||C:ay#||C:iy#,,C:POSS_PRON,Clitics,كتابِهِم,OK,GOOD,,
264,1010,#MORPH,[PRON],humA/PRON.3D,himA,humA/POSS_PRON_3D,their,MSA,enc0:3d_poss,C:i#||C:ay#||C:iy#,,C:POSS_PRON,Clitics,كتابِهِما,OK,GOOD,,
265,1011,#MORPH,[PRON],hun~a/PRON.3FP,hin~a,hun~a/POSS_PRON_3FP,their,MSA,enc0:3fp_poss,C:i#||C:ay#||C:iy#,,C:POSS_PRON,Clitics,كتابِهِن,OK,GOOD,,
266,1012,,,,,,,,,,,,,,,,,
267,1013,#MORPH,[PRON],ka/PRON.2MS,ka,ka/POSS_PRON_2MS,your_[masc.sg.],MSA,enc0:2ms_poss,_,,C:POSS_PRON,Clitics,,OK,GOOD,,
268,1014,#MORPH,[PRON],ki/PRON.2FS,ki,ki/POSS_PRON_2FS,your_[fem.sg.],MSA,enc0:2fs_poss,_,,C:POSS_PRON,Clitics,,OK,GOOD,,
269,1015,#MORPH,[PRON],kum/PRON.2MP,kum,kum/POSS_PRON_2MP,your_[masc.pl.],MSA,enc0:2mp_poss,_,,C:POSS_PRON,Clitics,,OK,GOOD,,
270,1016,#MORPH,[PRON],kumA/PRON.2D,kumA,kumA/POSS_PRON_2D,your_[du.],MSA,enc0:2d_poss,_,,C:POSS_PRON,Clitics,,OK,GOOD,,
271,1017,#MORPH,[PRON],kun~a/PRON.2FP,kun~a,kun~a/POSS_PRON_2FP,your_[fem.pl.],MSA,enc0:2fp_poss,_,,C:POSS_PRON,Clitics,,OK,GOOD,,
272,1018,,,,,,,,,,,,,,,,,
273,1019,#MORPH,[PRON],iy/PRON.1S,iy,iy/POSS_PRON_1S,my,MSA,enc0:1s_poss,!C:A# !C:ay# !C:iy#,,C:POSS_PRON-iy,Clitics,كتابِي,OK,GOOD,,
274,1020,#MORPH,[PRON],iy/PRON.1S,ya,iy/POSS_PRON_1S,my,MSA,enc0:1s_poss,C:A#,,C:POSS_PRON-iy,Clitics,كتابايَ,OK,GOOD,,
275,1021,#MORPH,[PRON],iy/PRON.1S,~a,iy/POSS_PRON_1S,my,MSA,enc0:1s_poss,C:ay#||C:iy#,,C:POSS_PRON-iy,Clitics,كتابَيَّ,OK,GOOD,,
276,1022,,,,,,,,,,,,,,,,,
277,1023,#MORPH,[PRON],nA/PRON.1P,nA,nA/POSS_PRON_1P,our,MSA,enc0:1p_poss,_,,C:POSS_PRON,Clitics,,OK,GOOD,,
278,1024,,,,,,,,,,,,,,,,,
279,1025,#MORPH,[PRON],mA/REL_PRON,mA,mA/REL_PRON,,MSA,enc0: mA_rel,,,MA,Clitics,,OK,GOOD,,
280,1026,#MORPH,[PRON],mA/SUB_CONJ,mA,mA/SUB_CONJ,,MSA,enc0: mA_sub,,,MA,Clitics,,OK,GOOD,,
