,ID,EXCLUDE,DEFINE,CLASS,FUNC,FORM,BW,VARIANT,GLOSS,FEAT,COND-T,COND-S,D3,EXAMPLE-ENC,EXAMPLE-SUFF,EXAMPLE-BUFF,EXAMPLE-STEM,COMMENTS
0,Condition Definitions,,,,,,,,,,,,,,,,,
1,1,,CONDITIONS,[LEMMA],Frozen,,,,,,,,,,,,,
2,2,,CONDITIONS,[STEM-X],#-}iy #->ay #-A' #-a> #-aA #-aw #-ay #-aY #-ay-A #-i} #-iy #-iy' #-u& #-uw #-uw' #A-' #n #t,,,,,,,,,,,,,
3,3,,CONDITIONS,[X-ROOT],hollow defective gem hamzated ,,,,,,,,,,,,,
4,4,,CONDITIONS,[X-TRANS],intrans trans ditrans,,,,,,,,,,,,,
5,5,,CONDITIONS,[X-STEM],>-# >-a# >-o#,,,,,,,,,,,,,
6,6,,CONDITIONS,[PREF-X],a-# u-# ,,,,,,,,,,,,,
7,7,,CONDITIONS,[X-PREF],h-pref,,,,,,,,,,,,,
8,8,,CONDITIONS,[X-SUFF.PHONE],c-suff v-suff n-suff,,,,,,,,,,,,,
9,9,,CONDITIONS,[X-SUFF.LETTER],A-suff w-suff y-suff z-suff,,,,,,,,,,,,,
10,10,,CONDITIONS,[X-SUFF.PHONE.V],u-suff a-suff i-suff,,,,,,,,,,,,,
11,11,,CONDITIONS,[SUFF-X],#^i #^iy,,,,,,,,,,,,,
12,12,,CONDITIONS,[PRON-X],enc0#^i,,,,,,,,,,,,,
13,13,,CONDITIONS,[PRON:X],enc0:1* enc0:2*,,,,,,,,,,,,,
14,14,,CONDITIONS,[PRON:*],enc0,,,,,,,,,,,,,
15,15,,CONDITIONS,[PRON2:X],enc1:1* enc1:2*,,,,,,,,,,,,,
16,16,,CONDITIONS,[PRON2:*],enc1,,,,,,,,,,,,,
17,Proclitics (3),,,,,,,,,,,,,,,,,
18,17,,MORPH,[QUES],_,_,_,MSA,_,prc3:0,_,_,_,,,,قرأت,
19,18,,MORPH,[QUES],>a/PART_INTERROG,>a,>a/INTERROG_PART,MSA,is/are,prc3:>a_ques,_,_,>a+_,,,,أقرأت ؟,
20,Proclitics (2),,,,,,,,,,,,,,,,,
21,19,,MORPH,[CONJ],_,_,_,MSA,_,prc2:0,_,_,_,,,,قرأت,
22,20,RED,MORPH,[CONJ],fa/CONJ,fa,fa/CONJ,MSA,so/and,prc2:fa_conj,_,_,fa+_,,,,فقرأت,
23,21,RED,MORPH,[CONJ],fa/PART_CONNECT,fa,fa/CONNEC_PART,MSA,so/then,prc2:fa_conn,_,_,fa+_,,,,فقرأت,
24,22,RED,MORPH,[CONJ],fa/PART_RC,fa,fa/RC_PART,MSA,so/then,prc2:fa_rc,_,_,fa+_,,,,فقرأت,
25,23,RED,MORPH,[CONJ],fa/CONJ_SUB,fa,fa/SUB_CONJ,MSA,because/therefore/as_a_result,prc2:fa_sub,_,_,fa+_,,,,فقرأت,
26,24,,MORPH,[CONJ],wa/CONJ,wa,wa/CONJ,MSA,and,prc2:wa_conj,_,_,wa+_,,,,وقرأت,
27,25,RED,MORPH,[CONJ],wa/PART,wa,wa/PART,MSA,[part.],prc2:wa_part,_,_,wa+_,,,,وقرأت,
28,26,RED,MORPH,[CONJ],wa/SUB_CONJ,wa,wa/SUB_CONJ,MSA,while,prc2:wa_sub,_,_,wa+_,,,,وقرأت,
29,Proclitics (1),,,,,,,,,,,,,,,,,
30,27,,MORPH,[VPART.P],_,_,_,MSA,_,prc1:0,_,_,_,,,,قرأت,
31,28,,MORPH,[VPART.P],la/PART_RC,la,la/RC_PART,MSA,then,prc1:la_rc,_,_,la+_,,,,لقرأت,
32,29,,MORPH,[VPART.I],_,_,_,MSA,_,prc1:0,_,_,_,,,,يقرأ,
33,30,,MORPH,[VPART.I],sa/PART_FUT,sa,sa/FUT_PART,MSA,will,prc1:sa_fut,_,_,sa+_,,,,سيقرأ,
34,31,,MORPH,[VPART.J],_,_,_,MSA,_,prc1:0,_,_,_,,,,يقرأ,
35,32,,MORPH,[VPART.J],li/PART_JUS,li,li/JUS_PART,MSA,should,prc1:li_jus,_,_,li+_,,,,ليقرأ,
36,33,,MORPH,[VPART.S],_,_,_,MSA,_,prc1:0,_,_,_,,,,يقرأ,
37,34,,MORPH,[VPART.S],la/PART_EMPHATIC,la,la/EMPHATIC_PART,MSA,indeed/truly,prc1:la_emph,_,_,la+_,,,,ليقرأ,
38,35,,MORPH,[VPART.S],li/CONJ_SUB,li,li/SUB_CONJ,MSA,in_order_(to)/so_(that)/for,prc1:li_sub,_,_,li+_,,,,ليقرأ,
39,36,,MORPH,[VPART.E],_,_,_,MSA,_,prc1:0,_,_,_,,,,ليقرأ,
40,37,,MORPH,[VPART.E],la/PART_EMPHATIC,la,la/EMPHATIC_PART,MSA,indeed/truly,prc1:la_emph,_,_,la+_,,,,ليقرأن,
41,Perfective Verb Post-Stem Buffers,,,,,,,,,,,,,,,,,
42,38,,MORPH,[PVBuff],Buffer,a>,a>/STEM,MSA,,,#-a> else,_,a>,,تُ، نا، تَِ، تم، تما، تنّ، ∅، ت، تا، نَ,أ +,قر +,
43,39,,MORPH,[PVBuff],Buffer,a|,a|/STEM,MSA,,,#-a> A-suff,_,a|,,∅,آ +,قر +,
44,40,,MORPH,[PVBuff],Buffer,a&,a&/STEM,MSA,,,#-a> w-suff,_,a&,,وا,ؤ +,قر +,
45,41,,MORPH,[PVBuff],Buffer,aA,aA/STEM,MSA,,,#-aw z-suff,_,aA,,∅,∅ +,دَعَا +,
46,42,,MORPH,[PVBuff],Buffer,aw,aw/STEM,MSA,,,#-aw c-suff||A-suff,_,aw,,تُ، نا، تَِ، تم،تما، تنّ، نَ,و +,دَعَ +,
47,43,,MORPH,[PVBuff],Buffer,_,_,MSA,,,#-aw else,_,_,,ت، يا، تا، وا,∅ +,دَعَ +,
48,44,,MORPH,[PVBuff],Buffer,aY,aY/STEM,MSA,,,#-ay z-suff else,_,aY,,∅,ى +,رَمَ +,
49,45,,MORPH,[PVBuff],Buffer,aA,aA/STEM,MSA,,,#-ay z-suff enc0,_,aY,ه, + ∅,ا +,رَمَ +,
50,46,,MORPH,[PVBuff],Buffer,ay,ay/STEM,MSA,,,#-ay c-suff||A-suff,_,ay,,تُ، نا، تَِ، تم، تما، تنّ، نَ,ي +,رَمَ +,
51,47,,MORPH,[PVBuff],Buffer,_,_,MSA,,,#-ay else,_,_,,ت، يا، تا، وا, + ∅,رَمَ +,
52,48,,MORPH,[PVBuff],Buffer,aA,aA/STEM,MSA,,,#-ay-A z-suff,_,aA,,,,حيّا,
53,49,,MORPH,[PVBuff],Buffer,ay,ay/STEM,MSA,,,#-ay-A c-suff||A-suff,_,ay,,,,حيّيت حييا,
54,50,,MORPH,[PVBuff],Buffer,_,_,MSA,,,#-ay-A else,_,_,,,,حيوا,
55,51,,MORPH,[PVBuff],Buffer,iy,iy/STEM,MSA,,,#-iy else,_,iy,,,,نسي نسيت,
56,52,,MORPH,[PVBuff],Buffer,_,_,MSA,,,#-iy w-suff,_,_,,,,نسوا,
57,53,,MORPH,[PVBuff],Buffer,}iy,}iy/STEM,MSA,,,#-}iy else,_,iy,,,,ترمي,
58,54,,MORPH,[PVBuff],Buffer,&,&/STEM,MSA,,,#-}iy w-suff,_,_,,,,ترمون ترمين,
59,55,,MORPH,[PVBuff],Buffer,iy',iy'/STEM,MSA,,,#-iy' v-suff z-suff,_,iy',,,,سيء,
60,56,,MORPH,[PVBuff],Buffer,iy},iy}/STEM,MSA,,,#-iy' v-suff else,_,iy},,,,سيئها,
61,57,,MORPH,[PVBuff],Buffer,i},i}/STEM,MSA,,,#-iy' c-suff,_,iy},,,,سيئوا,
62,58,,MORPH,[PVBuff],Buffer,a>,a>/STEM,MSA,,,#-A' c-suff,_,',,,,جاء,
63,59,,MORPH,[PVBuff],Buffer,A',A'/STEM,MSA,,,#-A' else,_,&,,,,جاؤوا,
64,60,,MORPH,[PVBuff],Buffer,A&,A&/STEM,MSA,,,#-A' w-suff,,,,,,,
65,61,,MORPH,[PVBuff],Buffer,aA,aA/STEM,MSA,,,#-aA z-suff,_,aY,,,,رمى,
66,62,,MORPH,[PVBuff],Buffer,ay,ay/STEM,MSA,,,#-aA c-suff||A-suff,_,ay,,,,رمين، رميت، رميا,
67,63,,MORPH,[PVBuff],Buffer,_,_,MSA,,,#-aA else,_,_,,,,رموا,
68,64,,MORPH,[PVBuff],Buffer,_,_,MSA,,,else,_,_,,,,كتب,
69,Perfective Verb Suffixes,,,,,,,,,,,,,,,,,
70,65,,MORPH,[PVSuff],PVSuff.1S,tu,tu/PVSUFF_SUBJ:1S,MSA,I,asp:p per:1 gen:u num:s,else,c-suff,tu,,,,كتبت,
71,66,,MORPH,[PVSuff],PVSuff.1S,~u,~u/PVSUFF_SUBJ:1S,MSA,I,asp:p per:1 gen:u num:s,#t,c-suff,~u,,,,سكت,
72,67,,MORPH,[PVSuff],PVSuff.1P,nA,nA/PVSUFF_SUBJ:1P,MSA,we,asp:p per:1 gen:u num:p,else !enc0:1* ,c-suff,nA,,,,كتبنا,
73,68,,MORPH,[PVSuff],PVSuff.1P,~A,~A/PVSUFF_SUBJ:1P,MSA,we,asp:p per:1 gen:u num:p,#n !enc0:1* ,c-suff,~A,,,,سكنا,
74,69,,MORPH,[PVSuff],PVSuff.2MS,ta,ta/PVSUFF_SUBJ:2MS,MSA,you_[masc.sg.],asp:p per:2 gen:m num:s,else !enc0:2* ,c-suff,ta,,,,كتبت,
75,70,,MORPH,[PVSuff],PVSuff.2MS,~a,~a/PVSUFF_SUBJ:2MS,MSA,you_[masc.sg.],asp:p per:2 gen:m num:s,#t !enc0:2*,c-suff,~a,,,,سكت,
76,71,,MORPH,[PVSuff],PVSuff.2MP,tum ,tum/PVSUFF_SUBJ:2MP,MSA,you_[masc.pl.],asp:p per:2 gen:m num:p,else !enc0:2* else,c-suff,tum ,,,,كتبتم,
77,72,,MORPH,[PVSuff],PVSuff.2MP,tumuw ,tumuw/PVSUFF_SUBJ:2MP,MSA,you_[masc.pl.],asp:p per:2 gen:m num:p,else !enc0:2* enc0,c-suff,tum ,,,,كتبتموها,
78,73,,MORPH,[PVSuff],PVSuff.2MP,~um ,~um/PVSUFF_SUBJ:2MP,MSA,you_[masc.pl.],asp:p per:2 gen:m num:p,#t !enc0:2* else,c-suff,~um ,,,,سكتم,
79,74,,MORPH,[PVSuff],PVSuff.2MP,~umuw ,~umuw/PVSUFF_SUBJ:2MP,MSA,you_[masc.pl.],asp:p per:2 gen:m num:p,#t !enc0:2* enc0,c-suff,~um ,,,,سكتموها,
80,75,,MORPH,[PVSuff],PVSuff.2FS,ti,ti/PVSUFF_SUBJ:2FS,MSA,you_[fem.sg.],asp:p per:2 gen:f num:s,else !enc0:2* ,c-suff #^i,ti,,,,كتبت,
81,76,,MORPH,[PVSuff],PVSuff.2FS,~i,~i/PVSUFF_SUBJ:2FS,MSA,you_[fem.sg.],asp:p per:2 gen:f num:s,#t !enc0:2*,c-suff #^i,~i,,,,سكت,
82,77,,MORPH,[PVSuff],PVSuff.2FP,tun~a,tun~a/PVSUFF_SUBJ:2FP,MSA,you_[fem.pl.],asp:p per:2 gen:f num:p,else !enc0:2* ,c-suff,tun~a,,,,كتبتن,
83,78,,MORPH,[PVSuff],PVSuff.2FP,~un~a,~un~a/PVSUFF_SUBJ:2FP,MSA,you_[fem.pl.],asp:p per:2 gen:f num:p,#t !enc0:2*,c-suff,~un~a,,,,سكتن,
84,79,,MORPH,[PVSuff],PVSuff.2D,tumA,tumA/PVSUFF_SUBJ:2D,MSA,you_[du.],asp:p per:2 gen:u num:d,else !enc0:2*,c-suff,tumA,,,,كتبتما,
85,80,,MORPH,[PVSuff],PVSuff.2D,~umA,~umA/PVSUFF_SUBJ:2D,MSA,you_[du.],asp:p per:2 gen:u num:d,#t !enc0:2*,c-suff,~umA,,,,سكتما,
86,81,,MORPH,[PVSuff],PVSuff.3MS,a,a/PVSUFF_SUBJ:3MS,MSA,he_[masc.sg.],asp:p per:3 gen:m num:s,else,v-suff z-suff,a,,,,كتب,
87,82,,MORPH,[PVSuff],PVSuff.3MS,_,(null)/PVSUFF_SUBJ:3MS,MSA,he_[masc.sg.],asp:p per:3 gen:m num:s,#-ay||#-ay-A||#-aw||#-aA,v-suff z-suff,_,,,,رمى,
88,83,,MORPH,[PVSuff],PVSuff.3MD,A,A/PVSUFF_SUBJ:3MD,MSA,they_[masc.du.],asp:p per:3 gen:m num:d,else,v-suff A-suff,A,,,,كتبا,
89,84,,MORPH,[PVSuff],PVSuff.3MD,_,(null)/PVSUFF_SUBJ:3MD,MSA,they_[masc.du.],asp:p per:3 gen:m num:d,#-a>,v-suff A-suff,_,,,,قرآ,
90,85,,MORPH,[PVSuff],PVSuff.3MP,uwA,uwA/PVSUFF_SUBJ:3MP,MSA,they_[masc.pl.],asp:p per:3 gen:m num:p,else else,v-suff w-suff,uwA,,,,كتبوا,
91,86,,MORPH,[PVSuff],PVSuff.3MP,uw,uw/PVSUFF_SUBJ:3MP,MSA,they_[masc.pl.],asp:p per:3 gen:m num:p,else enc0,v-suff w-suff,uwA,,,,كتبوها,
92,87,,MORPH,[PVSuff],PVSuff.3MP,awoA,awoA/PVSUFF_SUBJ:3MP,MSA,they_[masc.pl.],asp:p per:3 gen:m num:p,#-ay||#-ay-A||#-aw||#-aA else,v-suff w-suff,awA,,,,رموا,
93,88,,MORPH,[PVSuff],PVSuff.3MP,awo,awo/PVSUFF_SUBJ:3MP,MSA,they_[masc.pl.],asp:p per:3 gen:m num:p,#-ay||#-ay-A||#-aw||#-aA enc0,v-suff w-suff,awA,,,,رموه,
94,89,,MORPH,[PVSuff],PVSuff.3FS,at,at/PVSUFF_SUBJ:3FS,MSA,she_[fem.sg.],asp:p per:3 gen:f num:s,else,v-suff,at,,,,كتبت,
95,90,,MORPH,[PVSuff],PVSuff.3FD,atA,atA/PVSUFF_SUBJ:3FD,MSA,they_[fem.du.],asp:p per:3 gen:f num:d,else,v-suff,atA,,,,كتبتا,
96,91,,MORPH,[PVSuff],PVSuff.3FP,na,na/PVSUFF_SUBJ:3FP,MSA,they_[fem.pl.],asp:p per:3 gen:f num:p,else,c-suff,na,,,,كتبن,
97,92,,MORPH,[PVSuff],PVSuff.3FP,~a,~a/PVSUFF_SUBJ:3FP,MSA,they_[fem.pl.],asp:p per:3 gen:f num:p,#n,c-suff,~a,,,,سكن,
98,Imperfective Verb Prefixes,,,,,,,,,,,,,,,,,
99,93,,MORPH,[IVPref.1S],IVPref.1S,>,>/IV1S,MSA,I_[sg.],asp:i per:1 gen:u num:s,else,h-pref,,,,,"أكتب,أؤجل,أساعد",
100,94,,MORPH,[IVPref.1S],IVPref.1S,>,>/IV1S,MSA,I_[sg.],asp:i per:1 gen:u num:s,a-# else,h-pref,,,,,"أكتب,أؤجل,أساعد",
101,95,,MORPH,[IVPref.1S],IVPref.1S,|,|/IV1S,MSA,I_[sg.],asp:i per:1 gen:u num:s,a-# >-#,h-pref,,,,,آكل,
102,96,,MORPH,[IVPref.1P],IVPref.1P,n,n/IV1P,MSA,we_[pl.],asp:i per:1 gen:u num:p,!enc0:1*,_,,,,,نكتب,
103,97,,MORPH,[IVPref.2MS],IVPref.2MS,t,t/IV2MS,MSA,you_[masc.sg.],asp:i per:2 gen:m num:s,!enc0:2*,_,,,,,تكتب,
104,98,,MORPH,[IVPref.2MP],IVPref.2MP,t,t/IV2MP,MSA,you_[masc.pl.],asp:i per:2 gen:m num:p,!enc0:2*,_,,,,,تكتب,
105,99,,MORPH,[IVPref.2FS],IVPref.2FS,t,t/IV2FS,MSA,you_[fem.sg.],asp:i per:2 gen:f num:s,!enc0:2*,_,,,,,تكتب,
106,100,,MORPH,[IVPref.2FP],IVPref.2FP,t,t/IV2FP,MSA,you_[fem.pl.],asp:i per:2 gen:f num:p,!enc0:2*,_,,,,,تكتب,
107,101,,MORPH,[IVPref.2D],IVPref.2D,t,t/IV2D,MSA,you_[du.],asp:i per:2 gen:u num:d,!enc0:2*,_,,,,,تكتب,
108,102,,MORPH,[IVPref.3MS],IVPref.3MS,y,y/IV3MS,MSA,he_[masc.sg.],asp:i per:3 gen:m num:s,_,_,,,,,يكتب,
109,103,,MORPH,[IVPref.3MD],IVPref.3MD,y,y/IV3MD,MSA,they_[masc.du.],asp:i per:3 gen:m num:d,_,_,,,,,يكتب,
110,104,,MORPH,[IVPref.3MP],IVPref.3MP,y,y/IV3MP,MSA,they_[masc.pl.],asp:i per:3 gen:m num:p,_,_,,,,,يكتب,
111,105,,MORPH,[IVPref.3FS],IVPref.3FS,t,t/IV3FS,MSA,she_[fem.sg.],asp:i per:3 gen:f num:s,_,_,,,,,تكتب,
112,106,,MORPH,[IVPref.3FD],IVPref.3FD,t,t/IV3FD,MSA,she_[fem.pl.],asp:i per:3 gen:f num:d,_,_,,,,,تكتب,
113,107,,MORPH,[IVPref.3FP],IVPref.3FP,y,y/IV3FP,MSA,they_[fem.pl.],asp:i per:3 gen:f num:p,_,_,,,,,يكتب,
114,Imperfective Verb Pre-Stem Buffers,,,,,,,,,,,,,,,,,
115,108,,MORPH,[IVPreBuff],Buffer,_,_,MSA,,,a-# >-# h-pref,_,,,,,آكل,
116,109,,MORPH,[IVPreBuff],Buffer,a>,a>/STEM,MSA,,,a-# >-# else,_,,,,,تأكلن,
117,110,,MORPH,[IVPreBuff],Buffer,a,a/STEM,MSA,,,a-# else else,_,,,,,تكتب,
118,111,,MORPH,[IVPreBuff],Buffer,uw,uw/STEM,MSA,,,u-# >-# h-pref,_,,,,,أُوسَر,
119,112,,MORPH,[IVPreBuff],Buffer,u&,u&/STEM,MSA,,,u-# >-# else,_,,,,,تُؤسَر,
120,113,,MORPH,[IVPreBuff],Buffer,u,u/STEM,MSA,,,u-# else else,_,,,,,تساعد,
121,Imperfective Verb Post-Stem Buffers,,,,,,,,,,,,,,,,,
122,114,,MORPH,[IVBuff],Buffer,ay,ay/STEM,MSA,,,#-aA else,_,_,,,,تحيين تحيون,
123,115,,MORPH,[IVBuff],Buffer,a,a/STEM,MSA,,,#-aA z-suff c-suff,_,a,,,,تحيَ,
124,116,,MORPH,[IVBuff],Buffer,A,A/STEM,MSA,,,#-aA z-suff v-suff,_,A,,,,تحيا,
125,117,,MORPH,[IVBuff],Buffer,_,_,MSA,,,#-aA w-suff||y-suff,_,A,,,,تحيا,
126,118,,MORPH,[IVBuff],Buffer,ay,ay/STEM,MSA,,,#-aY else,_,ay,,,,تريان,
127,119,,MORPH,[IVBuff],Buffer,_,_,MSA,,,#-aY w-suff||y-suff,_,_,,,,ترون ترين,
128,120,,MORPH,[IVBuff],Buffer,a,a/STEM,MSA,,,#-aY z-suff c-suff,_,a,,,,ترَ,
129,121,,MORPH,[IVBuff],Buffer,aY,aY/STEM,MSA,,,#-aY z-suff v-suff !enc0,_,aY,,,,ترى,
130,122,,MORPH,[IVBuff],Buffer,A,A/STEM,MSA,,,#-aY z-suff v-suff enc0,_,aY,,,,تراه,
131,123,,MORPH,[IVBuff],Buffer,uw,uw/STEM,MSA,,,#-uw else,_,uw,,,,تدعو,
132,124,,MORPH,[IVBuff],Buffer,uw,uw/STEM,MSA,,,#-uw z-suff else,_,uw,,,,تدعو,
133,125,,MORPH,[IVBuff],Buffer,u,u/STEM,MSA,,,#-uw z-suff c-suff,_,u,,,,تدعُ,
134,126,,MORPH,[IVBuff],Buffer,_,_,MSA,,,#-uw w-suff||y-suff,_,_,,,,تدعون تدعين,
135,127,,MORPH,[IVBuff],Buffer,iy,iy/STEM,MSA,,,#-iy else,_,iy,,,,ترمي,
136,128,,MORPH,[IVBuff],Buffer,_,_,MSA,,,#-iy w-suff||y-suff,_,_,,,,ترمون ترمين,
137,129,,MORPH,[IVBuff],Buffer,i,i/STEM,MSA,,,#-iy z-suff c-suff ,_,i,,,,ترمِ,
138,130,,MORPH,[IVBuff],Buffer,iy,iy/STEM,MSA,,,#-iy z-suff v-suff,_,iy,,,,ترمي,
139,131,,MORPH,[IVBuff],Buffer,a|,a|/STEM,MSA,,,#-a> A-suff,_,a|,,,,تقرآ,
140,132,,MORPH,[IVBuff],Buffer,a>,a>/STEM,MSA,,,#-a> else,_,a>,,,,تقرأَ,
141,133,,MORPH,[IVBuff],Buffer,a>,a>/STEM,MSA,,,#-a> u-suff !enc0,_,a>,,,,تقرأُ,
142,134,,MORPH,[IVBuff],Buffer,a&,a&/STEM,MSA,,,#-a> u-suff enc0,_,a>,,,,تقرؤه,
143,135,,MORPH,[IVBuff],Buffer,a&,a&/STEM,MSA,,,#-a> w-suff,_,a&,,,,تقرؤوا,
144,136,,MORPH,[IVBuff],Buffer,a},a}/STEM,MSA,,,#-a> y-suff,_,a},,,,تقرئي,
145,137,,MORPH,[IVBuff],Buffer,u&,u&/STEM,MSA,,,#-u& else,_,a&,,,,تبطؤ,
146,138,,MORPH,[IVBuff],Buffer,u},u}/STEM,MSA,,,#-u& y-suff,_,a},,,,تبطئي,
147,139,,MORPH,[IVBuff],Buffer,a>,a>/STEM,MSA,,,#-A' c-suff,_,a>,,,,يشأْ يشأن,
148,140,,MORPH,[IVBuff],Buffer,A&,A&/STEM,MSA,,,#-A' w-suff,_,A&,,,,يشاؤون,
149,141,,MORPH,[IVBuff],Buffer,A},A}/STEM,MSA,,,#-A' y-suff,_,A},,,,تشائين,
150,142,,MORPH,[IVBuff],Buffer,A',A'/STEM,MSA,,,#-A' z-suff||A-suff else,_,A',,,,يشاء,
151,143,,MORPH,[IVBuff],Buffer,A&,A&/STEM,MSA,,,#-A' z-suff||A-suff enc0 u-suff,_,A',,,,يشاؤه,
152,144,,MORPH,[IVBuff],Buffer,A',A'/STEM,MSA,,,#-A' z-suff||A-suff enc0 else,_,A',,,,يشاءه,
153,145,,MORPH,[IVBuff],Buffer,A',A'/STEM,MSA,,,#-A' else,_,A',,,,,
154,146,,MORPH,[IVBuff],Buffer,uw',uw'/STEM,MSA,,,#-uw' A-suff,_,uw',,,,,
155,147,,MORPH,[IVBuff],Buffer,u&,u&/STEM,MSA,,,#-uw' c-suff,_,u&,,,,,
156,148,,MORPH,[IVBuff],Buffer,uw},uw}/STEM,MSA,,,#-uw' w-suff||y-suff,_,uw},,,,,
157,149,,MORPH,[IVBuff],Buffer,uw',uw'/STEM,MSA,,,#-uw' z-suff else,_,uw',,,,,
158,150,,MORPH,[IVBuff],Buffer,uw',uw'/STEM,MSA,,,#-uw' z-suff u-suff !enc0,_,uw',,,,,
159,151,,MORPH,[IVBuff],Buffer,uw&,uw&/STEM,MSA,,,#-uw' z-suff u-suff enc0,_,uw',,,,,
160,152,,MORPH,[IVBuff],Buffer,uw',uw'/STEM,MSA,,,#-uw' else,_,uw',,,,,
161,153,,MORPH,[IVBuff],Buffer,i},i}/STEM,MSA,,,#-iy' c-suff,_,i},,,,,
162,154,,MORPH,[IVBuff],Buffer,iy},iy}/STEM,MSA,,,#-iy' else,_,iy},,,,,
163,155,,MORPH,[IVBuff],Buffer,iy',iy'/STEM,MSA,,,#-iy' z-suff !enc0,_,iy',,,,,
164,156,,MORPH,[IVBuff],Buffer,iy},iy}/STEM,MSA,,,#-iy' z-suff enc0,_,iy',,,,,
165,157,,MORPH,[IVBuff],Buffer,}iy,}iy/STEM,MSA,,,#-}iy else,_,iy,,,,,
166,158,,MORPH,[IVBuff],Buffer,}iy,}iy/STEM,MSA,,,#-}iy c-suff else,_,iy,,,,,
167,159,,MORPH,[IVBuff],Buffer,}i,}i/STEM,MSA,,,#-}iy c-suff z-suff,_,iy,,,,,
168,160,,MORPH,[IVBuff],Buffer,},}/STEM,MSA,,,#-}iy y-suff,_,iy,,,,,
169,161,,MORPH,[IVBuff],Buffer,&,&/STEM,MSA,,,#-}iy w-suff,_,_,,,,,
170,162,,MORPH,[IVBuff],Buffer,>ay,>ay/STEM,MSA,,,#->ay else,_,ay,,,,تريان,
171,163,,MORPH,[IVBuff],Buffer,>,>/STEM,MSA,,,#->ay w-suff||y-suff,_,_,,,,ترون ترين,
172,164,,MORPH,[IVBuff],Buffer,>a,>a/STEM,MSA,,,#->ay z-suff c-suff,_,a,,,,ترَ,
173,165,,MORPH,[IVBuff],Buffer,>aY,>aY/STEM,MSA,,,#->ay z-suff v-suff !enc0,_,aY,,,,ترى,
174,166,,MORPH,[IVBuff],Buffer,|,|/STEM,MSA,,,#->ay z-suff v-suff enc0,_,aY,,,,تراه,
175,167,,MORPH,[IVBuff],Buffer,_,_,MSA,,,else,_,_,,,,,
176,Imperfective Verb Suffixes - Indicative Mood,,,,,,,,,,,,,,,,,
177,168,,MORPH,[IVSuff.I.1P],IVSuff.1P,u,u/IVSUFF_SUBJ:1P_MOOD:I,MSA,[pl.],asp:i per:1 gen:u num:p mod:i,else,v-suff u-suff z-suff,u,,,,نكتب,
178,169,,MORPH,[IVSuff.I.1P],IVSuff.1P,_,(null)/IVSUFF_SUBJ:1P_MOOD:I,MSA,[pl.],asp:i per:1 gen:u num:p mod:i,#-aY||#-uw||#-aA||#->ay,v-suff u-suff z-suff,_,,,,"نرا، نرى, ندعو, نرمي",
179,170,,MORPH,[IVSuff.I.1P],IVSuff.1P,_,(null)/IVSUFF_SUBJ:1P_MOOD:I,MSA,[pl.],asp:i per:1 gen:u num:p mod:i,#-iy||#-}iy,v-suff u-suff z-suff #^iy,_,,,,نرمي,
180,171,,MORPH,[IVSuff.I.1S],IVSuff.1S,u,u/IVSUFF_SUBJ:1S_MOOD:I,MSA,[sg.],asp:i per:1 gen:u num:s mod:i,else,v-suff u-suff z-suff,u,,,,أكتب,
181,172,,MORPH,[IVSuff.I.1S],IVSuff.1S,_,(null)/IVSUFF_SUBJ:1S_MOOD:I,MSA,[sg.],asp:i per:1 gen:u num:s mod:i,#-aY||#-uw||#-aA||#->ay,v-suff u-suff z-suff,_,,,,أراه، أرى,
182,173,,MORPH,[IVSuff.I.1S],IVSuff.1S,_,(null)/IVSUFF_SUBJ:1S_MOOD:I,MSA,[sg.],asp:i per:1 gen:u num:s mod:i,#-iy||#-}iy,v-suff u-suff z-suff #^iy,_,,,,أرمي,
183,174,,MORPH,[IVSuff.I.2D],IVSuff.2D,Ani,Ani/IVSUFF_SUBJ:2D_MOOD:I,MSA,[du.],asp:i per:2 gen:u num:d mod:i,else,v-suff A-suff #^i,Ani,,,,تكتبان,
184,175,,MORPH,[IVSuff.I.2D],IVSuff.2D,ni,ni/IVSUFF_SUBJ:2D_MOOD:I,MSA,[du.],asp:i per:2 gen:u num:d mod:i,#-a>,v-suff A-suff #^i,ni,,,,تقرآن,
185,176,,MORPH,[IVSuff.I.2FP],IVSuff.2FP,na,na/IVSUFF_SUBJ:2FP_MOOD:I,MSA,[fem.pl.],asp:i per:2 gen:f num:p mod:i,else,c-suff,na,,,,تكتبن,
186,177,,MORPH,[IVSuff.I.2FP],IVSuff.2FP,~a,~a/IVSUFF_SUBJ:2FP_MOOD:I,MSA,[fem.pl.],asp:i per:2 gen:f num:p mod:i,#n,c-suff,~a,,,,تسكنّ,
187,178,,MORPH,[IVSuff.I.2FS],IVSuff.2FS,iyna,iyna/IVSUFF_SUBJ:2FS_MOOD:I,MSA,[fem.sg.],asp:i per:2 gen:f num:s mod:i,else,v-suff y-suff,iyna,,,,تكتبين,
188,179,,MORPH,[IVSuff.I.2FS],IVSuff.2FS,ayna,ayna/IVSUFF_SUBJ:2FS_MOOD:I,MSA,[fem.sg.],asp:i per:2 gen:f num:s mod:i,#-aY||#-aA||#->ay,y-suff,ayna,,,,ترين,
189,180,,MORPH,[IVSuff.I.2MP],IVSuff.2MP,uwna,uwna/IVSUFF_SUBJ:2MP_MOOD:I,MSA,[masc.pl.],asp:i per:2 gen:m num:p mod:i,else,v-suff w-suff,uwna,,,,تكتبون,
190,181,,MORPH,[IVSuff.I.2MP],IVSuff.2MP,awna,awna/IVSUFF_SUBJ:2MP_MOOD:I,MSA,[masc.pl.],asp:i per:2 gen:m num:p mod:i,#-aY||#-aA||#->ay,w-suff,awna,,,,ترون,
191,182,,MORPH,[IVSuff.I.2MS],IVSuff.2MS,u,u/IVSUFF_SUBJ:2MS_MOOD:I,MSA,[masc.sg.],asp:i per:2 gen:m num:s mod:i,else,v-suff u-suff z-suff,u,,,,تكتب,
192,183,,MORPH,[IVSuff.I.2MS],IVSuff.2MS,_,(null)/IVSUFF_SUBJ:2MS_MOOD:I,MSA,[masc.sg.],asp:i per:2 gen:m num:s mod:i,#-aY||#-uw||#-aA||#->ay,v-suff u-suff z-suff,_,,,,ترا، ترى,
193,184,,MORPH,[IVSuff.I.2MS],IVSuff.2MS,_,(null)/IVSUFF_SUBJ:2MS_MOOD:I,MSA,[masc.sg.],asp:i per:2 gen:m num:s mod:i,#-iy||#-}iy,v-suff u-suff z-suff #^iy,_,,,,ترمي,
194,185,,MORPH,[IVSuff.I.3FD],IVSuff.3FD,Ani,Ani/IVSUFF_SUBJ:3FD_MOOD:I,MSA,[fem.du.],asp:i per:3 gen:f num:d mod:i,else,v-suff A-suff #^i,Ani,,,,تكتبان,
195,186,,MORPH,[IVSuff.I.3FD],IVSuff.3FD,ni,ni/IVSUFF_SUBJ:3FD_MOOD:I,MSA,[fem.du.],asp:i per:3 gen:f num:d mod:i,#-a>,v-suff A-suff #^i,ni,,,,تقرآن,
196,187,,MORPH,[IVSuff.I.3FP],IVSuff.3FP,na,na/IVSUFF_SUBJ:3FP_MOOD:I,MSA,[fem.pl.],asp:i per:3 gen:f num:p mod:i,else,c-suff,na,,,,يكتبن,
197,188,,MORPH,[IVSuff.I.3FP],IVSuff.3FP,~a,~a/IVSUFF_SUBJ:3FP_MOOD:I,MSA,[fem.pl.],asp:i per:3 gen:f num:p mod:i,#n,c-suff,~a,,,,يسكنّ,
198,189,,MORPH,[IVSuff.I.3FS],IVSuff.3FS,u,u/IVSUFF_SUBJ:3FS_MOOD:I,MSA,[fem.sg.],asp:i per:3 gen:f num:s mod:i,else,v-suff u-suff z-suff,u,,,,تكتب,
199,190,,MORPH,[IVSuff.I.3FS],IVSuff.3FS,_,(null)/IVSUFF_SUBJ:3FS_MOOD:I,MSA,[fem.sg.],asp:i per:3 gen:f num:s mod:i,#-aY||#-uw||#-aA||#->ay,v-suff u-suff z-suff,_,,,,ترا، ترى,
200,191,,MORPH,[IVSuff.I.3FS],IVSuff.3FS,_,(null)/IVSUFF_SUBJ:3FS_MOOD:I,MSA,[fem.sg.],asp:i per:3 gen:f num:s mod:i,#-iy||#-}iy,v-suff u-suff z-suff #^iy,_,,,,ترمي,
201,192,,MORPH,[IVSuff.I.3MD],IVSuff.3MD,Ani,Ani/IVSUFF_SUBJ:3MD_MOOD:I,MSA,[masc.du.],asp:i per:3 gen:m num:d mod:i,else,v-suff A-suff #^i,Ani,,,,يكتبان,
202,193,,MORPH,[IVSuff.I.3MD],IVSuff.3MD,ni,ni/IVSUFF_SUBJ:3MD_MOOD:I,MSA,[masc.du.],asp:i per:3 gen:m num:d mod:i,#-a>,v-suff A-suff #^i,ni,,,,تقرآن,
203,194,,MORPH,[IVSuff.I.3MP],IVSuff.3MP,uwna,uwna/IVSUFF_SUBJ:3MP_MOOD:I,MSA,[masc.pl.],asp:i per:3 gen:m num:p mod:i,else,v-suff w-suff,uwna,,,,يكتبون,
204,195,,MORPH,[IVSuff.I.3MP],IVSuff.3MP,awna,awna/IVSUFF_SUBJ:3MP_MOOD:I,MSA,[masc.pl.],asp:i per:3 gen:m num:p mod:i,#-aY||#-aA||#->ay,w-suff,awna,,,,يرون,
205,196,,MORPH,[IVSuff.I.3MS],IVSuff.3MS,u,u/IVSUFF_SUBJ:3MS_MOOD:I,MSA,[masc.sg.],asp:i per:3 gen:m num:s mod:i,else,v-suff u-suff z-suff,u,,,,يكتب,
206,197,,MORPH,[IVSuff.I.3MS],IVSuff.3MS,_,(null)/IVSUFF_SUBJ:3MS_MOOD:I,MSA,[masc.sg.],asp:i per:3 gen:m num:s mod:i,#-aY||#-uw||#-aA||#->ay,v-suff u-suff z-suff,_,,,,يرا، يرى,
207,198,,MORPH,[IVSuff.I.3MS],IVSuff.3MS,_,(null)/IVSUFF_SUBJ:3MS_MOOD:I,MSA,[masc.sg.],asp:i per:3 gen:m num:s mod:i,#-iy||#-}iy,v-suff u-suff z-suff #^iy,_,,,,يرمي,
208,Imperfective Verb Suffixes - Jussive Mood,,,,,,,,,,,,,,,,,
209,199,,MORPH,[IVSuff.J.1P],IVSuff.1P,_,(null)/IVSUFF_SUBJ:1P_MOOD:J,MSA,[pl.],asp:i per:1 gen:u num:p mod:j,#-aY||#-uw||#-aA||#->ay,c-suff z-suff,_,,,,نر,
210,200,,MORPH,[IVSuff.J.1P],IVSuff.1P,_,(null)/IVSUFF_SUBJ:1P_MOOD:J,MSA,[pl.],asp:i per:1 gen:u num:p mod:j,#-iy||#-}iy,c-suff z-suff #^i,_,,,,نرمِ,
211,201,,MORPH,[IVSuff.J.1P],IVSuff.1P,a,a/IVSUFF_SUBJ:1P_MOOD:J,MSA,[pl.],asp:i per:1 gen:u num:p mod:j,else gem,v-suff,a,,,,لم نمدَّ,
212,202,,MORPH,[IVSuff.J.1P],IVSuff.1P,o,o/IVSUFF_SUBJ:1P_MOOD:J,MSA,[pl.],asp:i per:1 gen:u num:p mod:j,else else,c-suff,o,,,,نكتبْ,
213,203,,MORPH,[IVSuff.J.1S],IVSuff.1S,_,(null)/IVSUFF_SUBJ:1S_MOOD:J,MSA,[sg.],asp:i per:1 gen:u num:s mod:j,#-aY||#-uw||#-aA||#->ay,c-suff z-suff,_,,,,أر,
214,204,,MORPH,[IVSuff.J.1S],IVSuff.1S,_,(null)/IVSUFF_SUBJ:1S_MOOD:J,MSA,[sg.],asp:i per:1 gen:u num:s mod:j,#-iy||#-}iy,c-suff z-suff #^i,_,,,,أرمِ,
215,205,,MORPH,[IVSuff.J.1S],IVSuff.1S,a,a/IVSUFF_SUBJ:1S_MOOD:J,MSA,[sg.],asp:i per:1 gen:u num:s mod:j,else gem,v-suff,a,,,,لم أمدَّ,
216,206,,MORPH,[IVSuff.J.1S],IVSuff.1S,o,o/IVSUFF_SUBJ:1S_MOOD:J,MSA,[sg.],asp:i per:1 gen:u num:s mod:j,else else,c-suff,o,,,,أكتبْ,
217,207,,MORPH,[IVSuff.J.2D],IVSuff.2D,_,(null)/IVSUFF_SUBJ:2D_MOOD:J,MSA,[du.],asp:i per:2 gen:u num:d mod:j,#-a>,v-suff A-suff,_,,,,تقرآ,
218,208,,MORPH,[IVSuff.J.2D],IVSuff.2D,A,A/IVSUFF_SUBJ:2D_MOOD:J,MSA,[du.],asp:i per:2 gen:u num:d mod:j,else,v-suff A-suff,A,,,,تكتبا,
219,209,,MORPH,[IVSuff.J.2FP],IVSuff.2FP,~a,~a/IVSUFF_SUBJ:2FP_MOOD:J,MSA,[fem.pl.],asp:i per:2 gen:f num:p mod:j,#n,c-suff,~a,,,,تسكنّ,
220,210,,MORPH,[IVSuff.J.2FP],IVSuff.2FP,na,na/IVSUFF_SUBJ:2FP_MOOD:J,MSA,[fem.pl.],asp:i per:2 gen:f num:p mod:j,else,c-suff,na,,,,تكتبن,
221,211,,MORPH,[IVSuff.J.2FS],IVSuff.2FS,ay,ay/IVSUFF_SUBJ:2FS_MOOD:J,MSA,[fem.sg.],asp:i per:2 gen:f num:s mod:j,#-aY||#-aA||#->ay,y-suff #^iy,ay,,,,تري,
222,212,,MORPH,[IVSuff.J.2FS],IVSuff.2FS,iy,iy/IVSUFF_SUBJ:2FS_MOOD:J,MSA,[fem.sg.],asp:i per:2 gen:f num:s mod:j,else,v-suff y-suff #^iy,iy,,,,تكتبي,
223,213,,MORPH,[IVSuff.J.2MP],IVSuff.2MP,aw,aw/IVSUFF_SUBJ:2MP_MOOD:J,MSA,[masc.pl.],asp:i per:2 gen:m num:p mod:j,#-aY||#-aA||#->ay enc0,w-suff,awA,,,,تروها,
224,214,,MORPH,[IVSuff.J.2MP],IVSuff.2MP,awA,awA/IVSUFF_SUBJ:2MP_MOOD:J,MSA,[masc.pl.],asp:i per:2 gen:m num:p mod:j,#-aY||#-aA||#->ay else,w-suff,awA,,,,تروا,
225,215,,MORPH,[IVSuff.J.2MP],IVSuff.2MP,uw,uw/IVSUFF_SUBJ:2MP_MOOD:J,MSA,[masc.pl.],asp:i per:2 gen:m num:p mod:j,else enc0,v-suff w-suff,uwA,,,,تكتبوه,
226,216,,MORPH,[IVSuff.J.2MP],IVSuff.2MP,uwA,uwA/IVSUFF_SUBJ:2MP_MOOD:J,MSA,[masc.pl.],asp:i per:2 gen:m num:p mod:j,else else,v-suff w-suff,uwA,,,,تكتبوا,
227,217,,MORPH,[IVSuff.J.2MS],IVSuff.2MS,_,(null)/IVSUFF_SUBJ:2MS_MOOD:J,MSA,[masc.sg.],asp:i per:2 gen:m num:s mod:j,#-aY||#-uw||#-aA||#->ay else,c-suff z-suff,_,,,,تر,
228,218,,MORPH,[IVSuff.J.2MS],IVSuff.2MS,_,(null)/IVSUFF_SUBJ:2MS_MOOD:J,MSA,[masc.sg.],asp:i per:2 gen:m num:s mod:j,#-iy||#-}iy else,c-suff z-suff #^i,_,,,,ترمِ,
229,219,,MORPH,[IVSuff.J.2MS],IVSuff.2MS,a,a/IVSUFF_SUBJ:2MS_MOOD:J,MSA,[masc.sg.],asp:i per:2 gen:m num:s mod:j,else gem,v-suff,a,,,,لم تمدَّ,
230,220,,MORPH,[IVSuff.J.2MS],IVSuff.2MS,o,o/IVSUFF_SUBJ:2MS_MOOD:J,MSA,[masc.sg.],asp:i per:2 gen:m num:s mod:j,else else,c-suff,o,,,,تكتبْ,
231,221,,MORPH,[IVSuff.J.3FD],IVSuff.3FD,_,(null)/IVSUFF_SUBJ:3FD_MOOD:J,MSA,[fem.du.],asp:i per:3 gen:f num:d mod:j,#-a>,v-suff A-suff,_,,,,تقرآ,
232,222,,MORPH,[IVSuff.J.3FD],IVSuff.3FD,aA,aA/IVSUFF_SUBJ:3FD_MOOD:J,MSA,[fem.du.],asp:i per:3 gen:f num:d mod:j,#-uw,v-suff A-suff,A,,,,تكتبا,
233,223,,MORPH,[IVSuff.J.3FD],IVSuff.3FD,A,A/IVSUFF_SUBJ:3FD_MOOD:J,MSA,[fem.du.],asp:i per:3 gen:f num:d mod:j,else,v-suff A-suff,A,,,,تكتبا,
234,224,,MORPH,[IVSuff.J.3FP],IVSuff.3FP,~a,~a/IVSUFF_SUBJ:3FP_MOOD:J,MSA,[fem.pl.],asp:i per:3 gen:f num:p mod:j,#n,c-suff,~a,,,,يسكنّ,
235,225,,MORPH,[IVSuff.J.3FP],IVSuff.3FP,na,na/IVSUFF_SUBJ:3FP_MOOD:J,MSA,[fem.pl.],asp:i per:3 gen:f num:p mod:j,else,c-suff,na,,,,يكتبن,
236,226,,MORPH,[IVSuff.J.3FS],IVSuff.3FS,_,(null)/IVSUFF_SUBJ:3FS_MOOD:J,MSA,[fem.sg.],asp:i per:3 gen:f num:s mod:j,#-aY||#-uw||#-aA||#->ay else,c-suff z-suff,_,,,,تر,
237,227,,MORPH,[IVSuff.J.3FS],IVSuff.3FS,_,(null)/IVSUFF_SUBJ:3FS_MOOD:J,MSA,[fem.sg.],asp:i per:3 gen:f num:s mod:j,#-iy||#-}iy else,c-suff z-suff #^i,_,,,,ترمِ,
238,228,,MORPH,[IVSuff.J.3FS],IVSuff.3FS,a,a/IVSUFF_SUBJ:3FS_MOOD:J,MSA,[fem.sg.],asp:i per:3 gen:f num:s mod:j,else gem,v-suff,a,,,,لم تمدَّ,
239,229,,MORPH,[IVSuff.J.3FS],IVSuff.3FS,o,o/IVSUFF_SUBJ:3FS_MOOD:J,MSA,[fem.sg.],asp:i per:3 gen:f num:s mod:j,else else,c-suff,o,,,,تكتبْ,
240,230,,MORPH,[IVSuff.J.3MD],IVSuff.3MD,_,(null)/IVSUFF_SUBJ:3MD_MOOD:J,MSA,[masc.du.],asp:i per:2 gen:m num:d mod:j,#-a>,v-suff A-suff,_,,,,تقرآ,
241,231,,MORPH,[IVSuff.J.3MD],IVSuff.3MD,aA,aA/IVSUFF_SUBJ:3MD_MOOD:J,MSA,[masc.du.],asp:i per:3 gen:m num:d mod:j,#-uw,v-suff A-suff,A,,,,يكتبا,
242,232,,MORPH,[IVSuff.J.3MD],IVSuff.3MD,A,A/IVSUFF_SUBJ:3MD_MOOD:J,MSA,[masc.du.],asp:i per:3 gen:m num:d mod:j,else,v-suff A-suff,A,,,,يكتبا,
243,233,,MORPH,[IVSuff.J.3MP],IVSuff.3MP,aw,awA/IVSUFF_SUBJ:3MP_MOOD:J,MSA,[masc.pl.],asp:i per:3 gen:m num:p mod:j,#-aY||#-aA||#->ay enc0,w-suff,awA,,,,يروها,
244,234,,MORPH,[IVSuff.J.3MP],IVSuff.3MP,awA,awA/IVSUFF_SUBJ:3MP_MOOD:J,MSA,[masc.pl.],asp:i per:3 gen:m num:p mod:j,#-aY||#-aA||#->ay else,w-suff,awA,,,,يروا,
245,235,,MORPH,[IVSuff.J.3MP],IVSuff.3MP,uw,uwA/IVSUFF_SUBJ:3MP_MOOD:J,MSA,[masc.pl.],asp:i per:3 gen:m num:p mod:j,else enc0,v-suff w-suff,uwA,,,,يكتبوه,
246,236,,MORPH,[IVSuff.J.3MP],IVSuff.3MP,uwA,uwA/IVSUFF_SUBJ:3MP_MOOD:J,MSA,[masc.pl.],asp:i per:3 gen:m num:p mod:j,else else,v-suff w-suff,uwA,,,,يكتبوا,
247,237,,MORPH,[IVSuff.J.3MS],IVSuff.3MS,_,(null)/IVSUFF_SUBJ:3MS_MOOD:J,MSA,[masc.sg.],asp:i per:3 gen:m num:s mod:j,#-aY||#-uw||#-aA||#->ay else,c-suff z-suff,_,,,,ير ,
248,238,,MORPH,[IVSuff.J.3MS],IVSuff.3MS,_,(null)/IVSUFF_SUBJ:3MS_MOOD:J,MSA,[masc.sg.],asp:i per:3 gen:m num:s mod:j,#-iy||#-}iy else,c-suff z-suff #^i,_,,,,يرمِ,
249,239,,MORPH,[IVSuff.J.3MS],IVSuff.3MS,o,o/IVSUFF_SUBJ:3MS_MOOD:J,MSA,[masc.sg.],asp:i per:3 gen:m num:s mod:j,else else,c-suff,o,,,,يكتبْ,
250,240,,MORPH,[IVSuff.J.3MS],IVSuff.3MS,a,a/IVSUFF_SUBJ:3MS_MOOD:J,MSA,[masc.sg.],asp:i per:3 gen:m num:s mod:j,else gem,v-suff,a,,,,لم يمدَّ,
251,Imperfective Verb Suffixes - Subjunctive Mood,,,,,,,,,,,,,,,,,
252,241,,MORPH,[IVSuff.S.1P],IVSuff.1P,a,a/IVSUFF_SUBJ:1P_MOOD:S,MSA,[pl.],asp:i per:1 gen:u num:p mod:s,else,v-suff a-suff z-suff,a,,,,نكتب,
253,242,,MORPH,[IVSuff.S.1P],IVSuff.1P,_,(null)/IVSUFF_SUBJ:1P_MOOD:S,MSA,[pl.],asp:i per:1 gen:u num:p mod:s,#-aY||#-aA||#->ay,v-suff a-suff z-suff,_,,,,نرا,
254,243,,MORPH,[IVSuff.S.1S],IVSuff.1S,a,a/IVSUFF_SUBJ:1S_MOOD:S,MSA,[sg.],asp:i per:1 gen:u num:s mod:s,else,v-suff a-suff z-suff,a,,,,أكتب,
255,244,,MORPH,[IVSuff.S.1S],IVSuff.1S,_,(null)/IVSUFF_SUBJ:1S_MOOD:S,MSA,[sg.],asp:i per:1 gen:u num:s mod:s,#-aY||#-aA||#->ay,v-suff a-suff z-suff,_,,,,أراه، أرى,
256,245,,MORPH,[IVSuff.S.2D],IVSuff.2D,A,A/IVSUFF_SUBJ:2D_MOOD:S,MSA,[du.],asp:i per:2 gen:u num:d mod:s,else,v-suff A-suff,A,,,,تكتبا,
257,246,,MORPH,[IVSuff.S.2D],IVSuff.2D,_,(null)/IVSUFF_SUBJ:2D_MOOD:S,MSA,[du.],asp:i per:2 gen:u num:d mod:s,#-a>,v-suff A-suff,_,,,,تقرآ,
258,247,,MORPH,[IVSuff.S.2FP],IVSuff.2FP,na,na/IVSUFF_SUBJ:2FP_MOOD:S,MSA,[fem.pl.],asp:i per:2 gen:f num:p mod:s,else,c-suff,na,,,,تكتبن,
259,248,,MORPH,[IVSuff.S.2FP],IVSuff.2FP,~a,~a/IVSUFF_SUBJ:2FP_MOOD:S,MSA,[fem.pl.],asp:i per:2 gen:f num:p mod:s,#n,c-suff,~a,,,,تسكنّ,
260,249,,MORPH,[IVSuff.S.2FS],IVSuff.2FS,iy,iy/IVSUFF_SUBJ:2FS_MOOD:S,MSA,[fem.sg.],asp:i per:2 gen:f num:s mod:s,else,v-suff y-suff #^iy,iy,,,,تكتبي,
261,250,,MORPH,[IVSuff.S.2FS],IVSuff.2FS,ay,ay/IVSUFF_SUBJ:2FS_MOOD:S,MSA,[fem.sg.],asp:i per:2 gen:f num:s mod:s,#-aY||#-aA||#->ay,y-suff #^iy,ay,,,,تري,
262,251,,MORPH,[IVSuff.S.2MP],IVSuff.2MP,uwA,uwA/IVSUFF_SUBJ:2MP_MOOD:S,MSA,[masc.pl.],asp:i per:2 gen:m num:p mod:s,else else,v-suff w-suff,uwA,,,,تكتبوا,
263,252,,MORPH,[IVSuff.S.2MP],IVSuff.2MP,uw,uwA/IVSUFF_SUBJ:2MP_MOOD:S,MSA,[masc.pl.],asp:i per:2 gen:m num:p mod:s,else enc0,v-suff w-suff,uwA,,,,تكتبوه,
264,253,,MORPH,[IVSuff.S.2MP],IVSuff.2MP,aw,awA/IVSUFF_SUBJ:2MP_MOOD:S,MSA,[masc.pl.],asp:i per:2 gen:m num:p mod:s,#-aY||#-aA||#->ay enc0,w-suff,awA,,,,تروه,
265,254,,MORPH,[IVSuff.S.2MP],IVSuff.2MP,awA,awA/IVSUFF_SUBJ:2MP_MOOD:S,MSA,[masc.pl.],asp:i per:2 gen:m num:p mod:s,#-aY||#-aA||#->ay else,w-suff,awA,,,,تروا,
266,255,,MORPH,[IVSuff.S.2MS],IVSuff.2MS,a,a/IVSUFF_SUBJ:2MS_MOOD:S,MSA,[masc.sg.],asp:i per:2 gen:m num:s mod:s,else,v-suff a-suff z-suff,a,,,,تكتب,
267,256,,MORPH,[IVSuff.S.2MS],IVSuff.2MS,_,(null)/IVSUFF_SUBJ:2MS_MOOD:S,MSA,[masc.sg.],asp:i per:2 gen:m num:s mod:s,#-aY||#-aA||#->ay,v-suff a-suff z-suff,_,,,,ترا,
268,257,,MORPH,[IVSuff.S.3FD],IVSuff.3FD,A,A/IVSUFF_SUBJ:3FD_MOOD:S,MSA,[fem.du.],asp:i per:3 gen:f num:d mod:s,else,v-suff A-suff,A,,,,تكتبا,
269,258,,MORPH,[IVSuff.S.3FD],IVSuff.3FD,_,(null)/IVSUFF_SUBJ:3FD_MOOD:S,MSA,[fem.du.],asp:i per:3 gen:f num:d mod:s,#-a>,v-suff A-suff,_,,,,تقرآ,
270,259,,MORPH,[IVSuff.S.3FP],IVSuff.3FP,na,na/IVSUFF_SUBJ:3FP_MOOD:S,MSA,[fem.pl.],asp:i per:3 gen:f num:p mod:s,else,c-suff,na,,,,يكتبن,
271,260,,MORPH,[IVSuff.S.3FP],IVSuff.3FP,~a,~a/IVSUFF_SUBJ:3FP_MOOD:S,MSA,[fem.pl.],asp:i per:3 gen:f num:p mod:s,#n,c-suff,~a,,,,يسكنّ,
272,261,,MORPH,[IVSuff.S.3FS],IVSuff.3FS,a,a/IVSUFF_SUBJ:3FS_MOOD:S,MSA,[fem.sg.],asp:i per:3 gen:f num:s mod:s,else,v-suff a-suff z-suff,a,,,,تكتب,
273,262,,MORPH,[IVSuff.S.3FS],IVSuff.3FS,_,(null)/IVSUFF_SUBJ:3FS_MOOD:S,MSA,[fem.sg.],asp:i per:3 gen:f num:s mod:s,#-aY||#-aA||#->ay,v-suff a-suff z-suff,_,,,,ترى,
274,263,,MORPH,[IVSuff.S.3MD],IVSuff.3MD,A,A/IVSUFF_SUBJ:3MD_MOOD:S,MSA,[masc.du.],asp:i per:3 gen:m num:d mod:s,else,v-suff A-suff,A,,,,يكتبا,
275,264,,MORPH,[IVSuff.S.3MD],IVSuff.3MD,_,(null)/IVSUFF_SUBJ:3MD_MOOD:S,MSA,[masc.du.],asp:i per:3 gen:m num:d mod:s,#-a>,v-suff A-suff,_,,,,تقرآ,
276,265,,MORPH,[IVSuff.S.3MP],IVSuff.3MP,uwA,uwA/IVSUFF_SUBJ:3MP_MOOD:S,MSA,[masc.pl.],asp:i per:3 gen:m num:p mod:s,else else,v-suff w-suff,uwA,,,,يكتبوا,
277,266,,MORPH,[IVSuff.S.3MP],IVSuff.3MP,uw,uwA/IVSUFF_SUBJ:3MP_MOOD:S,MSA,[masc.pl.],asp:i per:3 gen:m num:p mod:s,else enc0,v-suff w-suff,uwA,,,,يكتبوه,
278,267,,MORPH,[IVSuff.S.3MP],IVSuff.3MP,aw,awA/IVSUFF_SUBJ:3MP_MOOD:S,MSA,[masc.pl.],asp:i per:3 gen:m num:p mod:s,#-aY||#-aA||#->ay enc0                                                                                                                ,w-suff,awA,,,,يروه,
279,268,,MORPH,[IVSuff.S.3MP],IVSuff.3MP,awA,awA/IVSUFF_SUBJ:3MP_MOOD:S,MSA,[masc.pl.],asp:i per:3 gen:m num:p mod:s,#-aY||#-aA||#->ay else,w-suff,awA,,,,يروا,
280,269,,MORPH,[IVSuff.S.3MS],IVSuff.3MS,a,a/IVSUFF_SUBJ:3MS_MOOD:S,MSA,[masc.sg.],asp:i per:3 gen:m num:s mod:s,else,v-suff a-suff z-suff,a,,,,يكتب,
281,270,,MORPH,[IVSuff.S.3MS],IVSuff.3MS,_,(null)/IVSUFF_SUBJ:3MS_MOOD:S,MSA,[masc.sg.],asp:i per:3 gen:m num:s mod:s,#-aY||#-aA||#->ay,v-suff a-suff z-suff,_,,,,يرا,
282,Imperfective Verb Suffixes - Energetic Mood,,,,,,,,,,,,,,,,,
283,271,,MORPH,[IVSuff.E.1P],IVSuff.1P,ano,ano/IVSUFF_SUBJ:1P_MOOD:E,MSA||CA,[pl.],asp:i per:1 gen:u num:p mod:e,_,v-suff,ano,,,,نكتبَنْ نريَنْ,L
284,272,,MORPH,[IVSuff.E.1S],IVSuff.1S,ano,ano/IVSUFF_SUBJ:1S_MOOD:E,MSA||CA,[sg.],asp:i per:1 gen:u num:s mod:e,_,v-suff,ano,,,,أكتبَن أرين,L
285,273,,MORPH,[IVSuff.E.2D],IVSuff.2D,An~i,An~i/IVSUFF_SUBJ:2D_MOOD:E,MSA||CA,[du.],asp:i per:2 gen:u num:d mod:e,else,v-suff A-suff #^i,An~i,,,,تكتبانِّ,HL
286,274,,MORPH,[IVSuff.E.2D],IVSuff.2D,n~i,n~i/IVSUFF_SUBJ:2D_MOOD:E,MSA||CA,[du.],asp:i per:2 gen:u num:d mod:e,#-a>,v-suff A-suff #^i,n~i,,,,تقرآنِّ,HL
287,275,,MORPH,[IVSuff.E.2FP],IVSuff.2FP,nAn~i,nAn~i/IVSUFF_SUBJ:2FP_MOOD:E,MSA||CA,[fem.pl.],asp:i per:2 gen:f num:p mod:e,else,c-suff #^i,nAn~i,,,,تكتبنان,HL
288,276,,MORPH,[IVSuff.E.2FP],IVSuff.2FP,~An~i,~An~i/IVSUFF_SUBJ:2FP_MOOD:E,MSA||CA,[fem.pl.],asp:i per:2 gen:f num:p mod:e,#n,c-suff #^i,~An~i,,,,تسكنّان,HL
289,277,,MORPH,[IVSuff.E.2FS],IVSuff.2FS,ino,ino/IVSUFF_SUBJ:2FS_MOOD:E,MSA||CA,[fem.sg.],asp:i per:2 gen:f num:s mod:e,else,v-suff y-suff,ino,,,,تكتبِنَّ,L
290,278,,MORPH,[IVSuff.E.2FS],IVSuff.2FS,ayino,ayino/IVSUFF_SUBJ:2FS_MOOD:E,MSA||CA,[fem.sg.],asp:i per:2 gen:f num:s mod:e,#-aY||#-aA||#->ay,y-suff,ayino,,,,تريِنَّ,L
291,279,,MORPH,[IVSuff.E.2MP],IVSuff.2MP,uno,uno/IVSUFF_SUBJ:2MP_MOOD:E,MSA||CA,[masc.pl.],asp:i per:2 gen:m num:p mod:e,else,v-suff w-suff,uno,,,,تكتبُنْ,L
292,280,,MORPH,[IVSuff.E.2MP],IVSuff.2MP,awuno,awuno/IVSUFF_SUBJ:2MP_MOOD:E,MSA||CA,[masc.pl.],asp:i per:2 gen:m num:p mod:e,#-aY||#-aA||#->ay,w-suff,awuno,,,,تروُنْ,L
293,281,,MORPH,[IVSuff.E.2MS],IVSuff.2MS,ano,ano/IVSUFF_SUBJ:2MS_MOOD:E,MSA||CA,[masc.sg.],asp:i per:2 gen:m num:s mod:e,_,v-suff,ano,,,,تكتبَنْ تريَنْ,L
294,282,,MORPH,[IVSuff.E.3FD],IVSuff.3FD,An~i,An~i/IVSUFF_SUBJ:3FD_MOOD:E,MSA||CA,[fem.du.],asp:i per:3 gen:f num:d mod:e,else,v-suff A-suff #^i,An~i,,,,تكتبانِّ,HL
295,283,,MORPH,[IVSuff.E.3FD],IVSuff.3FD,n~i,n~i/IVSUFF_SUBJ:3FD_MOOD:E,MSA||CA,[fem.du.],asp:i per:3 gen:f num:d mod:e,#-a>,v-suff A-suff #^i,n~i,,,,تقرآنِّ,HL
296,284,,MORPH,[IVSuff.E.3FP],IVSuff.3FP,nAn~i,nAn~i/IVSUFF_SUBJ:3FP_MOOD:E,MSA||CA,[fem.pl.],asp:i per:3 gen:f num:p mod:e,else,c-suff #^i,nAn~i,,,,يكتبنان,HL
297,285,,MORPH,[IVSuff.E.3FP],IVSuff.3FP,~An~i,~An~i/IVSUFF_SUBJ:3FP_MOOD:E,MSA||CA,[fem.pl.],asp:i per:3 gen:f num:p mod:e,#n,c-suff #^i,~An~i,,,,يسكنّان,HL
298,286,,MORPH,[IVSuff.E.3FS],IVSuff.3FS,ano,ano/IVSUFF_SUBJ:3FS_MOOD:E,MSA||CA,[fem.sg.],asp:i per:3 gen:f num:s mod:e,_,v-suff,ano,,,,تكتبَنْ تريَنْ,L
299,287,,MORPH,[IVSuff.E.3MD],IVSuff.3MD,An~i,An~i/IVSUFF_SUBJ:3MD_MOOD:E,MSA||CA,[masc.du.],asp:i per:3 gen:m num:d mod:e,else,v-suff A-suff #^i,An~i,,,,يكتبانِّ,HL
300,288,,MORPH,[IVSuff.E.3MD],IVSuff.3MD,n~i,n~i/IVSUFF_SUBJ:3MD_MOOD:E,MSA||CA,[masc.du.],asp:i per:3 gen:m num:d mod:e,#-a>,v-suff A-suff #^i,n~i,,,,يقرآنِّ,HL
301,289,,MORPH,[IVSuff.E.3MP],IVSuff.3MP,uno,uno/IVSUFF_SUBJ:3MP_MOOD:E,MSA||CA,[masc.pl.],asp:i per:3 gen:m num:p mod:e,else,v-suff w-suff,uno,,,,يكتبُنْ,L
302,290,,MORPH,[IVSuff.E.3MP],IVSuff.3MP,awuno,awuno/IVSUFF_SUBJ:3MP_MOOD:E,MSA||CA,[masc.pl.],asp:i per:3 gen:m num:p mod:e,#-aY||#-aA||#->ay,w-suff,awuno,,,,يروُنْ,L
303,291,,MORPH,[IVSuff.E.3MS],IVSuff.3MS,ano,ano/IVSUFF_SUBJ:3MS_MOOD:E,MSA||CA,[masc.sg.],asp:i per:3 gen:m num:s mod:e,_,v-suff,ano,,,,يكتبَنْ يريَنْ,L
304,Imperfective Verb Suffixes - Extra Energetic Mood,,,,,,,,,,,,,,,,,
305,292,,MORPH,[IVSuff.X.1P],IVSuff.1P,an~a,an~a/IVSUFF_SUBJ:1P_MOOD:X,MSA||CA,[pl.],asp:i per:1 gen:u num:p mod:x,_,v-suff,an~a,,,,نكتبَنَّ نريَنَّ,H
306,293,,MORPH,[IVSuff.X.1S],IVSuff.1S,an~a,an~a/IVSUFF_SUBJ:1S_MOOD:X,MSA||CA,[sg.],asp:i per:1 gen:u num:s mod:x,_,v-suff,an~a,,,,أكتبَنَّ أرينَّ,H
307,294,,MORPH,[IVSuff.X.2D],IVSuff.2D,An~i,An~i/IVSUFF_SUBJ:2D_MOOD:X,MSA||CA,[du.],asp:i per:2 gen:u num:d mod:x,else,v-suff A-suff #^i,An~i,,,,تكتبانِّ,HL
308,295,,MORPH,[IVSuff.X.2D],IVSuff.2D,n~i,n~i/IVSUFF_SUBJ:2D_MOOD:X,MSA||CA,[du.],asp:i per:2 gen:u num:d mod:x,#-a>,v-suff A-suff #^i,n~i,,,,تقرآنِّ,HL
309,296,,MORPH,[IVSuff.X.2FP],IVSuff.2FP,nAn~i,nAn~i/IVSUFF_SUBJ:2FP_MOOD:X,MSA||CA,[fem.pl.],asp:i per:2 gen:f num:p mod:x,else,c-suff #^i,nAn~i,,,,تكتبنان,HL
310,297,,MORPH,[IVSuff.X.2FP],IVSuff.2FP,~An~i,~An~i/IVSUFF_SUBJ:2FP_MOOD:X,MSA||CA,[fem.pl.],asp:i per:2 gen:f num:p mod:x,#n,c-suff #^i,~An~i,,,,تسكنّان,HL
311,298,,MORPH,[IVSuff.X.2FS],IVSuff.2FS,in~a,in~a/IVSUFF_SUBJ:2FS_MOOD:X,MSA||CA,[fem.sg.],asp:i per:2 gen:f num:s mod:x,else,v-suff y-suff,in~a,,,,تكتبِنَّ,H
312,299,,MORPH,[IVSuff.X.2FS],IVSuff.2FS,ayin~a,ayin~a/IVSUFF_SUBJ:2FS_MOOD:X,MSA||CA,[fem.sg.],asp:i per:2 gen:f num:s mod:x,#-aY||#-aA||#->ay,y-suff,ayin~a,,,,تريِنَّ,H
313,300,,MORPH,[IVSuff.X.2MP],IVSuff.2MP,un~a,un~a/IVSUFF_SUBJ:2MP_MOOD:X,MSA||CA,[masc.pl.],asp:i per:2 gen:m num:p mod:x,else,v-suff w-suff,un~a,,,,تكتبُنَّ,H
314,301,,MORPH,[IVSuff.X.2MP],IVSuff.2MP,awun~a,awun~a/IVSUFF_SUBJ:2MP_MOOD:X,MSA||CA,[masc.pl.],asp:i per:2 gen:m num:p mod:x,#-aY||#-aA||#->ay,w-suff,awun~a,,,,تروُنَّ,H
315,302,,MORPH,[IVSuff.X.2MS],IVSuff.2MS,an~a,an~a/IVSUFF_SUBJ:2MS_MOOD:X,MSA||CA,[masc.sg.],asp:i per:2 gen:m num:s mod:x,_,v-suff,an~a,,,,تكتبَنَّ تريَنَّ,H
316,303,,MORPH,[IVSuff.X.3FD],IVSuff.3FD,An~i,An~i/IVSUFF_SUBJ:3FD_MOOD:X,MSA||CA,[fem.du.],asp:i per:3 gen:f num:d mod:x,else,v-suff A-suff #^i,An~i,,,,تكتبانِّ,HL
317,304,,MORPH,[IVSuff.X.3FD],IVSuff.3FD,n~i,n~i/IVSUFF_SUBJ:3FD_MOOD:X,MSA||CA,[fem.du.],asp:i per:3 gen:f num:d mod:x,#-a>,v-suff A-suff #^i,n~i,,,,تقرآنِّ,HL
318,305,,MORPH,[IVSuff.X.3FP],IVSuff.3FP,nAn~i,nAn~i/IVSUFF_SUBJ:3FP_MOOD:X,MSA||CA,[fem.pl.],asp:i per:3 gen:f num:p mod:x,else,c-suff #^i,nAn~i,,,,يكتبنان,HL
319,306,,MORPH,[IVSuff.X.3FP],IVSuff.3FP,~An~i,~An~i/IVSUFF_SUBJ:3FP_MOOD:X,MSA||CA,[fem.pl.],asp:i per:3 gen:f num:p mod:x,#n,c-suff #^i,~An~i,,,,يسكنّان,HL
320,307,,MORPH,[IVSuff.X.3FS],IVSuff.3FS,an~a,an~a/IVSUFF_SUBJ:3FS_MOOD:X,MSA||CA,[fem.sg.],asp:i per:3 gen:f num:s mod:x,_,v-suff,an~a,,,,تكتبَنَّ تريَنَّ,H
321,308,,MORPH,[IVSuff.X.3MD],IVSuff.3MD,An~i,An~i/IVSUFF_SUBJ:3MD_MOOD:X,MSA||CA,[masc.du.],asp:i per:3 gen:m num:d mod:x,else,v-suff A-suff #^i,An~i,,,,يكتبانِّ,HL
322,309,,MORPH,[IVSuff.X.3MD],IVSuff.3MD,n~i,n~i/IVSUFF_SUBJ:3MD_MOOD:X,MSA||CA,[masc.du.],asp:i per:3 gen:m num:d mod:x,#-a>,v-suff A-suff #^i,n~i,,,,يقرآنِّ,HL
323,310,,MORPH,[IVSuff.X.3MP],IVSuff.3MP,un~a,un~a/IVSUFF_SUBJ:3MP_MOOD:X,MSA||CA,[masc.pl.],asp:i per:3 gen:m num:p mod:x,else,v-suff w-suff,un~a,,,,يكتبُنَّ,H
324,311,,MORPH,[IVSuff.X.3MP],IVSuff.3MP,awun~a,awun~a/IVSUFF_SUBJ:3MP_MOOD:X,MSA||CA,[masc.pl.],asp:i per:3 gen:m num:p mod:x,#-aY||#-aA||#->ay,w-suff,awun~a,,,,يروُنَّ,H
325,312,,MORPH,[IVSuff.X.3MS],IVSuff.3MS,an~a,an~a/IVSUFF_SUBJ:3MS_MOOD:X,MSA||CA,[masc.sg.],asp:i per:3 gen:m num:s mod:x,_,v-suff,an~a,,,,يكتبَنَّ يريَنَّ,H
326,Command Verb Post-Stem Buffers,,,,,,,,,,,,,,,,,
327,313,,MORPH,[CVBuff],Buffer,_,_/STEM,MSA,,,#-aA w-suff||y-suff,_,,,,,احيوا احيي,
328,314,,MORPH,[CVBuff],Buffer,a,a/STEM,MSA,,,#-aA z-suff,_,,,,,احيَ,
329,315,,MORPH,[CVBuff],Buffer,ay,ay/STEM,MSA,,,#-aA else,_,,,,,احيين احييا,
330,316,,MORPH,[CVBuff],Buffer,_,_/STEM,MSA,,,#-aY w-suff||y-suff,_,,,,,اصحوا اصحي,
331,317,,MORPH,[CVBuff],Buffer,a,a/STEM,MSA,,,#-aY z-suff,_,,,,,اصح,
332,318,,MORPH,[CVBuff],Buffer,ay,ay/STEM,MSA,,,#-aY else,_,,,,,اصحين اصحيا,
333,319,,MORPH,[CVBuff],Buffer,_,_/STEM,MSA,,,#-iy w-suff||y-suff,_,,,,,ارموا,
334,320,,MORPH,[CVBuff],Buffer,i,i/STEM,MSA,,,#-iy c-suff||z-suff,_,,,,,ارمِ,
335,321,,MORPH,[CVBuff],Buffer,iy,iy/STEM,MSA,,,#-iy else,_,,,,,ارمين,
336,322,,MORPH,[CVBuff],Buffer,_,_/STEM,MSA,,,#-uw w-suff||y-suff,_,,,,,ادعوا,
337,323,,MORPH,[CVBuff],Buffer,u,u/STEM,MSA,,,#-uw z-suff,_,,,,,ادعُ,
338,324,,MORPH,[CVBuff],Buffer,uw,uw/STEM,MSA,,,#-uw else,_,,,,,ادعون,
339,325,,MORPH,[CVBuff],Buffer,a>,a>/STEM,MSA,,,#-a> else,_,,,,,اقرأ,
340,326,,MORPH,[CVBuff],Buffer,a|,a|/STEM,MSA,,,#-a> A-suff,_,,,,,اقرآ,
341,327,,MORPH,[CVBuff],Buffer,a&,a&/STEM,MSA,,,#-a> w-suff,_,,,,,اقرؤوا,
342,328,,MORPH,[CVBuff],Buffer,a},a}/STEM,MSA,,,#-a> y-suff,_,,,,,اقرئي,
343,331,,MORPH,[CVBuff],Buffer,A',A'/STEM,MSA,,,#-A' A-suff,_,,,,,استاءا,
344,332,,MORPH,[CVBuff],Buffer,a>,a>/STEM,MSA,,,#-A' c-suff||z-suff,_,,,,,استأ استأن,
345,333,,MORPH,[CVBuff],Buffer,A},A}/STEM,MSA,,,#-A' w-suff||y-suff,_,,,,,استائي استائوا,
346,334,,MORPH,[CVBuff],Buffer,a>,a>/STEM,MSA,,,#-A' else,_,,,,,استأ استأن,
347,335,,MORPH,[CVBuff],Buffer,i},i}/STEM,MSA,,,#-iy' c-suff||z-suff,_,,,,,جِئ، جئن,
348,336,,MORPH,[CVBuff],Buffer,iy},iy}/STEM,MSA,,,#-iy' else,_,,,,,جيئا جيئي جيئوا,
349,337,,MORPH,[CVBuff],Buffer,uw',uw'/STEM,MSA,,,#-uw' A-suff,_,,,,,نوءا,
350,338,,MORPH,[CVBuff],Buffer,u&,u&/STEM,MSA,,,#-uw' c-suff||z-suff,_,,,,,نؤ، نؤن,
351,339,,MORPH,[CVBuff],Buffer,uw},uw}/STEM,MSA,,,#-uw' w-suff||y-suff,_,,,,,نوئي نوئوا,
352,340,,MORPH,[CVBuff],Buffer,u&,u&/STEM,MSA,,,#-uw' else,_,,,,,نؤ، نؤن,
353,341,,MORPH,[CVBuff],Buffer,},}/STEM,MSA,,,#-}iy y-suff,_,,,,,,
354,342,,MORPH,[CVBuff],Buffer,&,&/STEM,MSA,,,#-}iy w-suff,_,,,,,,
355,343,,MORPH,[CVBuff],Buffer,}i,}i/STEM,MSA,,,#-}iy z-suff,_,,,,,,
356,344,,MORPH,[CVBuff],Buffer,}iy,}iy/STEM,MSA,,,#-}iy A-suff||c-suff,_,,,,,,
357,345,,MORPH,[CVBuff],Buffer,}iy,}iy/STEM,MSA,,,#-}iy else,_,,,,,,
358,346,,MORPH,[CVBuff],Buffer,_,_,MSA,,,else,_,,,,,جيئا جيئي جيئوا,
359,Command Verb Suffixes - Indicative Mood,,,,,,,,,,,,,,,,,
360,347,,MORPH,[CVSuff],CVSuff.2MS,_,(null)/CVSUFF_SUBJ:2MS,MSA,[masc.sg.],asp:c per:2 gen:m num:s mod:i,#-aA||#-uw||#-aY !enc0:2*,z-suff,_,,,,احيَ,
361,348,,MORPH,[CVSuff],CVSuff.2MS,_,(null)/CVSUFF_SUBJ:2MS,MSA,[masc.sg.],asp:c per:2 gen:m num:s mod:i,#-iy||#-}iy !enc0:2*,z-suff #^i,_,,,,امضِ,
362,349,,MORPH,[CVSuff],CVSuff.2MS,a,a/CVSUFF_SUBJ:2MS,MSA,[masc.sg.],asp:c per:2 gen:m num:s mod:i,gem !enc0:2*,v-suff,a,,,,مدَّ,
363,350,,MORPH,[CVSuff],CVSuff.2MS,o,o/CVSUFF_SUBJ:2MS,MSA,[masc.sg.],asp:c per:2 gen:m num:s mod:i,else !enc0:2*,c-suff,o,,,,اكتبْ,
364,351,,MORPH,[CVSuff],CVSuff.2D,A,A/CVSUFF_SUBJ:2D,MSA,[du.],asp:c per:2 gen:u num:d mod:i,else !enc0:2*,v-suff A-suff,A,,,,اكتبا,
365,352,,MORPH,[CVSuff],CVSuff.2D,_,(null)/CVSUFF_SUBJ:2D,MSA,[du.],asp:c per:2 gen:u num:d mod:i,#-a> !enc0:2*,z-suff,_,,,,اقرآ,
366,353,,MORPH,[CVSuff],CVSuff.2MP,uwA,uwA/CVSUFF_SUBJ:2MP,MSA,[masc.pl.],asp:c per:2 gen:m num:p mod:i,else else !enc0:2*,v-suff w-suff,uwA,,,,اكتبوا,
367,354,,MORPH,[CVSuff],CVSuff.2MP,uw,uw/CVSUFF_SUBJ:2MP,MSA,[masc.pl.],asp:c per:2 gen:m num:p mod:i,else enc0 !enc0:2*,v-suff w-suff,uwA,,,,اكتبوها,
368,355,,MORPH,[CVSuff],CVSuff.2MP,awA,awA/CVSUFF_SUBJ:2MP,MSA,[masc.pl.],asp:c per:2 gen:m num:p mod:i,#-aA||#-aY else !enc0:2*,v-suff w-suff a-suff,awA,,,,اصحَوا,
369,356,,MORPH,[CVSuff],CVSuff.2MP,aw,aw/CVSUFF_SUBJ:2MP,MSA,[masc.pl.],asp:c per:2 gen:m num:p mod:i,#-aA||#-aY enc0 !enc0:2*,v-suff w-suff a-suff,awA,,,,اصحَوها,
370,357,,MORPH,[CVSuff],CVSuff.2FS,iy,iy/CVSUFF_SUBJ:2FS,MSA,[fem.sg.],asp:c per:2 gen:f num:s mod:i,else !enc0:2*,v-suff y-suff #^iy,iy,,,,اكتبي,
371,358,,MORPH,[CVSuff],CVSuff.2FS,o,o/CVSUFF_SUBJ:2FS,MSA,[fem.sg.],asp:c per:2 gen:f num:s mod:i,#-aY||#-aA !enc0:2*,c-suff #^iy,ay,,,,اصحَي,
372,359,,MORPH,[CVSuff],CVSuff.2FP,na,na/CVSUFF_SUBJ:2FP,MSA,[fem.pl.],asp:c per:2 gen:f num:p mod:i,else !enc0:2*,c-suff,na,,,,اكتبن,
373,360,,MORPH,[CVSuff],CVSuff.2FP,~a,~a/CVSUFF_SUBJ:2FP,MSA,[fem.pl.],asp:c per:2 gen:f num:p mod:i,#n !enc0:2*,c-suff,~a,,,,اسكنَّ,
374,Command Verb Suffixes - Energetic Mood,,,,,,,,,,,,,,,,,
375,361,,MORPH,[CVSuff.E],CVSuff.2MS,ano,ano/CVSUFF_SUBJ:2MS_MOOD:E,MSA||CA,[masc.sg.],asp:c per:2 gen:m num:s mod:e,!enc0:2*,v-suff a-suff,ano,,,,اكتبَنْ,
376,362,,MORPH,[CVSuff.E],CVSuff.2MP,uno,uno/CVSUFF_SUBJ:2MP_MOOD:E,MSA||CA,[masc.pl.],asp:c per:2 gen:m num:p mod:e,else !enc0:2*,v-suff w-suff u-suff,uno,,,,اكتبُنْ,
377,363,,MORPH,[CVSuff.E],CVSuff.2MP,awuno,awuno/CVSUFF_SUBJ:2MP_MOOD:E,MSA||CA,[masc.pl.],asp:c per:2 gen:m num:p mod:e,#-aY||#-aA !enc0:2*,v-suff w-suff a-suff,awuno,,,,اصحَوُنْ,
378,364,,MORPH,[CVSuff.E],CVSuff.2FS,ino,ino/CVSUFF_SUBJ:2FS_MOOD:E,MSA||CA,[fem.sg.],asp:c per:2 gen:f num:s mod:e,else !enc0:2*,v-suff y-suff i-suff,ino,,,,اكتبِنْ,
379,365,,MORPH,[CVSuff.E],CVSuff.2FS,ayino,ayino/CVSUFF_SUBJ:2FS_MOOD:E,MSA||CA,[fem.sg.],asp:c per:2 gen:f num:s mod:e,#-aY||#-aA !enc0:2*,v-suff y-suff a-suff,ayino,,,,اصحَيِنْ,
380,366,,MORPH,[CVSuff.E],CVSuff.2FP,nAn~i,nAn~i/CVSUFF_SUBJ:2FP_MOOD:E,MSA||CA,[fem.pl.],asp:c per:2 gen:f num:p mod:e,else !enc0:2*,c-suff #^i,nAn~i,,,,اكتبنانِّ,
381,367,,MORPH,[CVSuff.E],CVSuff.2FP,~An~i,~An~i/CVSUFF_SUBJ:2FP_MOOD:E,MSA||CA,[fem.pl.],asp:c per:2 gen:f num:p mod:e,#n !enc0:2*,c-suff #^i,~An~i,,,,اسكنَّانِّ,
382,368,,MORPH,[CVSuff.E],CVSuff.2D,An~i,An~i/CVSUFF_SUBJ:2D_MOOD:E,MSA||CA,[du.],asp:c per:2 gen:u num:d mod:e,else !enc0:2*,v-suff A-suff #^i,An~i,,,,اكتبانِّ,
383,369,,MORPH,[CVSuff.E],CVSuff.2D,n~i,n~i/CVSUFF_SUBJ:2D_MOOD:E,MSA||CA,[du.],asp:c per:2 gen:u num:d mod:e,#-a> !enc0:2*,A-suff #^i,n~i,,,,اقرآنِّ,
384,Command Verb Suffixes - Extra Energetic Mood,,,,,,,,,,,,,,,,,
385,370,,MORPH,[CVSuff.X],CVSuff.2MS,an~a,an~a/CVSUFF_SUBJ:2MS_MOOD:X,MSA||CA,[masc.sg.],asp:c per:2 gen:m num:s mod:x,!enc0:2*,v-suff,an~a,,,,اكتبَنَّ,
386,371,,MORPH,[CVSuff.X],CVSuff.2MP,un~a,un~a/CVSUFF_SUBJ:2MP_MOOD:X,MSA||CA,[masc.pl.],asp:c per:2 gen:m num:p mod:x,else !enc0:2*,v-suff w-suff,un~a,,,,اكتبُنَّ,
387,372,,MORPH,[CVSuff.X],CVSuff.2MP,awun~a,awun~a/CVSUFF_SUBJ:2MP_MOOD:X,MSA||CA,[masc.pl.],asp:c per:2 gen:m num:p mod:x,#-aY||#-aA||#->ay !enc0:2*,v-suff w-suff,awun~a,,,,اصحَوُنَّ,
388,373,,MORPH,[CVSuff.X],CVSuff.2FS,in~a,in~a/CVSUFF_SUBJ:2FS_MOOD:X,MSA||CA,[fem.sg.],asp:c per:2 gen:f num:s mod:x,else !enc0:2*,v-suff y-suff,in~a,,,,اكتبِنَّ,
389,374,,MORPH,[CVSuff.X],CVSuff.2FS,ayin~a,ayin~a/CVSUFF_SUBJ:2FS_MOOD:X,MSA||CA,[fem.sg.],asp:c per:2 gen:f num:s mod:x,#-aY||#-aA||#->ay !enc0:2*,v-suff y-suff,ayin~a,,,,اصحَيِنَّ,
390,375,,MORPH,[CVSuff.X],CVSuff.2FP,nAn~i,nAn~i/CVSUFF_SUBJ:2FP_MOOD:X,MSA||CA,[fem.pl.],asp:c per:2 gen:f num:p mod:x,else !enc0:2*,c-suff #^i,nAn~i,,,,اكتبنانِّ,
391,376,,MORPH,[CVSuff.X],CVSuff.2FP,~An~i,~An~i/CVSUFF_SUBJ:2FP_MOOD:X,MSA||CA,[fem.pl.],asp:c per:2 gen:f num:p mod:x,#n !enc0:2*,c-suff #^i,~An~i,,,,اسكنَّانِّ,
392,377,,MORPH,[CVSuff.X],CVSuff.2D,An~i,An~i/CVSUFF_SUBJ:2D_MOOD:X,MSA||CA,[du.],asp:c per:2 gen:u num:d mod:x,else !enc0:2*,v-suff A-suff #^i,An~i,,,,اكتبانِّ,
393,378,,MORPH,[CVSuff.X],CVSuff.2D,n~i,n~i/CVSUFF_SUBJ:2D_MOOD:X,MSA||CA,[du.],asp:c per:2 gen:u num:d mod:x,#-a> !enc0:2*,A-suff #^i,n~i,,,,اقرآنِّ,
394,Pronomonial Enclitics,,,,,,,,,,,,,,,,,
395,379,,MORPH,[PRON],_,_,_,MSA,_,enc0:0,_,_,_,,,,,
396,380,RED,MORPH,[PRON] ,niy/PRON.1S,niy,niy/XVSUFF_DO:1S,MSA,me,enc0:1s_dobj,trans||ditrans,enc0 enc0:1* enc0#^i,_+niy,,,,يكتبني,
397,381,RED,MORPH,[PRON] ,nA/PRON.1P,nA,nA/XVSUFF_DO:1P,MSA,us,enc0:1p_dobj,trans||ditrans,enc0 enc0:1*,_+nA,,,,يكتبنا,
398,382,RED,MORPH,[PRON] ,kum/PRON.2MP,kum ,kum/XVSUFF_DO:2MP,MSA,you [masc.pl],enc0:2mp_dobj,trans||ditrans else else,enc0 enc0:2*,_+kum ,,,,يكتبكم,
399,383,RED,MORPH,[PRON] ,kum/PRON.2MP,kumuw,kumuw/XVSUFF_DO:2MP,MSA,you [masc.pl],enc0:2mp_dobj,ditrans enc1,enc0 enc0:2*,_+kum ,,,,اسقيكموها,
400,384,RED,MORPH,[PRON] ,ki/PRON.2FS,ki,ki/XVSUFF_DO:2FS,MSA,you [fem.sg.],enc0:2fs_dobj,trans||ditrans,enc0 enc0:2* enc0#^i,_+ki,,,,يكتبك,
401,385,RED,MORPH,[PRON] ,kumA/PRON.2D,kumA,kumA/XVSUFF_DO:2D,MSA,you [du],enc0:2d_dobj,trans||ditrans,enc0 enc0:2*,_+kumA,,,,يكتبكما,
402,386,RED,MORPH,[PRON] ,ka/PRON.2MS,ka,ka/XVSUFF_DO:2MS,MSA,you [masc.sg],enc0:2ms_dobj,trans||ditrans,enc0 enc0:2*,_+ka,,,,يكتبك,
403,387,RED,MORPH,[PRON] ,kun~a/PRON.2FP,kun~a,kun~a/XVSUFF_DO:2FP,MSA,you [fem.pl],enc0:2fp_dobj,trans||ditrans,enc0 enc0:2*,_+kun~a,,,,يكتبكن,
404,388,,MORPH,[PRON] ,hu/PRON.3MS,hu,hu/XVSUFF_DO:3MS,MSA,him,enc0:3ms_dobj,trans||ditrans else,enc0,_+hu,,,,يكتبه,
405,389,,MORPH,[PRON] ,hu/PRON.3MS,hi,hi/XVSUFF_DO:3MS,MSA,him,enc0:3ms_dobj,trans||ditrans #^i||#^iy,enc0 enc0#^i,_+hu,,,,تكتبيه,
406,390,RED,MORPH,[PRON] ,hA/PRON.3FS,hA,hA/XVSUFF_DO:3FS,MSA,her,enc0:3fs_dobj,trans||ditrans,enc0,_+hA,,,,يكتبها,
407,391,RED,MORPH,[PRON] ,humA/PRON.3D,humA,humA/XVSUFF_DO:3D,MSA,them [du],enc0:3d_dobj,trans||ditrans else,enc0,_+humA,,,,يكتبهما,
408,392,RED,MORPH,[PRON] ,humA/PRON.3D,himA,himA/XVSUFF_DO:3D,MSA,them [du],enc0:3d_dobj,trans||ditrans #^i||#^iy,enc0,_+humA,,,,تكتبيهما,
409,393,RED,MORPH,[PRON] ,hum/PRON.3MP,hum ,hum/XVSUFF_DO:3MP,MSA,them [masc.pl],enc0:3mp_dobj,trans||ditrans else else,enc0,_+hum ,,,,يكتبهم,
410,394,RED,MORPH,[PRON] ,hum/PRON.3MP,him ,him/XVSUFF_DO:3MP,MSA,them [masc.pl],enc0:3mp_dobj,trans||ditrans else #^i||#^iy,enc0,_+hum ,,,,تكتبيهم,
411,395,RED,MORPH,[PRON] ,hum/PRON.3MP,humuw,humuw/XVSUFF_DO:3MP,MSA,them [masc.pl],enc0:3mp_dobj,ditrans else,enc0,_+hum ,,,,اسقتهموك,
412,396,RED,MORPH,[PRON] ,hum/PRON.3MP,himuw,himuw/XVSUFF_DO:3MP,MSA,them [masc.pl],enc0:3mp_dobj,ditrans #^i||#^iy,enc0,_+hum ,,,,تسقيهموك,
413,397,RED,MORPH,[PRON] ,hun~a/PRON.3FP,hun~a,hun~a/XVSUFF_DO:3FP,MSA,them [fem.pl],enc0:3fp_dobj,trans||ditrans else,enc0,_+hun~a,,,,يكتبهن,
414,398,RED,MORPH,[PRON] ,hun~a/PRON.3FP,hin~a,hin~a/XVSUFF_DO:3FP,MSA,them [fem.pl],enc0:3fp_dobj,trans||ditrans #^i||#^iy,enc0,_+hun~a,,,,تكتبيهن,
415,Second Pronomonial Enclitics,,,,,,,,,,,,,,,,,
416,399,RED,MORPH,[PRON2],_,_,_,MSA||CA,_,enc1:0,_,_,_,,,,,
417,400,RED,MORPH,[PRON2],niy/PRON.1S,niy,niy/XVSUFF_DO:1S,MSA||CA,me,enc1:1s_dobj,ditrans enc0 !enc0:1*,enc1 enc1:1*,_+niy,,,,يكتبني,
418,401,RED,MORPH,[PRON2],nA/PRON.1P,nA,nA/XVSUFF_DO:1P,MSA||CA,us,enc1:1p_dobj,ditrans enc0 !enc0:1*,enc1 enc1:1*,_+nA,,,,يكتبنا,
419,402,RED,MORPH,[PRON2],kum/PRON.2MP,kum ,kum/XVSUFF_DO:2MP,MSA||CA,you [masc.pl],enc1:2mp_dobj,ditrans enc0 !enc0:2*,enc1 enc1:2*,_+kum ,,,,يكتبكم,
420,403,RED,MORPH,[PRON2],ki/PRON.2FS,ki,ki/XVSUFF_DO:2FS,MSA||CA,you [fem.sg.],enc1:2fs_dobj,ditrans enc0 !enc0:2*,enc1 enc1:2*,_+ki,,,,يكتبك,
421,404,RED,MORPH,[PRON2],kumA/PRON.2D,kumA,kumA/XVSUFF_DO:2D,MSA||CA,you [du],enc1:2d_dobj,ditrans enc0 !enc0:2*,enc1 enc1:2*,_+kumA,,,,يكتبكما,
422,405,RED,MORPH,[PRON2],ka/PRON.2MS,ka,ka/XVSUFF_DO:2MS,MSA||CA,you [masc.sg],enc1:2ms_dobj,ditrans enc0 !enc0:2*,enc1 enc1:2*,_+ka,,,,يكتبك,
423,406,RED,MORPH,[PRON2],kun~a/PRON.2FP,kun~a,kun~a/XVSUFF_DO:2FP,MSA||CA,you [fem.pl],enc1:2fp_dobj,ditrans enc0 !enc0:2*,enc1 enc1:2*,_+kun~a,,,,يكتبكن,
424,407,RED,MORPH,[PRON2],hu/PRON.3MS,hu,hu/XVSUFF_DO:3MS,MSA||CA,him,enc1:3ms_dobj,ditrans enc0 else,enc1,_+hu,,,,يكتبه,
425,408,RED,MORPH,[PRON2],hu/PRON.3MS,hi,hi/XVSUFF_DO:3MS,MSA||CA,him,enc1:3ms_dobj,ditrans enc0 enc0#^i,enc1,_+hu,,,,تكتبيه,
426,409,RED,MORPH,[PRON2],hA/PRON.3FS,hA,hA/XVSUFF_DO:3FS,MSA||CA,her,enc1:3fs_dobj,ditrans enc0,enc1,_+hA,,,,يكتبها,
427,410,RED,MORPH,[PRON2],humA/PRON.3D,humA,humA/XVSUFF_DO:3D,MSA||CA,them [du],enc1:3d_dobj,ditrans enc0 else,enc1,_+humA,,,,يكتبهما,
428,411,RED,MORPH,[PRON2],humA/PRON.3D,himA,himA/XVSUFF_DO:3D,MSA||CA,them [du],enc1:3d_dobj,ditrans enc0 enc0#^i,enc1,_+humA,,,,تكتبيهما,
429,412,RED,MORPH,[PRON2],hum/PRON.3MP,hum ,hum/XVSUFF_DO:3MP,MSA||CA,them [masc.pl],enc1:3mp_dobj,ditrans enc0 else,enc1,_+hum ,,,,يكتبهم,
430,413,RED,MORPH,[PRON2],hum/PRON.3MP,him ,him/XVSUFF_DO:3MP,MSA||CA,them [masc.pl],enc1:3mp_dobj,ditrans enc0 enc0#^i,enc1,_+hum ,,,,تكتبيهم,
431,414,RED,MORPH,[PRON2],hun~a/PRON.3FP,hun~a,hun~a/XVSUFF_DO:3FP,MSA||CA,them [fem.pl],enc1:3fp_dobj,ditrans enc0 else,enc1,_+hun~a,,,,يكتبهن,
432,415,RED,MORPH,[PRON2],hun~a/PRON.3FP,hin~a,hin~a/XVSUFF_DO:3FP,MSA||CA,them [fem.pl],enc1:3fp_dobj,ditrans enc0 enc0#^i,enc1,_+hun~a,,,,تكتبيهن,
