CLASS	Lemma	Stem	POS	MS	MD	MP	FS	FD	FP	Suffixes	QC	COMMENTS	Definition
#iy	أَرض	أَراض	NOUN	أَراضِي / أَراضِيه (mp)	-	-	-	-	-	X+iy / X+iyu#h|||X+iyayon / X+iyayonu#h||||||||||||X+iyAt / X+iyAtu#h	OK		
#iy	أُغنِيَة	أَغان	NOUN	أَغانِي / أَغانِيه (fp)	-	-	-	-	-	X+iy / X+iyu#h|||X+iyayon / X+iyayonu#h||||||||||||X+iyAt / X+iyAtu#h	OK		
#iy	مَطافِي	مَطاف	NOUN	مَطافِي / مَطافِيه (ms)	مَطافِيَيْن / مَطافِيَيْنُه (md)	-	-	-	-	X+iy / X+iyu#h|||X+iyayon / X+iyayonu#h||||||||||||X+iyAt / X+iyAtu#h	OK		
#iy	دِلوَقتِي	دِلوَقت	NOUN	دِلوَقتِي / دِلوَقتِيه (ms)	-	-	-	-	-	X+iy / X+iyu#h|||X+iyayon / X+iyayonu#h||||||||||||X+iyAt / X+iyAtu#h	PROB		
#iy	سِي	س	NOUN	سِي / سِيه (ms)	-	-	-	-	-	X+iy / X+iyu#h|||X+iyayon / X+iyayonu#h||||||||||||X+iyAt / X+iyAtu#h	PROB		
#iy	خالِي	خَوال	ADJ	خَوالِي / خَوالِيه (mp)	-	-	-	-	-	X+iy / X+iyu#h|||X+iyayon / X+iyayonu#h||||||||||||X+iyAt / X+iyAtu#h	OK		
#iy	شِي	اِش	NOUN	اِشِي / اِشِيه (ms)	اِشِيَيْن / اِشِيَيْنُه (md)	-	-	-	اِشِيات / اِشِياتُه (mp)	X+iy / X+iyu#h|||X+iyayon / X+iyayonu#h||||||||||||X+iyAt / X+iyAtu#h	OK		
-	آن	آن	NOUN	آن / آنُه (ms)	آنَيْن / آنَيْنُه (md)	-	-	-	-	X+Ø / X+u#h|||X+ayon / X+ayonu#h|||X+iyn / X+iynu#h|||X+ap / X+i#tu#h|||X+i#tayon / X+i#tayonu#h|||X+At / X+Atu#h	PROB		
-	أَنَّة	أَنّ	NOUN	-	-	-	أَنَّة / أَنِّتُه (fs)	أَنِّتَيْن / أَنِّتَيْنُه (fd)	أَنّات / أَنّاتُه (fp)	X+Ø / X+u#h|||X+ayon / X+ayonu#h|||X+iyn / X+iynu#h|||X+ap / X+i#tu#h|||X+i#tayon / X+i#tayonu#h|||X+At / X+Atu#h	OK		
-	مُصِرّ	مُصِرّ	ADJ	مُصِرّ / مُصِرُّه (ms)	مُصِرَّيْن / مُصِرَّيْنُه (md)	مُصِرِّين / مُصِرِّينُه (mp)	مُصِرَّة / مُصِرِّتُه (fs)	مُصِرِّتَيْن / مُصِرِّتَيْنُه (fd)	مُصِرّات / مُصِرّاتُه (fp)	X+Ø / X+u#h|||X+ayon / X+ayonu#h|||X+iyn / X+iynu#h|||X+ap / X+i#tu#h|||X+i#tayon / X+i#tayonu#h|||X+At / X+Atu#h	OK	CLITICS DON'T MATCH	
-	إِعلام	إِعلام	NOUN	إِعلام / إِعلامُه (ms)	إِعلامَيْن / إِعلامَيْنُه (md)	-	-	-	إِعلامات / إِعلاماتُه (mp)	X+Ø / X+u#h|||X+ayon / X+ayonu#h|||X+iyn / X+iynu#h|||X+ap / X+i#tu#h|||X+i#tayon / X+i#tayonu#h|||X+At / X+Atu#h	OK	FP	
-	هَمّ	هُمُوم	NOUN	هُمُوم / هُمُومُه (mp)	-	-	-	-	-	X+Ø / X+u#h|||X+ayon / X+ayonu#h|||X+iyn / X+iynu#h|||X+ap / X+i#tu#h|||X+i#tayon / X+i#tayonu#h|||X+At / X+Atu#h	OK		
-	أَصل	أَصل	NOUN	أَصل / أَصلُه (ms)	أَصلَيْن / أَصلَيْنُه (md)	أَصلِين / أَصلِينُه (mp)	أَصلَة / أَصلِتُه (fs)	أَصلِتَيْن / أَصلِتَيْنُه (fd)	أَصلات / أَصلاتُه (fp)	X+Ø / X+u#h|||X+ayon / X+ayonu#h|||X+iyn / X+iynu#h|||X+ap / X+i#tu#h|||X+i#tayon / X+i#tayonu#h|||X+At / X+Atu#h	PROB	solved	
-	دَولَة	دِوَل	NOUN	دِوَل / دِوَلُه (fp)	-	-	-	-	-	X+Ø / X+u#h|||X+ayon / X+ayonu#h|||X+iyn / X+iynu#h|||X+ap / X+i#tu#h|||X+i#tayon / X+i#tayonu#h|||X+At / X+Atu#h	OK		
-	مِقَدَّر	مِقَرَّر	ADJ	مِقَرَّر / مِقَرَّرُه (ms)	مِقَرَّرَيْن / مِقَرَّرَيْنُه (md)	مِقَرَّرِين / مِقَرَّرِينُه (mp)	مِقَرَّرَة / مِقَرَّرتُه (fs)	مِقَرَّرتَيْن / مِقَرَّرتَيْنُه (fd)	-	X+Ø / X+u#h|||X+ayon / X+ayonu#h|||X+iyn / X+iynu#h|||X+ap / X+i#tu#h|||X+i#tayon / X+i#tayonu#h|||X+At / X+Atu#h	PROB	solved	
-	مَع	مَع	NOUN	مَع / مَعُه (ms)	-	-	-	-	-	X+Ø / X+u#h|||X+ayon / X+ayonu#h|||X+iyn / X+iynu#h|||X+ap / X+i#tu#h|||X+i#tayon / X+i#tayonu#h|||X+At / X+Atu#h	PROB	FIXED	
-	مُرّ	مُرّ	ADJ	مُرّ / مُرُّه (ms)	مُرَّيْن / مُرَّيْنُه (md)	-	-	-	-	X+Ø / X+u#h|||X+ayon / X+ayonu#h|||X+iyn / X+iynu#h|||X+ap / X+i#tu#h|||X+i#tayon / X+i#tayonu#h|||X+At / X+Atu#h	PROB	FIXXED	
-	يَوم	أَيّام	NOUN	أَيّام / أَيّامُه (mp)	-	-	-	-	-	X+Ø / X+u#h|||X+ayon / X+ayonu#h|||X+iyn / X+iynu#h|||X+ap / X+i#tu#h|||X+i#tayon / X+i#tayonu#h|||X+At / X+Atu#h	OK		
-	سُؤال	أَسئِل	NOUN	-	-	-	أَسئِلَة / أَسئِلتُه (mp)	-	-	X+Ø / X+u#h|||X+ayon / X+ayonu#h|||X+iyn / X+iynu#h|||X+ap / X+i#tu#h|||X+i#tayon / X+i#tayonu#h|||X+At / X+Atu#h	OK		
-	تَغيِير	تَغيِير	NOUN	تَغيِير / تَغيِيرُه (ms)	تَغيِيرَيْن / تَغيِيرَيْنُه (md)	-	-	-	تَغيِيرات / تَغيِيراتُه (fp)	X+Ø / X+u#h|||X+ayon / X+ayonu#h|||X+iyn / X+iynu#h|||X+ap / X+i#tu#h|||X+i#tayon / X+i#tayonu#h|||X+At / X+Atu#h	OK		
-	اِطلاق	اِطلاق	NOUN	اِطلاق / اِطلاقُه (ms)	اِطلاقَيْن / اِطلاقَيْنُه (md)	-	-	-	-	X+Ø / X+u#h|||X+ayon / X+ayonu#h|||X+iyn / X+iynu#h|||X+ap / X+i#tu#h|||X+i#tayon / X+i#tayonu#h|||X+At / X+Atu#h	OK		
-	أُمَّة	أُمّ	NOUN	-	-	-	أُمَّة / أُمِّتُه (fs)	أُمِّتَيْن / أُمِّتَيْنُه (fd)	-	X+Ø / X+u#h|||X+ayon / X+ayonu#h|||X+iyn / X+iynu#h|||X+ap / X+i#tu#h|||X+i#tayon / X+i#tayonu#h|||X+At / X+Atu#h	OK		
-	حَقِيق	حَقِيق	NOUN	حَقِيق / حَقِيقُه (ms)	حَقِيقَيْن / حَقِيقَيْنُه (md)	-	حَقِيقَة / حَقِيقتُه (fs)	حَقِيقتَيْن / حَقِيقتَيْنُه (fd)	حَقِيقات / حَقِيقاتُه (fp)	X+Ø / X+u#h|||X+ayon / X+ayonu#h|||X+iyn / X+iynu#h|||X+ap / X+i#tu#h|||X+i#tayon / X+i#tayonu#h|||X+At / X+Atu#h	PROB	FIXED	
-	أَيّ	أَيّ	ADJ	أَيّ / أَيُّه (ms)	-	-	-	-	-	X+Ø / X+u#h|||X+ayon / X+ayonu#h|||X+iyn / X+iynu#h|||X+ap / X+i#tu#h|||X+i#tayon / X+i#tayonu#h|||X+At / X+Atu#h	PROB	MOVE	
-	كِدَه	كِدَه	ADV	كِدَه / كِدَهُه (ms)	-	-	-	-	-	X+Ø / X+u#h|||X+ayon / X+ayonu#h|||X+iyn / X+iynu#h|||X+ap / X+i#tu#h|||X+i#tayon / X+i#tayonu#h|||X+At / X+Atu#h	PROB	FIXED	
-	كِبِير	كُبار	ADJ	كُبار / كُبارُه (mp)	-	-	-	-	-	X+Ø / X+u#h|||X+ayon / X+ayonu#h|||X+iyn / X+iynu#h|||X+ap / X+i#tu#h|||X+i#tayon / X+i#tayonu#h|||X+At / X+Atu#h	OK		
-	أَقرَب	أَقرَب	ADJ_COMP	أَقرَب / أَقرَبُه (ms)	-	-	-	-	-	X+Ø / X+u#h|||X+ayon / X+ayonu#h|||X+iyn / X+iynu#h|||X+ap / X+i#tu#h|||X+i#tayon / X+i#tayonu#h|||X+At / X+Atu#h	OK		
-	خَرِيطَة	خَرِيط	NOUN	-	-	-	خَرِيطَة / خَرِيطتُه (fs)	خَرِيطتَيْن / خَرِيطتَيْنُه (fd)	خَرِيطات / خَرِيطاتُه (fp)	X+Ø / X+u#h|||X+ayon / X+ayonu#h|||X+iyn / X+iynu#h|||X+ap / X+i#tu#h|||X+i#tayon / X+i#tayonu#h|||X+At / X+Atu#h	PROB	FIXED	
-	سَنَة	سَنَو	NOUN	-	-	-	سَنَة / سَنتُه (fs)	سَنتَيْن / سَنتَيْنُه (fd)	سَنَوات / سَنَواتُه (fp)	X+Ø / X+u#h|||X+ayon / X+ayonu#h|||X+iyn / X+iynu#h|||X+ap / X+i#tu#h|||X+i#tayon / X+i#tayonu#h|||X+At / X+Atu#h	PROB	STEM	
-	أَخضَر	خَضرا	ADJ	خَضرا / خَضراه (fs)	-	-	-	-	-	X+Ø / X+u#h|||X+ayon / X+ayonu#h|||X+iyn / X+iynu#h|||X+ap / X+i#tu#h|||X+i#tayon / X+i#tayonu#h|||X+At / X+Atu#h	OK		
-	شاطِر	شاطِ#ر	ADJ	شاطِر / شاطرُه (ms)	شاطرَيْن / شاطرَيْنُه (md)	شاطرِين / شاطرِينُه (mp)	شاطرَة / شاطِرتُه (fs)	-	-	X+Ø / X+u#h|||X+ayon / X+ayonu#h|||X+iyn / X+iynu#h|||X+ap / X+i#tu#h|||X+i#tayon / X+i#tayonu#h|||X+At / X+Atu#h	PROB	FIXED	
-	قُطّ	قُطّ	NOUN	قُطّ / قُطُّه (ms)	قُطَّيْن / قُطَّيْنُه (md)	-	قُطَّة / قُطِّتُه (fs)	قُطِّتَيْن / قُطِّتَيْنُه (fd)	-	X+Ø / X+u#h|||X+ayon / X+ayonu#h|||X+iyn / X+iynu#h|||X+ap / X+i#tu#h|||X+i#tayon / X+i#tayonu#h|||X+At / X+Atu#h	PROB	ONLY IN EGY FS-FD	
-	أُمّ	أُمّ	NOUN	أُمّ / أُمُّه (fs)	أُمَّيْن / أُمَّيْنُه (fd)	-	-	-	أُمَّهات / أُمَّهاتُه (fp)	X+Ø / X+u#h|||X+ayon / X+ayonu#h|||X+iyn / X+iynu#h|||X+ap / X+i#tu#h|||X+i#tayon / X+i#tayonu#h|||X+At / X+Atu#h	OK		
-	آخَر	آخر	ADJ	آخر / آخرُه (ms)	آخرَيْن / آخرَيْنُه (md)	آخرِين / آخرِينُه (mp)	-	-	-	X+Ø / X+u#h|||X+ayon / X+ayonu#h|||X+iyn / X+iynu#h|||X+ap / X+i#tu#h|||X+i#tayon / X+i#tayonu#h|||X+At / X+Atu#h	OK		
-	حُرّ	أَحرار	ADJ	أَحرار / أَحرارُه (mp)	-	-	-	-	-	X+Ø / X+u#h|||X+ayon / X+ayonu#h|||X+iyn / X+iynu#h|||X+ap / X+i#tu#h|||X+i#tayon / X+i#tayonu#h|||X+At / X+Atu#h	OK		
-	فِي	فِي	-	-	-	-	-	-	-	X+Ø / X+u#h|||X+ayon / X+ayonu#h|||X+iyn / X+iynu#h|||X+ap / X+i#tu#h|||X+i#tayon / X+i#tayonu#h|||X+At / X+Atu#h	PROB		
-	قَبل	قَبلِيَّة	NOUN	-	-	-	قَبلِيَّةَة / قَبلِيَّةتُه (fs)	-	-	X+Ø / X+u#h|||X+ayon / X+ayonu#h|||X+iyn / X+iynu#h|||X+ap / X+i#tu#h|||X+i#tayon / X+i#tayonu#h|||X+At / X+Atu#h	PROB	fixed	
-	عَيِّل	عَيِّل	ADJ	عَيِّل / عَيِّلُه (ms)	عَيِّلَيْن / عَيِّلَيْنُه (md)	-	عَيِّلَة / عَيِّلتُه (fs)	عَيِّلتَيْن / عَيِّلتَيْنُه (fd)	-	X+Ø / X+u#h|||X+ayon / X+ayonu#h|||X+iyn / X+iynu#h|||X+ap / X+i#tu#h|||X+i#tayon / X+i#tayonu#h|||X+At / X+Atu#h	OK		
-	سُودَة	سُود	ADJ	-	-	-	سُودَة / سُودتُه (fs)	سُودتَيْن / سُودتَيْنُه (fd)	سُودات / سُوداتُه (fp)	X+Ø / X+u#h|||X+ayon / X+ayonu#h|||X+iyn / X+iynu#h|||X+ap / X+i#tu#h|||X+i#tayon / X+i#tayonu#h|||X+At / X+Atu#h	OK	fixed	
-	صَندُوق	صَندُوق	ADJ	صَندُوق / صَندُوقُه (ms)	صَندُوقَيْن / صَندُوقَيْنُه (md)	-	صَندُوقَة / صَندُوقتُه (fs)	صَندُوقتَيْن / صَندُوقتَيْنُه (fd)	صَندُوقات / صَندُوقاتُه (fp)	X+Ø / X+u#h|||X+ayon / X+ayonu#h|||X+iyn / X+iynu#h|||X+ap / X+i#tu#h|||X+i#tayon / X+i#tayonu#h|||X+At / X+Atu#h	PROB	fixed	
-	أَعظَم	عُظمَى	ADJ_COMP	عُظمَى / عُظمَىُه (fs)	-	-	-	عُظمَىتَيْن / عُظمَىتَيْنُه (fd)	عُظمَىات / عُظمَىاتُه (fp)	X+Ø / X+u#h|||X+ayon / X+ayonu#h|||X+iyn / X+iynu#h|||X+ap / X+i#tu#h|||X+i#tayon / X+i#tayonu#h|||X+At / X+Atu#h	OK		
-	أَحسَن	حُسنَى	NOUN	حُسنَى / حُسنَىُه (fs)	-	-	-	حُسنَىتَيْن / حُسنَىتَيْنُه (fd)	حُسنَىات / حُسنَىاتُه (fp)	X+Ø / X+u#h|||X+ayon / X+ayonu#h|||X+iyn / X+iynu#h|||X+ap / X+i#tu#h|||X+i#tayon / X+i#tayonu#h|||X+At / X+Atu#h	OK		
-	أَحمَر	أَحمَر	NOUN	أَحمَر / أَحمَرُه (ms)	-	-	-	-	أَحمَرات / أَحمَراتُه (mp)	X+Ø / X+u#h|||X+ayon / X+ayonu#h|||X+iyn / X+iynu#h|||X+ap / X+i#tu#h|||X+i#tayon / X+i#tayonu#h|||X+At / X+Atu#h	PROB	MD	
-	فايِد	فايِ#د	NOUN_PROP	فايِد / فايدُه (ms)	فايدَيْن / فايدَيْنُه (md)	فايدِين / فايدِينُه (mp)	فايدَة / فايِدتُه (fs)	فايِدتَيْن / فايِدتَيْنُه (fd)	فايدات / فايداتُه (fp)	X+Ø / X+u#h|||X+ayon / X+ayonu#h|||X+iyn / X+iynu#h|||X+ap / X+i#tu#h|||X+i#tayon / X+i#tayonu#h|||X+At / X+Atu#h	OK		
-	عَسِير	أَعسَر	ADJ_COMP	أَعسَر / أَعسَرُه (ms)	أَعسَرَيْن / أَعسَرَيْنُه (md)	أَعسَرِين / أَعسَرِينُه (mp)	أَعسَرَة / أَعسَرتُه (fs)	أَعسَرتَيْن / أَعسَرتَيْنُه (fd)	أَعسَرات / أَعسَراتُه (fp)	X+Ø / X+u#h|||X+ayon / X+ayonu#h|||X+iyn / X+iynu#h|||X+ap / X+i#tu#h|||X+i#tayon / X+i#tayonu#h|||X+At / X+Atu#h	PROB	SHOULD BE ONLY MS	
-	مَيمُون	مَيمُون	NOUN_PROP	مَيمُون / مَيمُونُه (ms)	-	-	-	-	-	X+Ø / X+u#h|||X+ayon / X+ayonu#h|||X+iyn / X+iynu#h|||X+ap / X+i#tu#h|||X+i#tayon / X+i#tayonu#h|||X+At / X+Atu#h	PROB	MOVE	
-	أَحَد	إِحدَى	NOUN	إِحدَى / إِحدَىُه (fs)	-	-	-	-	-	X+Ø / X+u#h|||X+ayon / X+ayonu#h|||X+iyn / X+iynu#h|||X+ap / X+i#tu#h|||X+i#tayon / X+i#tayonu#h|||X+At / X+Atu#h	PROB	STEM	
-	إِزّايّ	إِزَّيّ	ADV_REL	إِزَّيّ / إِزَّيُّه (ms)	-	-	-	-	-	X+Ø / X+u#h|||X+ayon / X+ayonu#h|||X+iyn / X+iynu#h|||X+ap / X+i#tu#h|||X+i#tayon / X+i#tayonu#h|||X+At / X+Atu#h	PROB	fixed 	
-	فَطِن	فَطِن	ADJ	فَطِن / فَطِنُه (ms)	فَطِنَيْن / فَطِنَيْنُه (md)	فَطِنِين / فَطِنِينُه (mp)	-	فَطِنتَيْن / فَطِنتَيْنُه (fd)	فَطِنات / فَطِناتُه (fp)	X+Ø / X+u#h|||X+ayon / X+ayonu#h|||X+iyn / X+iynu#h|||X+ap / X+i#tu#h|||X+i#tayon / X+i#tayonu#h|||X+At / X+Atu#h	PROB	FS 	
-	شَرقاوِي	شَرَقو	ADJ	-	-	-	شَرَقوَة / شَرَقوِتُه (mp)	-	-	X+Ø / X+u#h|||X+ayon / X+ayonu#h|||X+iyn / X+iynu#h|||X+ap / X+i#tu#h|||X+i#tayon / X+i#tayonu#h|||X+At / X+Atu#h	OK		
-	جَرَبَة	جَرَب	NOUN	-	-	-	جَرَبَة / جَرَبتُه (fs)	-	-	X+Ø / X+u#h|||X+ayon / X+ayonu#h|||X+iyn / X+iynu#h|||X+ap / X+i#tu#h|||X+i#tayon / X+i#tayonu#h|||X+At / X+Atu#h	OK		
-	باك	باك	NOUN	باك / باكُه (ms)	باكَيْن / باكَيْنُه (md)	باكِين / باكِينُه (mp)	باكَة / باكتُه (fs)	باكتَيْن / باكتَيْنُه (fd)	-	X+Ø / X+u#h|||X+ayon / X+ayonu#h|||X+iyn / X+iynu#h|||X+ap / X+i#tu#h|||X+i#tayon / X+i#tayonu#h|||X+At / X+Atu#h	OK		
-	أَبهَر	أَبهَر	ADJ_COMP	أَبهَر / أَبهَرُه (ms)	أَبهَرَيْن / أَبهَرَيْنُه (md)	-	-	-	-	X+Ø / X+u#h|||X+ayon / X+ayonu#h|||X+iyn / X+iynu#h|||X+ap / X+i#tu#h|||X+i#tayon / X+i#tayonu#h|||X+At / X+Atu#h	PROB	SHOULD BE ONLY MS	
-	صاحِب	صاحِ#ب	NOUN	صاحِب / صاحبُه (ms)	صاحبَيْن / صاحبَيْنُه (md)	-	صاحبَة / صاحِبتُه (fs)	صاحِبتَيْن / صاحِبتَيْنُه (fd)	-	X+Ø / X+u#h|||X+ayon / X+ayonu#h|||X+iyn / X+iynu#h|||X+ap / X+i#tu#h|||X+i#tayon / X+i#tayonu#h|||X+At / X+Atu#h	PROB	FP	
-	حَيَوان	حَيَوان	ADJ	حَيَوان / حَيَوانُه (ms)	حَيَوانَيْن / حَيَوانَيْنُه (md)	-	-	-	حَيَوانات / حَيَواناتُه (mp)	X+Ø / X+u#h|||X+ayon / X+ayonu#h|||X+iyn / X+iynu#h|||X+ap / X+i#tu#h|||X+i#tayon / X+i#tayonu#h|||X+At / X+Atu#h	PROB	FIXED	
-	جِيزَة	جِيز	NOUN_PROP	-	-	-	جِيزَة / جِيزتُه (fs)	جِيزتَيْن / جِيزتَيْنُه (fd)	-	X+Ø / X+u#h|||X+ayon / X+ayonu#h|||X+iyn / X+iynu#h|||X+ap / X+i#tu#h|||X+i#tayon / X+i#tayonu#h|||X+At / X+Atu#h	PROB	MOVE	
-	فِيتُو	فِيتُوه	NOUN	فِيتُوه / فِيتُوهُه (ms)	فِيتُوهَيْن / فِيتُوهَيْنُه (md)	فِيتُوهِين / فِيتُوهِينُه (mp)	-	-	-	X+Ø / X+u#h|||X+ayon / X+ayonu#h|||X+iyn / X+iynu#h|||X+ap / X+i#tu#h|||X+i#tayon / X+i#tayonu#h|||X+At / X+Atu#h	PROB	STEM	
-	مَدام	مَدام	NOUN	مَدام / مَدامُه (ms)	-	-	-	مَدامتَيْن / مَدامتَيْنُه (fd)	-	X+Ø / X+u#h|||X+ayon / X+ayonu#h|||X+iyn / X+iynu#h|||X+ap / X+i#tu#h|||X+i#tayon / X+i#tayonu#h|||X+At / X+Atu#h	PROB	MS+CLITICS	
-	عَجُوز	عَجُوز	NOUN	عَجُوز / عَجُوزُه (ms)	-	-	عَجُوزَة / عَجُوزتُه (fs)	-	-	X+Ø / X+u#h|||X+ayon / X+ayonu#h|||X+iyn / X+iynu#h|||X+ap / X+i#tu#h|||X+i#tayon / X+i#tayonu#h|||X+At / X+Atu#h	PROB	FS-FD-FP 	
-	أَبّ	أَبَّه	NOUN	-	أَبَّهَيْن / أَبَّهَيْنُه (md)	-	-	-	أَبَّهات / أَبَّهاتُه (mp)	X+Ø / X+u#h|||X+ayon / X+ayonu#h|||X+iyn / X+iynu#h|||X+ap / X+i#tu#h|||X+i#tayon / X+i#tayonu#h|||X+At / X+Atu#h	OK		
-	أُخرَة	أُخر	ADJ	-	-	-	-	أُخرِتَيْن / أُخرِتَيْنُه (fd)	أُخرات / أُخراتُه (fp)	X+Ø / X+u#h|||X+ayon / X+ayonu#h|||X+iyn / X+iynu#h|||X+ap / X+i#tu#h|||X+i#tayon / X+i#tayonu#h|||X+At / X+Atu#h	PROB	STEM	
#iy~	آلِي	آل	ADJ	آلِي / آلِيه (ms)	آلِيَّيْن / آلِيَّيْنُه (md)	آلِيِّين / آلِيِّينُه (mp)	آلِيَّة / آلِيّتُه (fs)	آلِيّتَيْن / آلِيّتَيْنُه (fd)	آلِيّات / آلِيّاتُه (fp)	X+iy / X+iyu#h|||X+iy~ayon / X+iy~ayonu#h|||X+iy~iyn / X+iy~iynu#h|||X+iy~ap / X+iy~i#tu#h|||X+iy~i#tayon / X+iy~i#tayonu#h|||X+iy~At / X+iy~Atu#h	OK		"this class is for nominal stems ending with ""iy"" which is originally ""iy~"" and interact with suffixes and clitics to produce different forms "
#iy~	مُرَبِّي	مُرَبّ	NOUN	مُرَبِّي / مُرَبِّيه (ms)	مُرَبِّيَّيْن / مُرَبِّيَّيْنُه (md)	مُرَبِّيِّين / مُرَبِّيِّينُه (mp)	مُرَبِّيَّة / مُرَبِّيّتُه (fs)	مُرَبِّيّتَيْن / مُرَبِّيّتَيْنُه (fd)	مُرَبِّيّات / مُرَبِّيّاتُه (fp)	X+iy / X+iyu#h|||X+iy~ayon / X+iy~ayonu#h|||X+iy~iyn / X+iy~iynu#h|||X+iy~ap / X+iy~i#tu#h|||X+iy~i#tayon / X+iy~i#tayonu#h|||X+iy~At / X+iy~Atu#h	OK		"this class is for nominal stems ending with ""iy"" which is originally ""iy~"" and interact with suffixes and clitics to produce different forms "
#iy~	تَأَنِّي	تَأَنّ	NOUN	تَأَنِّي / تَأَنِّيه (ms)	تَأَنِّيَّيْن / تَأَنِّيَّيْنُه (md)	-	-	-	تَأَنِّيّات / تَأَنِّيّاتُه (mp)	X+iy / X+iyu#h|||X+iy~ayon / X+iy~ayonu#h|||X+iy~iyn / X+iy~iynu#h|||X+iy~ap / X+iy~i#tu#h|||X+iy~i#tayon / X+iy~i#tayonu#h|||X+iy~At / X+iy~Atu#h	OK		"this class is for nominal stems ending with ""iy"" which is originally ""iy~"" and interact with suffixes and clitics to produce different forms "
#iy~	تَعالِي	تَعال	NOUN	تَعالِي / تَعالِيه (ms)	تَعالِيَّيْن / تَعالِيَّيْنُه (md)	-	-	-	-	X+iy / X+iyu#h|||X+iy~ayon / X+iy~ayonu#h|||X+iy~iyn / X+iy~iynu#h|||X+iy~ap / X+iy~i#tu#h|||X+iy~i#tayon / X+iy~i#tayonu#h|||X+iy~At / X+iy~Atu#h	OK		"this class is for nominal stems ending with ""iy"" which is originally ""iy~"" and interact with suffixes and clitics to produce different forms "
#iy~	حَوالِي	حَوال	ADV	حَوالِي / حَوالِيه (ms)	-	-	-	-	-	X+iy / X+iyu#h|||X+iy~ayon / X+iy~ayonu#h|||X+iy~iyn / X+iy~iynu#h|||X+iy~ap / X+iy~i#tu#h|||X+iy~i#tayon / X+iy~i#tayonu#h|||X+iy~At / X+iy~Atu#h	PROB	not belonging	"this class is for nominal stems ending with ""iy"" which is originally ""iy~"" and interact with suffixes and clitics to produce different forms "
#iy~	عِنَدِي	عِنَد	ADJ	عِنَدِي / عِنَدِيه (ms)	عِنَدِيَّيْن / عِنَدِيَّيْنُه (md)	عِنَدِيِّين / عِنَدِيِّينُه (mp)	عِنَدِيَّة / عِنَدِيّتُه (fs)	عِنَدِيّتَيْن / عِنَدِيّتَيْنُه (fd)	-	X+iy / X+iyu#h|||X+iy~ayon / X+iy~ayonu#h|||X+iy~iyn / X+iy~iynu#h|||X+iy~ap / X+iy~i#tu#h|||X+iy~i#tayon / X+iy~i#tayonu#h|||X+iy~At / X+iy~Atu#h	PROB	FP	"this class is for nominal stems ending with ""iy"" which is originally ""iy~"" and interact with suffixes and clitics to produce different forms "
#iy~	بِكِينِي	بِكِين	ADJ	بِكِينِي / بِكِينِيه (ms)	بِكِينِيَّيْن / بِكِينِيَّيْنُه (md)	-	-	-	-	X+iy / X+iyu#h|||X+iy~ayon / X+iy~ayonu#h|||X+iy~iyn / X+iy~iynu#h|||X+iy~ap / X+iy~i#tu#h|||X+iy~i#tayon / X+iy~i#tayonu#h|||X+iy~At / X+iy~Atu#h	PROB	SOLVED POS	"this class is for nominal stems ending with ""iy"" which is originally ""iy~"" and interact with suffixes and clitics to produce different forms "
#iy~	حُسَينِي	حُسَين	NOUN	حُسَينِي / حُسَينِيه (ms)	حُسَينِيَّيْن / حُسَينِيَّيْنُه (md)	-	-	-	-	X+iy / X+iyu#h|||X+iy~ayon / X+iy~ayonu#h|||X+iy~iyn / X+iy~iynu#h|||X+iy~ap / X+iy~i#tu#h|||X+iy~i#tayon / X+iy~i#tayonu#h|||X+iy~At / X+iy~Atu#h	PROB	fixed	"this class is for nominal stems ending with ""iy"" which is originally ""iy~"" and interact with suffixes and clitics to produce different forms "
#iy~	تَمَلِّي	تَمَلّ	ADJ	تَمَلِّي / تَمَلِّيه (ms)	-	-	-	-	-	X+iy / X+iyu#h|||X+iy~ayon / X+iy~ayonu#h|||X+iy~iyn / X+iy~iynu#h|||X+iy~ap / X+iy~i#tu#h|||X+iy~i#tayon / X+iy~i#tayonu#h|||X+iy~At / X+iy~Atu#h	PROB	shouldn't be adj	"this class is for nominal stems ending with ""iy"" which is originally ""iy~"" and interact with suffixes and clitics to produce different forms "
#iy~	مَبنَى	مَبان	NOUN	مَبانِي / مَبانِيه (mp)	-	-	-	-	-	X+iy / X+iyu#h|||X+iy~ayon / X+iy~ayonu#h|||X+iy~iyn / X+iy~iynu#h|||X+iy~ap / X+iy~i#tu#h|||X+iy~i#tayon / X+iy~i#tayonu#h|||X+iy~At / X+iy~Atu#h	OK		"this class is for nominal stems ending with ""iy"" which is originally ""iy~"" and interact with suffixes and clitics to produce different forms "
#iy~	وَلِي	وَل	NOUN	وَلِي / وَلِيه (ms)	وَلِيَّيْن / وَلِيَّيْنُه (md)	-	وَلِيَّة / وَلِيّتُه (fs)	وَلِيّتَيْن / وَلِيّتَيْنُه (fd)	وَلِيّات / وَلِيّاتُه (fp)	X+iy / X+iyu#h|||X+iy~ayon / X+iy~ayonu#h|||X+iy~iyn / X+iy~iynu#h|||X+iy~ap / X+iy~i#tu#h|||X+iy~i#tayon / X+iy~i#tayonu#h|||X+iy~At / X+iy~Atu#h	PROB	MP	"this class is for nominal stems ending with ""iy"" which is originally ""iy~"" and interact with suffixes and clitics to produce different forms "
#iy~	اَوِي	اَو	ADV	اَوِي / اَوِيه (ms)	اَوِيَّيْن / اَوِيَّيْنُه (md)	اَوِيِّين / اَوِيِّينُه (mp)	اَوِيَّة / اَوِيّتُه (fs)	اَوِيّتَيْن / اَوِيّتَيْنُه (fd)	اَوِيّات / اَوِيّاتُه (fp)	X+iy / X+iyu#h|||X+iy~ayon / X+iy~ayonu#h|||X+iy~iyn / X+iy~iynu#h|||X+iy~ap / X+iy~i#tu#h|||X+iy~i#tayon / X+iy~i#tayonu#h|||X+iy~At / X+iy~Atu#h	PROB		"this class is for nominal stems ending with ""iy"" which is originally ""iy~"" and interact with suffixes and clitics to produce different forms "
#iy~	إِنجلِيزِي	إِنجلِيز	ADJ	إِنجلِيزِي / إِنجلِيزِيه (ms)	-	-	-	إِنجلِيزِيّتَيْن / إِنجلِيزِيّتَيْنُه (fd)	إِنجلِيزِيّات / إِنجلِيزِيّاتُه (fp)	X+iy / X+iyu#h|||X+iy~ayon / X+iy~ayonu#h|||X+iy~iyn / X+iy~iynu#h|||X+iy~ap / X+iy~i#tu#h|||X+iy~i#tayon / X+iy~i#tayonu#h|||X+iy~At / X+iy~Atu#h	PROB	SOLVED (MD..)	"this class is for nominal stems ending with ""iy"" which is originally ""iy~"" and interact with suffixes and clitics to produce different forms "
#iy~	شادِي	شاد	NOUN	شادِي / شادِيه (ms)	-	-	-	-	-	X+iy / X+iyu#h|||X+iy~ayon / X+iy~ayonu#h|||X+iy~iyn / X+iy~iynu#h|||X+iy~ap / X+iy~i#tu#h|||X+iy~i#tayon / X+iy~i#tayonu#h|||X+iy~At / X+iy~Atu#h	PROB	MD..	"this class is for nominal stems ending with ""iy"" which is originally ""iy~"" and interact with suffixes and clitics to produce different forms "
#iy~	بِبسِي	بِيبس	NOUN_PROP	بِيبسِي / بِيبسِيه (ms)	-	-	-	-	-	X+iy / X+iyu#h|||X+iy~ayon / X+iy~ayonu#h|||X+iy~iyn / X+iy~iynu#h|||X+iy~ap / X+iy~i#tu#h|||X+iy~i#tayon / X+iy~i#tayonu#h|||X+iy~At / X+iy~Atu#h	PROB		"this class is for nominal stems ending with ""iy"" which is originally ""iy~"" and interact with suffixes and clitics to produce different forms "
L#	لَيّ	لَيّ	NOUN	لَيّ / لَيُّه (ms)	لَيَّيْن / لَيَّيْنُه (md)	-	-	-	-	X+Ø / X+u#h|||X+ayon / X+ayonu#h|||X+iyn / X+iynu#h|||X+ap / X+i#tu#h|||X+i#tayon / X+i#tayonu#h|||X+At / X+Atu#h	PROB		
L#	لِيَّة	لِي	NOUN	-	-	-	لِيَة / لِيتُه (fs)	لِيتَيْن / لِيتَيْنُه (fd)	لِيات / لِياتُه (fp)	X+Ø / X+u#h|||X+ayon / X+ayonu#h|||X+iyn / X+iynu#h|||X+ap / X+i#tu#h|||X+i#tayon / X+i#tayonu#h|||X+At / X+Atu#h	OK		
L#	لازِم	لازِ#م	ADJ	لازِم / لازمُه (ms)	لازمَيْن / لازمَيْنُه (md)	لازمِين / لازمِينُه (mp)	لازمَة / لازِمتُه (fs)	لازِمتَيْن / لازِمتَيْنُه (fd)	لازمات / لازماتُه (fp)	X+Ø / X+u#h|||X+ayon / X+ayonu#h|||X+iyn / X+iynu#h|||X+ap / X+i#tu#h|||X+i#tayon / X+i#tayonu#h|||X+At / X+Atu#h	OK		
L#	لاعِب	لاعِ#ب	NOUN	لاعِب / لاعبُه (ms)	لاعبَيْن / لاعبَيْنُه (md)	لاعبِين / لاعبِينُه (mp)	لاعبَة / لاعِبتُه (fs)	لاعِبتَيْن / لاعِبتَيْنُه (fd)	لاعبات / لاعباتُه (fp)	X+Ø / X+u#h|||X+ayon / X+ayonu#h|||X+iyn / X+iynu#h|||X+ap / X+i#tu#h|||X+i#tayon / X+i#tayonu#h|||X+At / X+Atu#h	OK		
L#	لَحم	لُحُوم	NOUN	لُحُوم / لُحُومُه (mp)	-	-	-	-	-	X+Ø / X+u#h|||X+ayon / X+ayonu#h|||X+iyn / X+iynu#h|||X+ap / X+i#tu#h|||X+i#tayon / X+i#tayonu#h|||X+At / X+Atu#h	OK		
L#	لَجنَة	لِجان	NOUN	لِجان / لِجانُه (fp)	-	-	-	-	-	X+Ø / X+u#h|||X+ayon / X+ayonu#h|||X+iyn / X+iynu#h|||X+ap / X+i#tu#h|||X+i#tayon / X+i#tayonu#h|||X+At / X+Atu#h	OK		
L#	لاحِق	لاحِ#ق	ADJ	لاحِق / لاحقُه (ms)	-	لاحقِين / لاحقِينُه (mp)	لاحقَة / لاحِقتُه (fs)	-	-	X+Ø / X+u#h|||X+ayon / X+ayonu#h|||X+iyn / X+iynu#h|||X+ap / X+i#tu#h|||X+i#tayon / X+i#tayonu#h|||X+At / X+Atu#h	PROB	FIXED	
L#	لاوِي	لاوِ#ي	ADJ	لاوِي / لاويُه (ms)	لاويَيْن / لاويَيْنُه (md)	لاويِين / لاويِينُه (mp)	لاويَة / لاوِيتُه (fs)	لاوِيتَيْن / لاوِيتَيْنُه (fd)	-	X+Ø / X+u#h|||X+ayon / X+ayonu#h|||X+iyn / X+iynu#h|||X+ap / X+i#tu#h|||X+i#tayon / X+i#tayonu#h|||X+At / X+Atu#h	PROB	FP	
L#	لِسَّه	لِسَّه	ADV	لِسَّه / لِسَّهُه (ms)	-	-	-	-	-	X+Ø / X+u#h|||X+ayon / X+ayonu#h|||X+iyn / X+iynu#h|||X+ap / X+i#tu#h|||X+i#tayon / X+i#tayonu#h|||X+At / X+Atu#h	PROB	MOVE	
L#	لَئِيم	لَئِيم	ADJ	لَئِيم / لَئِيمُه (ms)	-	-	-	-	-	X+Ø / X+u#h|||X+ayon / X+ayonu#h|||X+iyn / X+iynu#h|||X+ap / X+i#tu#h|||X+i#tayon / X+i#tayonu#h|||X+At / X+Atu#h	PROB	FIXED	
L#	أَلَدّ	لَدُود	ADJ_COMP	لَدُود / لَدُودُه (ms)	-	-	-	-	-	X+Ø / X+u#h|||X+ayon / X+ayonu#h|||X+iyn / X+iynu#h|||X+ap / X+i#tu#h|||X+i#tayon / X+i#tayonu#h|||X+At / X+Atu#h	PROB	FIXED	
L#	لَضَمان	لَضَمان	NOUN	لَضَمان / لَضَمانُه (ms)	لَضَمانَيْن / لَضَمانَيْنُه (md)	-	-	-	لَضَمانات / لَضَماناتُه (mp)	X+Ø / X+u#h|||X+ayon / X+ayonu#h|||X+iyn / X+iynu#h|||X+ap / X+i#tu#h|||X+i#tayon / X+i#tayonu#h|||X+At / X+Atu#h	OK		
#A-A'	اِفتِرا	اِفتِرا	NOUN	اِفتِرا / اِفتِراءُه (ms)	اِفتِراءَيْن / اِفتِراءَيْنُه (md)	-	-	-	اِفتِراءات / اِفتِراءاتُه (mp)	X+Ø / X+'u#h|||X+'ayon / X+'ayonu#h||||||||||||X+'At / X+'Atu#h	OK	"ms with clitics doesn't contain hamza ""افتراه"""	"this class is for nominal stems that originally end with hamza in MSA but they are deviated in EGY to end with ""A"""
#A-A'	عالِم	عُلَم	NOUN	عُلَم / عُلَمءُه (mp)	-	-	-	-	-	X+Ø / X+'u#h|||X+'ayon / X+'ayonu#h||||||||||||X+'At / X+'Atu#h	PROB	corrected	"this class is for nominal stems that originally end with hamza in MSA but they are deviated in EGY to end with ""A"""
L# #A'	لِقاء	لِقا	NOUN	لِقاء / لِقاءُه (ms)	لِقاءَيْن / لِقاءَيْنُه (md)	-	-	-	لِقاءات / لِقاءاتُه (mp)	X+' / X+'u#h|||X+'ayon / X+'ayonu#h||||||||||||X+'At / X+'Atu#h	OK		
ACTPART	آهِل	آهِ#ل	ADJ	آهِل / CHECK (ms)	آهلَيْن / CHECK (md)	آهلِين / CHECK (mp)	آهلَة / CHECK (fs)	آهِلتَيْن / CHECK (fd)	آهلات / CHECK (fp)	X+Ø / X+CHECK|||X+ayon / X+CHECK|||X+iyn / X+CHECK|||X+ap / X+CHECK|||X+i#tayon ـ/ X+CHECK|||X+At / X+CHECK	OK		
ACTPART	بادِئ	بادِ#ئ	NOUN	بادِئ / CHECK (ms)	-	-	-	-	-	X+Ø / X+CHECK|||X+ayon / X+CHECK|||X+iyn / X+CHECK|||X+ap / X+CHECK|||X+i#tayon / X+CHECK|||X+At / X+CHECK	PROB	MD..	
aA-Ap-w	طاغيَة	طُغ	NOUN	-	-	-	طُغَة / طُغتُه (fp)	-	-	|||||||||X+ap / X+i#tu#h||||||	PROB	fixed	
#aA	بابا	باباه	NOUN	باباها / باباهاه (ms)	باباهَيْن / باباهَيْنُه (md)	-	-	-	-	X+A / X+Au#h|||X+ayon / X+ayonu#h|||X+iyn / X+iynu#h|||X+ap / X+i#tu#h|||X+i#tayon / X+i#tayonu#h|||X+At / X+Atu#h	PROB	STEM	class is removed
#aA	ماما	مام	NOUN	ماما / ماماه (fs)	-	-	-	مامتَيْن / مامتَيْنُه (fd)	-	X+A / X+Au#h|||X+ayon / X+ayonu#h|||X+iyn / X+iynu#h|||X+ap / X+i#tu#h|||X+i#tayon / X+i#tayonu#h|||X+At / X+Atu#h	PROB	FP	class is removed
#aA	وَيّا	وَيّ	NOUN	وَيّا / وَيّاه (ms)	-	-	-	-	-	X+A / X+Au#h|||X+ayon / X+ayonu#h|||X+iyn / X+iynu#h|||X+ap / X+i#tu#h|||X+i#tayon / X+i#tayonu#h|||X+At / X+Atu#h	PROB	MOVE	class is removed
#aA	رُبَّما	رُبَّم	ADV	رُبَّما / رُبَّماه (ms)	-	-	-	-	-	X+A / X+Au#h|||X+ayon / X+ayonu#h|||X+iyn / X+iynu#h|||X+ap / X+i#tu#h|||X+i#tayon / X+i#tayonu#h|||X+At / X+Atu#h	PROB	MOVE	class is removed
#aA	باشا	باشَو	NOUN	باشاوا / باشاواه (ms)	باشاوَيْن / باشاوَيْنُه (md)	-	-	-	باشاوات / باشاواتُه (mp)	X+A / X+Au#h|||X+ayon / X+ayonu#h|||X+iyn / X+iynu#h|||X+ap / X+i#tu#h|||X+i#tayon / X+i#tayonu#h|||X+At / X+Atu#h	PROB	SOLVED	class is removed
#aA	هِنا	هِن	ADV	هِنا / هِناه (ms)	هِنَيْن / هِنَيْنُه (md) 	-	-	-	-	X+A / X+Au#h|||X+ayon / X+ayonu#h|||X+iyn / X+iynu#h|||X+ap / X+i#tu#h|||X+i#tayon / X+i#tayonu#h|||X+At / X+Atu#h	PROB	MOVE	class is removed
#aA	فِيلّا	فِيلّ	NOUN	فِيلّا / فِيلّاه (fs)	-	-	-	فِيلِّتَيْن / فِيلِّتَيْنُه (fd)	فِيلّات / فِيلّاتُه (fp)	X+A / X+Au#h|||X+ayon / X+ayonu#h|||X+iyn / X+iynu#h|||X+ap / X+i#tu#h|||X+i#tayon / X+i#tayonu#h|||X+At / X+Atu#h	PROB	فلته	class is removed
#aA	فَقِير	فُقَرا	NOUN	فُقَراا / فُقَرااه (mp)	-	-	-	-	-	X+A / X+Au#h|||X+ayon / X+ayonu#h|||X+iyn / X+iynu#h|||X+ap / X+i#tu#h|||X+i#tayon / X+i#tayonu#h|||X+At / X+Atu#h	PROB		class is removed
@collective	أَسمَنت	أَسمَنت	NOUN	أَسمَنت / أَسمَنتُه (ms)	أَسمَنتَيْن / أَسمَنتَيْنُه (md)	-	-	-	-	X+Ø / X+u#h|||X+ayon / X+ayonu#h|||X+iyn / X+iynu#h|||X+ap / X+i#tu#h|||X+i#tayon / X+i#tayonu#h|||X+At / X+Atu#h	OK		
@collective	ماس	ماس	NOUN	ماس / ماسُه (ms)	-	-	-	-	-	X+Ø / X+u#h|||X+ayon / X+ayonu#h|||X+iyn / X+iynu#h|||X+ap / X+i#tu#h|||X+i#tayon / X+i#tayonu#h|||X+At / X+Atu#h	OK		
@collective	جِيتار	جِيتار	NOUN	جِيتار / جِيتارُه (ms)	جِيتارَيْن / جِيتارَيْنُه (md)	-	-	-	جِيتارات / جِيتاراتُه (mp)	X+Ø / X+u#h|||X+ayon / X+ayonu#h|||X+iyn / X+iynu#h|||X+ap / X+i#tu#h|||X+i#tayon / X+i#tayonu#h|||X+At / X+Atu#h	PROB		
@collective	جَرّاح	جَرّاح	NOUN	جَرّاح / جَرّاحُه (ms)	جَرّاحَيْن / جَرّاحَيْنُه (md)	جَرّاحِين / جَرّاحِينُه (mp)	جَرّاحَة / جَرّاحتُه (fs)	جَرّاحتَيْن / جَرّاحتَيْنُه (fd)	جَرّاحات / جَرّاحاتُه (fp)	X+Ø / X+u#h|||X+ayon / X+ayonu#h|||X+iyn / X+iynu#h|||X+ap / X+i#tu#h|||X+i#tayon / X+i#tayonu#h|||X+At / X+Atu#h	PROB		
#aY-Ap-y	أذَى	أَذ	NOUN	أَذَى / أَذاه (ms)	أَذَيَيْن / أَذَيَيْنُه (md)	-	-	-	-	X+aY / X+Au#h|||X+ayayon / X+ayayonu#h|||X+iyn / X+iynu#h|||X+Aap / X+Ai#tu#h|||X+Ai#tayon / X+Ai#tayonu#h|||X+ayAt / X+ayAtu#h	OK		
#aY-Ap-y	مُستَوَى	مُستَو	NOUN	مُستَوَى / مُستَواه (ms)	مُستَوَيَيْن / مُستَوَيَيْنُه (md)	-	-	-	مُستَوَيات / مُستَوَياتُه (mp)	X+aY / X+Au#h|||X+ayayon / X+ayayonu#h|||X+iyn / X+iynu#h|||X+Aap / X+Ai#tu#h|||X+Ai#tayon / X+Ai#tayonu#h|||X+ayAt / X+ayAtu#h	OK		
#aY-Ap-y	مُستَشفَى	مُستَشف	NOUN	مُستَشفَى / مُستَشفاه (ms)	-	-	-	مُستَشفاتَيْن / مُستَشفاتَيْنُه (md)	مُستَشفَيات / مُستَشفَياتُه (mp)	X+aY / X+Au#h|||X+ayayon / X+ayayonu#h|||X+iyn / X+iynu#h|||X+Aap / X+Ai#tu#h|||X+Ai#tayon / X+Ai#tayonu#h|||X+ayAt / X+ayAtu#h	PROB	aY-at	
#aY-Ap-y	مُسَمَّى	مُسَمّ	ADJ	مُسَمَّى / مُسَمّاه (ms)	مُسَمَّيَيْن / مُسَمَّيَيْنُه (md)	مُسَمِّين / مُسَمِّينُه (mp)	مُسَمّاة / مُسَمّاتُه (fs)	مُسَمّاتَيْن / مُسَمّاتَيْنُه (fd)	مُسَمَّيات / مُسَمَّياتُه (fp)	X+aY / X+Au#h|||X+ayayon / X+ayayonu#h|||X+iyn / X+iynu#h|||X+Aap / X+Ai#tu#h|||X+Ai#tayon / X+Ai#tayonu#h|||X+ayAt / X+ayAtu#h	PROB	mp is incorrect	
#aY-Ap-y	فَتوَى	فَتو	NOUN / NOUN	فَتوَة / فَتوِتُه (fs) // فَتوَى / فَتواه (fs)	-	-	-	-	-	X+aY / X+Au#h|||X+ayayon / X+ayayonu#h|||X+iyn / X+iynu#h|||X+Aap / X+Ai#tu#h|||X+Ai#tayon / X+Ai#tayonu#h|||X+ayAt / X+ayAtu#h	PROB	md fd	
#aY-Ap-y	مُباراة	مُبار	NOUN	-	-	-	مُباراة / مُباراتُه (fs)	مُباراتَيْن / مُباراتَيْنُه (fd)	مُبارَيات / مُبارَياتُه (fp)	X+aY / X+Au#h|||X+ayayon / X+ayayonu#h|||X+iyn / X+iynu#h|||X+Aap / X+Ai#tu#h|||X+Ai#tayon / X+Ai#tayonu#h|||X+ayAt / X+ayAtu#h	OK		
#aY-Ap-y	غِنَى	غِن	NOUN	غِنَى / غِناه (ms)	غِنَيَيْن / غِنَيَيْنُه (md)	-	-	-	-	X+aY / X+Au#h|||X+ayayon / X+ayayonu#h|||X+iyn / X+iynu#h|||X+Aap / X+Ai#tu#h|||X+Ai#tayon / X+Ai#tayonu#h|||X+ayAt / X+ayAtu#h	OK		
#aY-Ap-y	أُخرَى	أُخر	ADJ	أُخرَى / أُخراه (fs)	-	-	-	-	-	X+aY / X+Au#h|||X+ayayon / X+ayayonu#h|||X+iyn / X+iynu#h|||X+Aap / X+Ai#tu#h|||X+Ai#tayon / X+Ai#tayonu#h|||X+ayAt / X+ayAtu#h	PROB	aY-at	
#aY-Ap-y	حَتَّى	حَتّ	ADJ	حَتَّى / حَتّاه (ms)	-	-	-	-	-	X+aY / X+Au#h|||X+ayayon / X+ayayonu#h|||X+iyn / X+iynu#h|||X+Aap / X+Ai#tu#h|||X+Ai#tayon / X+Ai#tayonu#h|||X+ayAt / X+ayAtu#h	PROB	MOVE	
#aY-Ap-y	جاي	جاي	ADJ	جايَى / جاياه (ms)	جايَيَيْن / جايَيَيْنُه (md)	جايِين / جايِينُه (mp)	جاياة / جاياتُه (fs)	جاياتَيْن / جاياتَيْنُه (fd)	-	X+aY / X+Au#h|||X+ayayon / X+ayayonu#h|||X+iyn / X+iynu#h|||X+Aap / X+Ai#tu#h|||X+Ai#tayon / X+Ai#tayonu#h|||X+ayAt / X+ayAtu#h	PROB	STEM	
#aY-Ap-y	فَحوَى	فَحو	NOUN	فَحوَى / فَحواه (fs)	فَحوَيَيْن / فَحوَيَيْنُه (fd)	-	-	-	فَحوَيات / فَحوَياتُه (fp)	X+aY / X+Au#h|||X+ayayon / X+ayayonu#h|||X+iyn / X+iynu#h|||X+Aap / X+Ai#tu#h|||X+Ai#tayon / X+Ai#tayonu#h|||X+ayAt / X+ayAtu#h	OK		
#aY-Ap-y	مِعَى	مِعا	NOUN	مِعاَى / مِعااه (ms)	مِعاَيَيْن / مِعاَيَيْنُه (md)	-	-	-	مِعاَيات / مِعاَياتُه (fp)	X+aY / X+Au#h|||X+ayayon / X+ayayonu#h|||X+iyn / X+iynu#h|||X+Aap / X+Ai#tu#h|||X+Ai#tayon / X+Ai#tayonu#h|||X+ayAt / X+ayAtu#h	PROB		
#aY-Ap-y	أَمثَل	مُثل	ADJ	مُثلَى / مُثلاه (ms)	مُثلَيَيْن / مُثلَيَيْنُه (md)	-	-	-	-	X+aY / X+Au#h|||X+ayayon / X+ayayonu#h|||X+iyn / X+iynu#h|||X+Aap / X+Ai#tu#h|||X+Ai#tayon / X+Ai#tayonu#h|||X+ayAt / X+ayAtu#h	OK	aY-at	
#aY-Ap-y	قَتِيل	قَتل	NOUN	قَتلَى / قَتلاه (mp)	-	-	-	-	-	X+aY / X+Au#h|||X+ayayon / X+ayayonu#h|||X+iyn / X+iynu#h|||X+Aap / X+Ai#tu#h|||X+Ai#tayon / X+Ai#tayonu#h|||X+ayAt / X+ayAtu#h	OK		
#aY-Ap-y	أَسمَى	أَسم	ADJ_COMP	أَسمَى / أَسماه (ms)	-	-	-	-	-	X+aY / X+Au#h|||X+ayayon / X+ayayonu#h|||X+iyn / X+iynu#h|||X+Aap / X+Ai#tu#h|||X+Ai#tayon / X+Ai#tayonu#h|||X+ayAt / X+ayAtu#h	OK		
#A'	راء	را	NOUN	راء / راءُه (ms)	راءَيْن / راءَيْنُه (md)	-	-	-	راءات / راءاتُه (mp)	X+' / X+'u#h|||X+'ayon / X+'ayonu#h|||X+}iyn / X+}iynu#h|||X+'ap / X+'i#tu#h|||X+'i#tayon / X+'i#tayonu#h|||X+'At / X+'Atu#h	OK		this class is for nominal stems ending with hamza that change by attaching to suffix as in the following examples
#A'	أَداء	أَدا	NOUN	أَداء / أَداءُه (ms)	أَداءَيْن / أَداءَيْنُه (md)	-	-	-	-	X+' / X+'u#h|||X+'ayon / X+'ayonu#h|||X+}iyn / X+}iynu#h|||X+'ap / X+'i#tu#h|||X+'i#tayon / X+'i#tayonu#h|||X+'At / X+'Atu#h	OK		this class is for nominal stems ending with hamza that change by attaching to suffix as in the following examples
#A'	رَأي	آرا	NOUN	آراء / آراءُه (mp)	-	-	-	-	-	X+' / X+'u#h|||X+'ayon / X+'ayonu#h|||X+}iyn / X+}iynu#h|||X+'ap / X+'i#tu#h|||X+'i#tayon / X+'i#tayonu#h|||X+'At / X+'Atu#h	OK		this class is for nominal stems ending with hamza that change by attaching to suffix as in the following examples
#A'	شَيء	أَشيا	NOUN	أَشياء / أَشياءُه (mp)	-	-	-	-	-	X+' / X+'u#h|||X+'ayon / X+'ayonu#h|||X+}iyn / X+}iynu#h|||X+'ap / X+'i#tu#h|||X+'i#tayon / X+'i#tayonu#h|||X+'At / X+'Atu#h	OK	m is removed from gender	this class is for nominal stems ending with hamza that change by attaching to suffix as in the following examples
#A'	وَراء	وَرا	NOUN	وَراء / وَراءُه (ms)	-	-	-	-	-	X+' / X+'u#h|||X+'ayon / X+'ayonu#h|||X+}iyn / X+}iynu#h|||X+'ap / X+'i#tu#h|||X+'i#tayon / X+'i#tayonu#h|||X+'At / X+'Atu#h	PROB	MOVE	this class is for nominal stems ending with hamza that change by attaching to suffix as in the following examples
#A'	حَيّ	أَحيا	ADJ	أَحياء / أَحياءُه (mp)	-	-	-	-	-	X+' / X+'u#h|||X+'ayon / X+'ayonu#h|||X+}iyn / X+}iynu#h|||X+'ap / X+'i#tu#h|||X+'i#tayon / X+'i#tayonu#h|||X+'At / X+'Atu#h	OK		this class is for nominal stems ending with hamza that change by attaching to suffix as in the following examples
#A'	بَنّاء	بَنّا	ADJ	بَنّاء / بَنّاءُه (ms)	بَنّاءَيْن / بَنّاءَيْنُه (md)	بَنّائِين / بَنّائِينُه (mp)	بَنّاءَة / بَنّاءتُه (fs)	بَنّاءتَيْن / بَنّاءتَيْنُه (fd)	بَنّاءات / بَنّاءاتُه (fp)	X+' / X+'u#h|||X+'ayon / X+'ayonu#h|||X+}iyn / X+}iynu#h|||X+'ap / X+'i#tu#h|||X+'i#tayon / X+'i#tayonu#h|||X+'At / X+'Atu#h	OK		this class is for nominal stems ending with hamza that change by attaching to suffix as in the following examples
L# #iy~	لَبَنِي	لَبَن	ADJ	لَبَنِي / لَبَنِيه (ms)	لَبَنِيَّيْن / لَبَنِيَّيْنُه (md)	لَبَنِيِّين / لَبَنِيِّينُه (mp)	لَبَنِيَّة / لَبَنِيّتُه (fs)	لَبَنِيّتَيْن / لَبَنِيّتَيْنُه (fd)	لَبَنِيّات / لَبَنِيّاتُه (fp)	X+iy / X+iyu#h|||X+iy~ayon / X+iy~ayonu#h|||X+iy~iyn / X+iy~iynu#h|||X+iy~ap / X+iy~i#tu#h|||X+iy~i#tayon / X+iy~i#tayonu#h|||X+iy~At / X+iy~Atu#h	PROB	FS-FD-FP	"this class is for nominal stems starting with ""l"" and ending with ""iy"" that are affected by attached suffixes and clitics to produce differnt forms "
L# #iy~	لَلِّي	لَلّ	NOUN	لَلِّي / لَلِّيه (ms)	لَلِّيَّيْن / لَلِّيَّيْنُه (md)	-	-	-	-	X+iy / X+iyu#h|||X+iy~ayon / X+iy~ayonu#h|||X+iy~iyn / X+iy~iynu#h|||X+iy~ap / X+iy~i#tu#h|||X+iy~i#tayon / X+iy~i#tayonu#h|||X+iy~At / X+iy~Atu#h	OK		"this class is for nominal stems starting with ""l"" and ending with ""iy"" that are affected by attached suffixes and clitics to produce differnt forms "
L# #aY	لَدَى	لَدَى	NOUN	لَدَى / لَدَىُه (ms)	لَدَىَيْن / لَدَىَيْنُه (md)	-	-	-	-	X+Ø / X+u#h|||X+ayon / X+ayonu#h||||||||||||	PROB	MOVE	
#ap-at	صِفَة	صِف	NOUN	-	-	-	صِفَة / صِفَتُه (fs)	صِفَتَيْن / صِفَتَيْنُه (fd)	صِفات / صِفاتُه (fp)	|||||||||X+ap / X+atu#h|||X+atayon / X+atayonu#h|||X+At / X+Atu#h	OK		
#o'-con	بَرِيء	بَرِي	ADJ	بَرِيء / بَرِيءُه (ms)	بَرِيئَيْن / بَرِيئَيْنُه (md)	بَرِيئِين / بَرِيئِينُه (mp)	بَرِيئَة / بَرِيئتُه (fs)	بَرِيئتَيْن / بَرِيئتَيْنُه (fd)	بَرِيئات / بَرِيئاتُه (fp)	X+' / X+'u#h|||X+}ayon / X+}ayonu#h|||X+}iyn / X+}iynu#h|||X+}ap / X+}i#tu#h|||X+}i#tayon / X+}i#tayonu#h|||X+}At / X+}Atu#h	PROB	MS`CLITICS	
#o'-con	شَيء	شَي	NOUN	شَيء / شَيءُه (ms)	شَيئَيْن / شَيئَيْنُه (md)	-	-	-	-	X+' / X+'u#h|||X+}ayon / X+}ayonu#h|||X+}iyn / X+}iynu#h|||X+}ap / X+}i#tu#h|||X+}i#tayon / X+}i#tayonu#h|||X+}At / X+}Atu#h	PROB		
#o'-con	كُفء	كُف	ADJ	كُفء / كُفءُه (ms)	كُفئَيْن / كُفئَيْنُه (md)	-	-	-	-	X+' / X+'u#h|||X+}ayon / X+}ayonu#h|||X+}iyn / X+}iynu#h|||X+}ap / X+}i#tu#h|||X+}i#tayon / X+}i#tayonu#h|||X+}At / X+}Atu#h	OK		
#w'	سُوء	سُو	NOUN	سُوء / سُوءُه (ms)	سُوءَيْن / سُوءَيْنُه (md)	-	-	-	-	X+' / X+'u#h|||X+'ayon / X+'ayonu#h||||||||||||	OK		
#a>	خَطَأ	خَطَأ	NOUN	خَطَأَأ / خَطَأَأُه (ms)	خَطَأَأَيْن / خَطَأَأَيْنُه (md)	-	-	-	-	X+a> / X+a>u#h|||X+a>ayon / X+a>ayonu#h|||X+}iyn / X+}iynu#h|||X+a>ap / X+a>i#tu#h|||X+a>i#tayon / X+a>i#tayonu#h|||X+|t / X+|tu#h	PROB	STEM	
#a>	مُعَبَّأ	مُعَبّ	ADJ	مُعَبَّأ / مُعَبَّأُه (ms)	مُعَبَّأَيْن / مُعَبَّأَيْنُه (md)	مُعَبّئِين / مُعَبّئِينُه (mp)	مُعَبَّأَة / مُعَبَّأتُه (fs)	مُعَبَّأتَيْن / مُعَبَّأتَيْنُه (fd)	مُعَبّآت / مُعَبّآتُه (fp)	X+a> / X+a>u#h|||X+a>ayon / X+a>ayonu#h|||X+}iyn / X+}iynu#h|||X+a>ap / X+a>i#tu#h|||X+a>i#tayon / X+a>i#tayonu#h|||X+|t / X+|tu#h	OK		
#a>	أَسوَأ	أَسوَأ	ADJ_COMP	أَسوَأَأ / أَسوَأَأُه (ms)	-	-	-	-	-	X+a> / X+a>u#h|||X+a>ayon / X+a>ayonu#h|||X+}iyn / X+}iynu#h|||X+a>ap / X+a>i#tu#h|||X+a>i#tayon / X+a>i#tayonu#h|||X+|t / X+|tu#h	PROB	STEM	
#iy @collective	تَقاوِي	تَقاو	NOUN	تَقاوِي / تَقاوِيه (ms)	تَقاوِيَيْن / تَقاوِيَيْنُه (md)	-	-	-	-	X+iy / X+iyu#h|||X+iyayon / X+iyayonu#h||||||||||||	OK		
#iy	أَرض	أَراض	NOUN	أَراضِي / أَراضِيه (mp)	-	-	-	-	-	X+iy / X+iyu#h|||X+iyayon / X+iyayonu#h||||||||||||	OK		
#iy	أُغنِيَة	أَغان	NOUN	أَغانِي / أَغانِيه (fp)	-	-	-	-	-	X+iy / X+iyu#h|||X+iyayon / X+iyayonu#h||||||||||||	OK		
#iy	مَطافِي	مَطاف	NOUN	مَطافِي / مَطافِيه (ms)	مَطافِيَيْن / مَطافِيَيْنُه (md)	-	-	-	-	X+iy / X+iyu#h|||X+iyayon / X+iyayonu#h||||||||||||	OK		
#iy	خالِي	خَوال	ADJ	خَوالِي / خَوالِيه (mp)	-	-	-	-	-	X+iy / X+iyu#h|||X+iyayon / X+iyayonu#h||||||||||||	OK		
#iy	شِي	اِش	NOUN	اِشِي / اِشِيه (ms)	اِشِيَيْن / اِشِيَيْنُه (md)	-	-	-	-	X+iy / X+iyu#h|||X+iyayon / X+iyayonu#h||||||||||||	OK		
#iy	غِذا	أَغذ	NOUN	-	-	-	أَغذِيَة / أَغذِيتُه (mp)	-	-	|||||||||X+iyap / X+iyi#tu#h||||||	PROB	FIXED	
-	أَحَد	أَحَد	NOUN	أَحَد / أَحَدُه (ms)	أَحَدَيْن / أَحَدَيْنُه (md)	-	-	-	-	X+Ø / X+u#h|||X+ayon / X+ayonu#h|||X+iyn / X+iynu#h|||X+ap / X+i#tu#h|||X+i#tayon / X+i#tayonu#h|||X+At / X+Atu#h	OK		
-	سَنَة	سَن	NOUN	-	-	-	سَنَة / سَنتُه (fs)	سَنتَيْن / سَنتَيْنُه (fd)	-	X+Ø / X+u#h|||X+ayon / X+ayonu#h|||X+iyn / X+iynu#h|||X+ap / X+i#tu#h|||X+i#tayon / X+i#tayonu#h|||X+At / X+Atu#h	OK		
-	سَنَة	سَنَو	NOUN	-	-	-	-	-	سَنَوات / سَنَواتُه (fp)	X+Ø / X+u#h|||X+ayon / X+ayonu#h|||X+iyn / X+iynu#h|||X+ap / X+i#tu#h|||X+i#tayon / X+i#tayonu#h|||X+At / X+Atu#h	OK		
-	أُمّ	أُمّ	NOUN	أُمّ / أُمُّه (fs)	أُمَّيْن / أُمَّيْنُه (fd)	-	-	-	-	X+Ø / X+u#h|||X+ayon / X+ayonu#h|||X+iyn / X+iynu#h|||X+ap / X+i#tu#h|||X+i#tayon / X+i#tayonu#h|||X+At / X+Atu#h	OK		
-	أُمّ	أُمَّه	NOUN	-	-	-	-	-	أُمَّهات / أُمَّهاتُه (fp)	X+Ø / X+u#h|||X+ayon / X+ayonu#h|||X+iyn / X+iynu#h|||X+ap / X+i#tu#h|||X+i#tayon / X+i#tayonu#h|||X+At / X+Atu#h	OK		
@collective	أَسمَنت	أَسمَنت	NOUN	أَسمَنت / أَسمَنتُه (ms)	أَسمَنتَيْن / أَسمَنتَيْنُه (md)	-	-	-	-	X+Ø / X+u#h|||X+ayon / X+ayonu#h||||||||||||	OK		
ACTPART	آهِل	آهِ#ل	ADJ	آهِل / CHECK (ms)	آهلَيْن / CHECK (md)	آهلِين / CHECK (mp)	آهلَة / CHECK (fs)	آهِلتَيْن / CHECK (fd)	آهلات / CHECK (fp)	X+Ø / X+CHECK-ZERO|||X+ayon / X+CHECK-ZERO|||X+iyn / X+CHECK-ZERO|||X+ap / X+CHECK-ZERO|||X+i#tayon / X+CHECK-ZERO|||X+At / X+CHECK-ZERO	OK		
ACTPART	بادِئ	بادِ#ئ	NOUN	بادِئ / CHECK (ms)	-	-	-	-	-	X+Ø / X+CHECK-ZERO|||X+ayon / X+CHECK-ZERO|||X+iyn / X+CHECK-ZERO|||X+ap / X+CHECK-ZERO|||X+i#tayon / X+CHECK-ZERO|||X+At / X+CHECK-ZERO	PROB	fixed	
@collective	صابُون	صابُون	NOUN	ماس / ماسُه (ms)	-	-	-	-	-	X+Ø / X+u#h|||X+ayon / X+ayonu#h||||||||||||	PROB	fixed	
-	ناسِي	ناسِ#ي	NOUN	ناسِي / ناسيُه (ms)	ناسيَيْن / ناسيَيْنُه (md)	ناسيِين / ناسيِينُه (mp)	ناسيَة / ناسِيتُه (fs)	ناسِيتَيْن / ناسِيتَيْنُه (fd)	ناسيات / ناسياتُه (fp)	X+Ø / X+u#h|||X+ayon / X+ayonu#h|||X+iyn / X+iynu#h|||X+ap / X+i#tu#h|||X+i#tayon / X+i#tayonu#h|||X+At / X+Atu#h	OK		
-	إِسلام	إِسلام	NOUN	إِسلام / إِسلامُه (ms)	إِسلامَيْن / إِسلامَيْنُه (md)	-	-	-	-	X+Ø / X+u#h|||X+ayon / X+ayonu#h|||X+iyn / X+iynu#h|||X+ap / X+i#tu#h|||X+i#tayon / X+i#tayonu#h|||X+At / X+Atu#h	OK		
-	آل	آل	NOUN	آل / آلُه (ms)	-	-	-	-	-	X+Ø / X+u#h|||X+ayon / X+ayonu#h|||X+iyn / X+iynu#h|||X+ap / X+i#tu#h|||X+i#tayon / X+i#tayonu#h|||X+At / X+Atu#h	OK		
-	صاحِب	صاحِ#ب	NOUN	صاحِب / صاحبُه (ms)	صاحبَيْن / صاحبَيْنُه (md)	-	صاحبَة / صاحِبتُه (fs)	صاحِبتَيْن / صاحِبتَيْنُه (fd)	صاحبات / صاحباتُه (fp)	X+Ø / X+u#h|||X+ayon / X+ayonu#h|||X+iyn / X+iynu#h|||X+ap / X+i#tu#h|||X+i#tayon / X+i#tayonu#h|||X+At / X+Atu#h	OK	FP	
-	آخَر	آخَر	ADJ	آخَر / آخَرُه (ms)	آخَرَيْن / آخَرَيْنُه (md)	-	-	-	-	X+Ø / X+u#h|||X+ayon / X+ayonu#h|||X+iyn / X+iynu#h|||X+ap / X+i#tu#h|||X+i#tayon / X+i#tayonu#h|||X+At / X+Atu#h	PROB	FIXED	
-	أَبيَض	بَيضا	ADJ	بَيضا / بَيضاه (ms)	-	-	-	-	-	X+Ø / X+u#h|||X+ayon / X+ayonu#h|||X+iyn / X+iynu#h|||X+ap / X+i#tu#h|||X+i#tayon / X+i#tayonu#h|||X+At / X+Atu#h	OK		
-	بَلبَلَة	بَلبَل	NOUN	-	-	-	بَلبَلَة / بَلبَلتُه (fs)	بَلبَلتَيْن / بَلبَلتَيْنُه (fd)	بَلبَلات / بَلبَلاتُه (fp)	X+Ø / X+u#h|||X+ayon / X+ayonu#h|||X+iyn / X+iynu#h|||X+ap / X+i#tu#h|||X+i#tayon / X+i#tayonu#h|||X+At / X+Atu#h	OK		
-	عَيِّل	عَيِّل	ADJ	عَيِّل / عَيِّلُه (ms)	عَيِّلَيْن / عَيِّلَيْنُه (md)	-	عَيِّلَة / عَيِّلتُه (fs)	عَيِّلتَيْن / عَيِّلتَيْنُه (fd)	عَيِّلات / عَيِّلاتُه (fp)	X+Ø / X+u#h|||X+ayon / X+ayonu#h|||X+iyn / X+iynu#h|||X+ap / X+i#tu#h|||X+i#tayon / X+i#tayonu#h|||X+At / X+Atu#h	OK		
-	تُراب	أَترِب	NOUN	-	-	-	أَترِبَة / أَترِبتُه (fs)	-	-	X+Ø / X+u#h|||X+ayon / X+ayonu#h|||X+iyn / X+iynu#h|||X+ap / X+i#tu#h|||X+i#tayon / X+i#tayonu#h|||X+At / X+Atu#h	OK		
-	هِنا	هِنا	ADV	هِنا / هِناه (ms)	هِناَيْن / هِناَيْنُه (md)	-	-	-	-	X+Ø / X+u#h|||X+ayon / X+ayonu#h|||X+iyn / X+iynu#h|||X+ap / X+i#tu#h|||X+i#tayon / X+i#tayonu#h|||X+At / X+Atu#h	OK		
-	سِي	سِي	NOUN	سِي / CHECK (ms)	-	-	-	-	-	X+Ø / X+CHECK-ZERO|||||||||||||||	OK		
-	حَفِيد	حَفِيد	NOUN	حَفِيدَة / حَفِيدتُه (ms)	حَفِيدتَيْن / حَفِيدَيْنُه (md)	-	حَفِيدَة / حَفِيدتُه (ms)	حَفِيدتَيْن / حَفِيدَيْنُه (md)	حَفِيدات / حَفِيداتُه (mp)	X+ap / X+i#tu#h|||X+i#tayon / X+ayonu#h||||||X+ap / X+i#tu#h|||X+i#tayon / X+ayonu#h|||X+At / X+Atu#h	OK		
#iy~	سُمِّي	سُمّ	ADJ	سُمِّي / سُمِّيه (ms)	سُمِّيَّيْن / سُمِّيَّيْنُه (md)	-	-	-	-	X+iy / X+iyu#h|||X+iy~ayon / X+iy~ayonu#h|||X+iy~iyn / X+iy~iynu#h|||X+iy~ap / X+iy~i#tu#h|||X+iy~i#tayon / X+iy~i#tayonu#h|||X+iy~At / X+iy~Atu#h	PROB	FIXED	"this class is for nominal stems ending with ""iy"" which is originally ""iy~"" and interact with suffixes and clitics to produce different forms "
#iy~	شَرقاوِي	شَرَقو	ADJ	شَرَقوِيّات / شَرَقوِيه (mp)	شَرَقوِيّات / شَرَقوِيه (mp)	شَرَقوِيّات / شَرَقوِيه (mp)	شَرَقوِيّات / شَرَقوِيه (mp)	شَرَقوِيّات / شَرَقوِيه (mp)	شَرَقوِيّات / شَرَقوِيه (mp)	X+iy~At / X+iyu#h|||X+iy~At / X+iyu#h|||X+iy~At / X+iyu#h|||X+iy~At / X+iyu#h|||X+iy~At / X+iyu#h|||X+iy~At / X+iyu#h	PROB	fixed	
#iy~	اِحتِياطِي	اِحتِياط	ADJ	اِحتِياطِي / اِحتِياطِيه (ms)	اِحتِياطِيَّيْن / اِحتِياطِيَّيْنُه (md)	اِحتِياطِيِّين / اِحتِياطِيِّينُه (mp)	اِحتِياطِي / اِحتِياطِيه (ms)	اِحتِياطِيَّيْن / اِحتِياطِيَّيْنُه (md)	اِحتِياطِيِّين / اِحتِياطِيِّينُه (mp)	X+iy / X+iyu#h|||X+iy~ayon / X+iy~ayonu#h|||X+iy~iyn / X+iy~iynu#h|||X+iy / X+iyu#h|||X+iy~ayon / X+iy~ayonu#h|||X+iy~iyn / X+iy~iynu#h	PROB	FIXED	"this class is for nominal stems ending with ""iy"" which is originally ""iy~"" and interact with suffixes and clitics to produce different forms "
#A-A'	عالِم	عُلَما	NOUN	عُلَما / عُلَماءُه (mp)	-	-	-	-	-	X+Ø / X+'u#h|||X+'ayon / X+'ayonu#h||||||||||||X+'At / X+'Atu#h	OK		"this class is for nominal stems that originally end with hamza in MSA but they are deviated in EGY to end with ""A"""
#aA-at	دِنيا	دِني	NOUN	دِنيا / دِنياه (fs)	-	-	-	دِنيِتَيْن / دِنيِتَيْنُه (fd)	دِنيات / دِنياتُه (fp)	X+A / X+Au#h||||||||||||X+i#tayon / X+i#tayonu#h|||X+At / X+Atu#h	OK		
#aA-at	مِينا	مِين	NOUN	مِينا / مِيناه (fs)	-	-	-	مِينتَيْن / مِينتَيْنُه (fd)	-	X+A / X+Au#h||||||||||||X+i#tayon / X+i#tayonu#h|||X+At / X+Atu#h	OK		
#aA-at	سِيما	سِيم	NOUN	سِيما / سِيماه (ms)	-	-	-	-	-	X+A / X+Au#h||||||||||||X+i#tayon / X+i#tayonu#h|||X+At / X+Atu#h	PROB	سيمته md	
#aA-at	صَفرا	صَفرا	ADJ	صَفراا / صَفرااه (fs)	-	-	-	صَفراتَيْن / صَفراتَيْنُه (fd)	صَفراات / صَفرااتُه (fp)	X+A / X+Au#h||||||||||||X+i#tayon / X+i#tayonu#h|||X+At / X+Atu#h	PROB	fixed	
-	قُطّ	قُطّ	NOUN	قُطّ / قُطُّه (ms)	قُطَّيْن / قُطَّيْنُه (md)	-	قُطَّة / قُطِّتُه (fs)	قُطِّتَيْن / قُطِّتَيْنُه (fd)	قُطّات / قُطّاتُه (fp)	X+Ø / X+u#h|||X+ayon / X+ayonu#h|||X+iyn / X+iynu#h|||X+ap / X+i#tu#h|||X+i#tayon / X+i#tayonu#h|||X+At / X+Atu#h	OK	ONLY IN EGY FS-FD	
-	أَخّ	إِخو	NOUN	-	-	-	-	-	إِخوات / إِخواتُه (fp)	X+Ø / X+u#h|||X+ayon / X+ayonu#h|||X+iyn / X+iynu#h|||X+ap / X+i#tu#h|||X+i#tayon / X+i#tayonu#h|||X+At / X+Atu#h	PROB	FIXED (LEMMA)	
-	مَدام	مَدام	NOUN	مَدام / مَدامُه (fs)	مَدامَيْن / مَدامَيْنُه (fd)	-	-	-	مَدامات / مَداماتُه (fp)	X+Ø / X+u#h|||X+ayon / X+ayonu#h|||X+iyn / X+iynu#h|||X+ap / X+i#tu#h|||X+i#tayon / X+i#tayonu#h|||X+At / X+Atu#h	OK	MS+CLITICS	
-	فِيتُو	فِيتُوه	NOUN	-	فِيتُوهَيْن / فِيتُوهَيْنُه (md)	-	-	-	فِيتُوهات / فِيتُوهاتُه (fp)	X+Ø / X+u#h|||X+ayon / X+ayonu#h|||X+iyn / X+iynu#h|||X+ap / X+i#tu#h|||X+i#tayon / X+i#tayonu#h|||X+At / X+Atu#h	OK	STEM	
-	تَوراه	تَوراه	NOUN	تَوراه / تَوراهُه (fs)	-	-	-	تَوراهتَيْن / تَوراهتَيْنُه (fd)	تَوراهات / تَوراهاتُه (fp)	X+Ø / X+u#h|||X+ayon / X+ayonu#h|||X+iyn / X+iynu#h|||X+ap / X+i#tu#h|||X+i#tayon / X+i#tayonu#h|||X+At / X+Atu#h	PROB	fixed	
-	سِكِّير	سِكِّير	NOUN	سِكِّير / سِكِّيرُه (ms)	سِكِّيرَيْن / سِكِّيرَيْنُه (md)	-	سِكِّيرَة / سِكِّيرتُه (fs)	سِكِّيرتَيْن / سِكِّيرتَيْنُه (fd)	-	X+Ø / X+u#h|||X+ayon / X+ayonu#h|||X+iyn / X+iynu#h|||X+ap / X+i#tu#h|||X+i#tayon / X+i#tayonu#h|||X+At / X+Atu#h	PROB	fixed	
#iy~	جِلِي	جِل	NOUN	جِلِي / جِلِيه (ms)	جِلِيَّيْن / جِلِيَّيْنُه (md)	-	-	-	-	X+iy / X+iyu#h|||X+iy~ayon / X+iy~ayonu#h|||X+iy~iyn / X+iy~iynu#h|||X+iy~ap / X+iy~i#tu#h|||X+iy~i#tayon / X+iy~i#tayonu#h|||X+iy~At / X+iy~Atu#h	OK		"this class is for nominal stems ending with ""iy"" which is originally ""iy~"" and interact with suffixes and clitics to produce different forms "
#iy~	حُسَينِي	حُسَين	ADJ	حُسَينِي / حُسَينِيّتُه (ms)	حُسَينِيَّيْن / حُسَينِيّتَيْنُه (md)	حُسَينِيّات / حُسَينِيّاتُه (mp)	حُسَينِي / حُسَينِيّتُه (ms)	حُسَينِيَّيْن / حُسَينِيّتَيْنُه (md)	حُسَينِيّات / حُسَينِيّاتُه (mp)	X+iy / X+iy~i#tu#h|||X+iy~ayon / X+iy~i#tayonu#h|||X+iy~At / X+iy~Atu#h|||X+iy / X+iy~i#tu#h|||X+iy~ayon / X+iy~i#tayonu#h|||X+iy~At / X+iy~Atu#h	PROB	fixed	
L#	كُلّ	لِكُلّ	NOUN	لِكُلّ / لِكُلُّه (ms)	لِكُلَّيْن / لِكُلَّيْنُه (md)	-	-	-	-	X+Ø / X+u#h|||X+ayon / X+ayonu#h|||X+iyn / X+iynu#h|||X+ap / X+i#tu#h|||X+i#tayon / X+i#tayonu#h|||X+At / X+Atu#h	PROB	REMOVED	
L#	لَيّ	لَيّ	NOUN	لَيّ / لَيُّه (ms)	لَيَّيْن / لَيَّيْنُه (md)	-	-	-	لَيّات / لَيّاتُه (mp)	X+Ø / X+u#h|||X+ayon / X+ayonu#h|||X+iyn / X+iynu#h|||X+ap / X+i#tu#h|||X+i#tayon / X+i#tayonu#h|||X+At / X+Atu#h	OK		
#aA-at	صَفرا	صَفر	ADJ	صَفرا / صَفراه (fs)	-	-	-	صَفرِتَيْن / صَفرِتَيْنُه (fd)	صَفرات / صَفراتُه (fp)	X+A / X+Au#h||||||||||||X+i#tayon / X+i#tayonu#h|||X+At / X+Atu#h	PROB	GEN	
#aA-at	رَفّا	رَفّ	NOUN	رَفّا / رَفّاه (ms)	-	-	-	رَفِّتَيْن / رَفِّتَيْنُه (fd)	رَفّات / رَفّاتُه (fp)	X+A / X+Au#h||||||||||||X+i#tayon / X+i#tayonu#h|||X+At / X+Atu#h	OK	without gen	
#aA-at	أَليا	أَلي	NOUN	أَليا / أَلياه (fs)	-	-	-	-	-	X+A / X+Au#h||||||||||||X+i#tayon / X+i#tayonu#h|||X+At / X+Atu#h	PROB	FIXED	
#aA-at	كامِيرا	كامِير	NOUN	كامِيرا / كامِيراه (fs)	-	-	-	-	كامِيرات / كامِيراتُه (fp)	X+A / X+Au#h||||||||||||X+i#tayon / X+i#tayonu#h|||X+At / X+Atu#h	PROB	FIXED (FD ADDED)	
#aY-Ap-y	شُورَى	شُور	NOUN	شُورَى / شُوراه (ms)	شُورَيَيْن / شُورَيَيْنُه (md)	-	-	-	-	X+aY / X+Au#h|||X+ayayon / X+ayayonu#h|||X+iyn / X+iynu#h|||X+Aap / X+Ai#tu#h|||X+Ai#tayon / X+Ai#tayonu#h|||X+ayAt / X+ayAtu#h	OK		
#aY-Ap-y	دِرَى	دِر	NOUN	دِرَى / دِراه (ms)	-	-	-	-	-	X+aY / X+Au#h|||X+ayayon / X+ayayonu#h|||X+iyn / X+iynu#h|||X+Aap / X+Ai#tu#h|||X+Ai#tayon / X+Ai#tayonu#h|||X+ayAt / X+ayAtu#h	PROB	FIXED	
#aY-Ap-y	كِلَى	كِل	NOUN	كِلَى / كِلاه (fs)	-	-	-	-	-	X+aY / X+Au#h|||X+ayayon / X+ayayonu#h|||X+iyn / X+iynu#h|||X+Aap / X+Ai#tu#h|||X+Ai#tayon / X+Ai#tayonu#h|||X+ayAt / X+ayAtu#h	PROB	FIXED	
#aY-Ap-y	جُوَّة	جُوّ	ADV	-	-	-	جُوّاة / جُوّاتُه (fs)	جُوّاتَيْن / جُوّاتَيْنُه (fd)	جُوَّيات / جُوَّياتُه (fp)	X+aY / X+Au#h|||X+ayayon / X+ayayonu#h|||X+iyn / X+iynu#h|||X+Aap / X+Ai#tu#h|||X+Ai#tayon / X+Ai#tayonu#h|||X+ayAt / X+ayAtu#h	PROB	PREP	
#A'	قَضاء	قَضا	NOUN	قَضاء / قَضاءُه (ms)	قَضاءَيْن / قَضاءَيْنُه (md)	-	-	-	-	X+' / X+'u#h|||X+'ayon / X+'ayonu#h|||X+}iyn / X+}iynu#h|||X+'ap / X+'i#tu#h|||X+'i#tayon / X+'i#tayonu#h|||X+'At / X+'Atu#h	OK		this class is for nominal stems ending with hamza that change by attaching to suffix as in the following examples
#A'	دِماء	دِما	NOUN	دِماء / دِماءُه (ms)	دِماءَيْن / دِماءَيْنُه (md)	-	-	-	-	X+' / X+'u#h|||X+'ayon / X+'ayonu#h|||X+}iyn / X+}iynu#h|||X+'ap / X+'i#tu#h|||X+'i#tayon / X+'i#tayonu#h|||X+'At / X+'Atu#h	OK		this class is for nominal stems ending with hamza that change by attaching to suffix as in the following examples
#aY-at	مُستَشفَى	مُستَشف	NOUN	مُستَشفَى / مُستَشفاه (fs)	-	-	-	مُستَشفِتَيْن / مُستَشفِتَيْنُه (fd)	مُستَشفات / مُستَشفاتُه (fp)	X+aY / X+Au#h||||||||||||X+i#tayon / X+i#tayonu#h|||X+At / X+Atu#h	OK		
L# #iy~	لُولِي	لُول	NOUN	لُولِي / لُولِيه (ms)	لُولِيَّيْن / لُولِيَّيْنُه (md)	-	-	-	لُولِيّات / لُولِيّاتُه (mp)	X+iy / X+iyu#h|||X+iy~ayon / X+iy~ayonu#h|||X+iy~iyn / X+iy~iynu#h|||X+iy~ap / X+iy~i#tu#h|||X+iy~i#tayon / X+iy~i#tayonu#h|||X+iy~At / X+iy~Atu#h	PROB	FD	"this class is for nominal stems starting with ""l"" and ending with ""iy"" that are affected by attached suffixes and clitics to produce differnt forms "
#aA-Ap-w	قَناة	قَن	NOUN	-	-	-	قَناة / قَناتُه (fs)	قَناتَيْن / قَناتَيْنُه (fd)	قَنَوات / قَنَواتُه (fp)	|||||||||X+Aap / X+Ai#tu#h|||X+Ai#tayon / X+Ai#tayonu#h|||X+awAt / X+awAtu#h	OK		"this class is for nominal stems ending with Ap or ""A"" and their final redical letter is w, such ending are affected by attached suffixes and enclitics to produce differnt forms "
#aA-Ap-y	هَنا	هَن	NOUN	هَن / هَنُه (ms)	هَنَيْن / هَنَيْنُه (md)	-	-	-	-	X+Ø / X+u#h|||X+ayon / X+ayonu#h|||X+iyn / X+iynu#h|||||||||	PROB	هنيين 	
#aA-Ap-y	حا	ح	NOUN	ح / حُه (ms)	-	-	-	-	-	X+Ø / X+u#h|||X+ayon / X+ayonu#h|||X+iyn / X+iynu#h|||||||||	PROB		
#aA-Ap-y	بَنّا	بَنّ	NOUN	بَنّ / بَنُّه (ms)	بَنَّيْن / بَنَّيْنُه (md)	بَنِّين / بَنِّينُه (mp)	-	-	-	X+Ø / X+u#h|||X+ayon / X+ayonu#h|||X+iyn / X+iynu#h|||||||||	PROB		
-	باتا	باتا	NOUN_PROP	باتا / باتاه (ms)	-	-	-	-	-	X+Ø / X+u#h|||X+ayon / X+ayonu#h|||X+iyn / X+iynu#h|||X+ap / X+i#tu#h|||X+i#tayon / X+i#tayonu#h|||X+At / X+Atu#h	PROB	fixed 	
-	جَلحا	جَلحا	ADJ	جَلحا / جَلحاه (fs)	جَلحاَيْن / جَلحاَيْنُه (fd)	-	-	-	-	X+Ø / X+u#h|||X+ayon / X+ayonu#h|||X+iyn / X+iynu#h|||X+ap / X+i#tu#h|||X+i#tayon / X+i#tayonu#h|||X+At / X+Atu#h	PROB	fixed	
-	مُخابَرات	مُخابَر	NOUN	-	-	-	-	-	مُخابَرات / مُخابَراتُه (fp)	X+Ø / X+u#h|||X+ayon / X+ayonu#h|||X+iyn / X+iynu#h|||X+ap / X+i#tu#h|||X+i#tayon / X+i#tayonu#h|||X+At / X+Atu#h	PROB	fixed	
L#	لَحد	لَحد	NOUN	لَحد / لَحدُه (ms)	لَحدَيْن / لَحدَيْنُه (md)	-	-	-	-	X+Ø / X+u#h|||X+ayon / X+ayonu#h|||X+iyn / X+iynu#h|||X+ap / X+i#tu#h|||X+i#tayon / X+i#tayonu#h|||X+At / X+Atu#h	OK		
#A-A'	اِفتِرا	اِفتِرا	NOUN	اِفتِرا / اِفتِراءُه (ms)	اِفتِراءَيْن / اِفتِراءَيْنُه (md)	-	-	-	اِفتِراءات / اِفتِراءاتُه (mp)	X+Ø / X+'u#h|||X+'ayon / X+'ayonu#h|||X+}iyn / X+}iynu#h|||X+'ap / X+'i#tu#h|||X+'i#tayon / X+'i#tayonu#h|||X+'At / X+'Atu#h	OK	"ms with clitics doesn't contain hamza ""افتراه"""	"this class is for nominal stems that originally end with hamza in MSA but they are deviated in EGY to end with ""A"""
#A-A'	مِستِقايا	مِستِقايا	ADJ	مِستِقايا / مِستِقاياءُه (ms)	مِستِقاياءَيْن / مِستِقاياءَيْنُه (md)	مِستِقايائِين / مِستِقايائِينُه (mp)	مِستِقاياءَة / مِستِقاياءتُه (fs)	مِستِقاياءتَيْن / مِستِقاياءتَيْنُه (fd)	مِستِقاياءات / مِستِقاياءاتُه (fp)	X+Ø / X+'u#h|||X+'ayon / X+'ayonu#h|||X+}iyn / X+}iynu#h|||X+'ap / X+'i#tu#h|||X+'i#tayon / X+'i#tayonu#h|||X+'At / X+'Atu#h	OK		"this class is for nominal stems that originally end with hamza in MSA but they are deviated in EGY to end with ""A"""
#A-A'	عالِم	عُلَما	NOUN	عُلَما / عُلَماءُه (mp)	-	-	-	-	-	X+Ø / X+'u#h|||X+'ayon / X+'ayonu#h|||X+}iyn / X+}iynu#h|||X+'ap / X+'i#tu#h|||X+'i#tayon / X+'i#tayonu#h|||X+'At / X+'Atu#h	OK		"this class is for nominal stems that originally end with hamza in MSA but they are deviated in EGY to end with ""A"""
#aA-Ap-y	اِشتِها	اِشتِه	NOUN	اِشتِه / اِشتِهُه (ms)	اِشتِهَيْن / اِشتِهَيْنُه (md)	-	-	-	-	X+Ø / X+u#h|||X+ayon / X+ayonu#h|||X+iyn / X+iynu#h|||||||||	PROB	FIXED	
#aA-Ap-y	اِكتِفا	اِكتِف	NOUN	اِكتِف / اِكتِفُه (ms)	اِكتِفَيْن / اِكتِفَيْنُه (md)	-	-	-	اِكتِفات / اِكتِفاتُه (mp)	X+Ø / X+u#h|||X+ayon / X+ayonu#h||||||||||||X+At / X+Atu#h	PROB	FIXED	
#aA-at	دُنيا	دُني	NOUN	دُنيا / دُنياه (fs)	-	-	-	دُنيِتَيْن / دُنيِتَيْنُه (fd)	دُنيات / دُنياتُه (fp)	X+A / X+Au#h||||||||||||X+i#tayon / X+i#tayonu#h|||X+At / X+Atu#h	OK		
#aA-at	اِستِنجَلِينا	اِستِنجَلِينا	ADJ	اِستِنجَلِيناا / اِستِنجَلِينااه (ms)	-	-	-	-	-	X+A / X+Au#h||||||||||||X+i#tayon / X+i#tayonu#h|||X+At / X+Atu#h	PROB	FIXED	
@collective	ماس	ماس	NOUN	ماس / ماسُه (ms)	-	-	-	-	-	X+Ø / X+u#h|||X+ayon / X+ayonu#h||||||||||||	OK		
#aA-Ap-w	أُسطا	أُسط	NOUN	أُسطا / أُسطاه (ms)	-	-	-	-	-	X+A / X+Au#h|||||||||||||||	PROB	WHY MD IS MISSING?	
#aY-Ap-y	ضُحَى	ضُح	NOUN	ضُحَى / ضُحاه (ms)	ضُحَيَيْن / ضُحَيَيْنُه (md)	-	-	-	-	X+aY / X+Au#h|||X+ayayon / X+ayayonu#h|||X+iyn / X+iynu#h|||X+Aap / X+Ai#tu#h|||X+Ai#tayon / X+Ai#tayonu#h|||X+ayAt / X+ayAtu#h	OK		
#aY-Ap-y	مِعَى	مِع	NOUN	مِعَى / مِعاه (ms)	مِعَيَيْن / مِعَيَيْنُه (md)	-	-	-	مِعَيات / مِعَياتُه (fp)	X+aY / X+Au#h|||X+ayayon / X+ayayonu#h|||X+iyn / X+iynu#h|||X+Aap / X+Ai#tu#h|||X+Ai#tayon / X+Ai#tayonu#h|||X+ayAt / X+ayAtu#h	OK		
#o'-dis	جُزء	جُز	NOUN	جُزء / جُزءُه (ms)	جُزأَيْن / جُزأَيْنُه (md)	-	-	-	-	X+' / X+'u#h|||X+>ayon / X+>ayonu#h||||||||||||	OK		
#a>	خَطَأ	خَط	NOUN	خَطَأ / خَطَأُه (ms)	خَطَأَيْن / خَطَأَيْنُه (md)	-	-	-	-	X+a> / X+a>u#h|||X+a>ayon / X+a>ayonu#h|||X+}iyn / X+}iynu#h|||X+a>ap / X+a>i#tu#h|||X+a>i#tayon / X+a>i#tayonu#h|||X+|t / X+|tu#h	OK		
#a>	أَسوَأ	أَسو	ADJ	أَسوَأ / أَسوَأُه (ms)	-	-	-	-	-	X+a> / X+a>u#h|||X+a>ayon / X+a>ayonu#h|||X+}iyn / X+}iynu#h|||X+a>ap / X+a>i#tu#h|||X+a>i#tayon / X+a>i#tayonu#h|||X+|t / X+|tu#h	OK		
