LINE	STATUS	COUNT	SIGNATURE	LEMMA	DIAC_AR	DIAC	FREQ	QC	COMMENTS	PATTERN	STEM	BW	GLOSS	COND-S	COND-T	PREF-CAT	STEM-CAT	SUFF-CAT	FEATS	DEBUG	COLOR
1	OK-ONE	1	VERB.C2MS.AI	>a$Ar	شِير	$iyr	3757	OK		>a1aAo3	[$iyr]	$iyr/CV+(null)/CVSUFF_SUBJ:2MS	indicate;mention;cite;be_indicated;be_mentioned;be_cited_[CALIMA]	[intrans]	[-]	P:[C]_[CS:-]_[CT:-]_[CF:-]	X:[C]_[CS:intrans]_[CT:-]_[CF:#-A+#-A'+#-a>+#-aY+#-iy+#-iy'+#-uw+#-uw']	S:[C]_[CS:z-suff]_[CT:-]_[CF:-]	pos:verb asp:c vox:a per:2 gen:m num:s mod:i enc0:0 prc0:0 prc1:0 prc2:0 prc3:0	FSE0 PS0 PP0 OK M0	0
2	OK-ONE	1	VERB.C2FS.AI	>a$Ar	شِيرِي	$iyriy	3757	OK	>a$iyriy	>a1aAo3	[$iyr]	$iyr/CV+iy/CVSUFF_SUBJ:2FS	indicate;mention;cite;be_indicated;be_mentioned;be_cited_[CALIMA]	[intrans]	[-]	P:[C]_[CS:-]_[CT:-]_[CF:-]	X:[C]_[CS:intrans]_[CT:-]_[CF:#-A+#-A'+#-a>+#-aY+#-iy+#-iy'+#-uw+#-uw']	S:[C]_[CS:#^V+v-suff+y-suff]_[CT:-]_[CF:-]	pos:verb asp:c vox:a per:2 gen:f num:s mod:i enc0:0 prc0:0 prc1:0 prc2:0 prc3:0	FSE0 PS0 PP0 OK M0	1
3	OK-ONE	1	VERB.C2P.AI	>a$Ar	شِيرُوا	$iyruwA	3757	OK		>a1aAo3	[$iyr]	$iyr/CV+uwA/CVSUFF_SUBJ:2P	indicate;mention;cite;be_indicated;be_mentioned;be_cited_[CALIMA]	[intrans]	[-]	P:[C]_[CS:-]_[CT:-]_[CF:-]	X:[C]_[CS:intrans]_[CT:-]_[CF:#-A+#-A'+#-a>+#-aY+#-iy+#-iy'+#-uw+#-uw']	S:[C]_[CS:#^V+v-suff+w-suff]_[CT:-]_[CF:enc0||enc1||enc2]	pos:verb asp:c vox:a per:2 gen:u num:p mod:i enc0:0 prc0:0 prc1:0 prc2:0 prc3:0	FSE0 PS0 PP0 OK M0	0
4	OK-ZERO-E0-INTRANS	0	VERB.C2MS.AI.E0	>a$Ar			3757	OK		>a1aAo3	[$iyr]			[intrans]	[-]					PP0 FSE0 PS0	1
5	OK-ZERO-E0-INTRANS	0	VERB.C2FS.AI.E0	>a$Ar			3757	OK		>a1aAo3	[$iyr]			[intrans]	[-]					PP0 FSE0 PS0	0
6	OK-ZERO-E0-INTRANS	0	VERB.C2P.AI.E0	>a$Ar			3757	OK		>a1aAo3	[$iyr]			[intrans]	[-]					PP0 FSE0 PS0	1
7	OK-ONE	1	VERB.C2MS.AI	Aisota>oSal	اِسْتَأْصِل	Aisota>oSil	3352	OK		None	[Aisota>oSil]	Aisota>oSil/CV+(null)/CVSUFF_SUBJ:2MS	Gloss:TBA_[CALIMA]	[trans]	[-]	P:[C]_[CS:-]_[CT:-]_[CF:-]	X:[C]_[CS:trans]_[CT:-]_[CF:#-A+#-A'+#-a>+#-aY+#-iy+#-iy'+#-uw+#-uw']	S:[C]_[CS:z-suff]_[CT:-]_[CF:-]	pos:verb asp:c vox:a per:2 gen:m num:s mod:i enc0:0 prc0:0 prc1:0 prc2:0 prc3:0	FSE0 PS0 PP0 OK M0	0
8	OK-ONE	1	VERB.C2FS.AI	Aisota>oSal	اِسْتَأْصِلِي	Aisota>oSiliy	3352	OK		None	[Aisota>oSil]	Aisota>oSil/CV+iy/CVSUFF_SUBJ:2FS	Gloss:TBA_[CALIMA]	[trans]	[-]	P:[C]_[CS:-]_[CT:-]_[CF:-]	X:[C]_[CS:trans]_[CT:-]_[CF:#-A+#-A'+#-a>+#-aY+#-iy+#-iy'+#-uw+#-uw']	S:[C]_[CS:#^V+v-suff+y-suff]_[CT:-]_[CF:-]	pos:verb asp:c vox:a per:2 gen:f num:s mod:i enc0:0 prc0:0 prc1:0 prc2:0 prc3:0	FSE0 PS0 PP0 OK M0	1
9	OK-ONE	1	VERB.C2P.AI	Aisota>oSal	اِسْتَأْصِلُوا	Aisota>oSiluwA	3352	OK		None	[Aisota>oSil]	Aisota>oSil/CV+uwA/CVSUFF_SUBJ:2P	Gloss:TBA_[CALIMA]	[trans]	[-]	P:[C]_[CS:-]_[CT:-]_[CF:-]	X:[C]_[CS:trans]_[CT:-]_[CF:#-A+#-A'+#-a>+#-aY+#-iy+#-iy'+#-uw+#-uw']	S:[C]_[CS:#^V+v-suff+w-suff]_[CT:-]_[CF:enc0||enc1||enc2]	pos:verb asp:c vox:a per:2 gen:u num:p mod:i enc0:0 prc0:0 prc1:0 prc2:0 prc3:0	FSE0 PS0 PP0 OK M0	0
10	OK-ONE	1	VERB.C2MS.AI.E0	Aisota>oSal	اِسْتَأْصِلُه	Aisota>oSiluh	3352	OK	no cv	None	[Aisota>oSil]	Aisota>oSil/CV+(null)/CVSUFF_SUBJ:2MS+uh/XVSUFF_DO:3MS	Gloss:TBA_[CALIMA]	[trans]	[-]	P:[C]_[CS:-]_[CT:-]_[CF:-]	X:[C]_[CS:trans]_[CT:-]_[CF:#-A+#-A'+#-a>+#-aY+#-iy+#-iy'+#-uw+#-uw']	S:[C]_[CS:enc0+z-suff]_[CT:trans]_[CF:enc2]	pos:verb asp:c vox:a per:2 gen:m num:s mod:i enc0:3ms_dobj prc0:0 prc1:0 prc2:0 prc3:0	FSE0 PS0 PP0 OK M0	1
11	OK-ONE	1	VERB.C2FS.AI.E0	Aisota>oSal	اِسْتَأْصِلِيه	Aisota>oSiliyh	3352	OK	no cv	None	[Aisota>oSil]	Aisota>oSil/CV+iy/CVSUFF_SUBJ:2FS+uh/XVSUFF_DO:3MS	Gloss:TBA_[CALIMA]	[trans]	[-]	P:[C]_[CS:-]_[CT:-]_[CF:-]	X:[C]_[CS:trans]_[CT:-]_[CF:#-A+#-A'+#-a>+#-aY+#-iy+#-iy'+#-uw+#-uw']	S:[C]_[CS:#^V+enc0+v-suff+y-suff]_[CT:trans]_[CF:enc2]	pos:verb asp:c vox:a per:2 gen:f num:s mod:i enc0:3ms_dobj prc0:0 prc1:0 prc2:0 prc3:0	FSE0 PS0 PP0 OK M0	0
12	OK-ONE	1	VERB.C2P.AI.E0	Aisota>oSal	اِسْتَأْصِلُوه	Aisota>oSiluwh	3352	OK	no cv	None	[Aisota>oSil]	Aisota>oSil/CV+uwA/CVSUFF_SUBJ:2P+uh/XVSUFF_DO:3MS	Gloss:TBA_[CALIMA]	[trans]	[-]	P:[C]_[CS:-]_[CT:-]_[CF:-]	X:[C]_[CS:trans]_[CT:-]_[CF:#-A+#-A'+#-a>+#-aY+#-iy+#-iy'+#-uw+#-uw']	S:[C]_[CS:#^V+enc0+v-suff+w-suff]_[CT:enc0||enc1||enc2+trans]_[CF:enc2]	pos:verb asp:c vox:a per:2 gen:u num:p mod:i enc0:3ms_dobj prc0:0 prc1:0 prc2:0 prc3:0	FSE0 PS0 PP0 OK M0	1
13	OK-ONE	1	VERB.C2MS.AI	Aid~aY	اِدِّي	Aid~iy	315	OK		aAoi2~aY	[Aid~]	Aid~/CV+iy/STEM+(null)/CVSUFF_SUBJ:2MS	condemn;borrow;bring;gie;take;give_[CALIMA]	[#-iy trans]	[-]	P:[C]_[CS:-]_[CT:-]_[CF:-]	X:[C]_[CS:#-iy+trans]_[CT:#-iy]_[CF:#-A+#-A'+#-a>+#-aY+#-iy'+#-uw+#-uw'+w-suff||y-suff]	S:[C]_[CS:z-suff]_[CT:-]_[CF:-]	pos:verb asp:c vox:a per:2 gen:m num:s mod:i enc0:0 prc0:0 prc1:0 prc2:0 prc3:0	FSE0 PS0 PP0 OK M0	0
14	OK-ONE	1	VERB.C2FS.AI	Aid~aY	اِدِّي	Aid~iy	315	OK		aAoi2~aY	[Aid~]	Aid~/CV+iy/CVSUFF_SUBJ:2FS	condemn;borrow;bring;gie;take;give_[CALIMA]	[#-iy trans]	[-]	P:[C]_[CS:-]_[CT:-]_[CF:-]	X:[C]_[CS:#-iy+trans]_[CT:#-iy+w-suff||y-suff]_[CF:#-A+#-A'+#-a>+#-aY+#-iy'+#-uw+#-uw']	S:[C]_[CS:#^V+v-suff+y-suff]_[CT:-]_[CF:-]	pos:verb asp:c vox:a per:2 gen:f num:s mod:i enc0:0 prc0:0 prc1:0 prc2:0 prc3:0	FSE0 PS0 PP0 OK M0	1
15	OK-ONE	1	VERB.C2P.AI	Aid~aY	اِدُّوا	Aid~uwA	315	OK		aAoi2~aY	[Aid~]	Aid~/CV+uwA/CVSUFF_SUBJ:2P	condemn;borrow;bring;gie;take;give_[CALIMA]	[#-iy trans]	[-]	P:[C]_[CS:-]_[CT:-]_[CF:-]	X:[C]_[CS:#-iy+trans]_[CT:#-iy+w-suff||y-suff]_[CF:#-A+#-A'+#-a>+#-aY+#-iy'+#-uw+#-uw']	S:[C]_[CS:#^V+v-suff+w-suff]_[CT:-]_[CF:enc0||enc1||enc2]	pos:verb asp:c vox:a per:2 gen:u num:p mod:i enc0:0 prc0:0 prc1:0 prc2:0 prc3:0	FSE0 PS0 PP0 OK M0	0
16	OK-ONE	1	VERB.C2MS.AI.E0	Aid~aY	اِدِّيه	Aid~iyh	315	OK		aAoi2~aY	[Aid~]	Aid~/CV+iy/STEM+(null)/CVSUFF_SUBJ:2MS+uh/XVSUFF_DO:3MS	condemn;borrow;bring;gie;take;give_[CALIMA]	[#-iy trans]	[-]	P:[C]_[CS:-]_[CT:-]_[CF:-]	X:[C]_[CS:#-iy+trans]_[CT:#-iy]_[CF:#-A+#-A'+#-a>+#-aY+#-iy'+#-uw+#-uw'+w-suff||y-suff]	S:[C]_[CS:enc0+z-suff]_[CT:trans]_[CF:enc2]	pos:verb asp:c vox:a per:2 gen:m num:s mod:i enc0:3ms_dobj prc0:0 prc1:0 prc2:0 prc3:0	FSE0 PS0 PP0 OK M0	1
17	OK-ONE	1	VERB.C2FS.AI.E0	Aid~aY	اِدِّيه	Aid~iyh	315	OK		aAoi2~aY	[Aid~]	Aid~/CV+iy/CVSUFF_SUBJ:2FS+uh/XVSUFF_DO:3MS	condemn;borrow;bring;gie;take;give_[CALIMA]	[#-iy trans]	[-]	P:[C]_[CS:-]_[CT:-]_[CF:-]	X:[C]_[CS:#-iy+trans]_[CT:#-iy+w-suff||y-suff]_[CF:#-A+#-A'+#-a>+#-aY+#-iy'+#-uw+#-uw']	S:[C]_[CS:#^V+enc0+v-suff+y-suff]_[CT:trans]_[CF:enc2]	pos:verb asp:c vox:a per:2 gen:f num:s mod:i enc0:3ms_dobj prc0:0 prc1:0 prc2:0 prc3:0	FSE0 PS0 PP0 OK M0	0
18	OK-ONE	1	VERB.C2P.AI.E0	Aid~aY	اِدُّوه	Aid~uwh	315	OK		aAoi2~aY	[Aid~]	Aid~/CV+uwA/CVSUFF_SUBJ:2P+uh/XVSUFF_DO:3MS	condemn;borrow;bring;gie;take;give_[CALIMA]	[#-iy trans]	[-]	P:[C]_[CS:-]_[CT:-]_[CF:-]	X:[C]_[CS:#-iy+trans]_[CT:#-iy+w-suff||y-suff]_[CF:#-A+#-A'+#-a>+#-aY+#-iy'+#-uw+#-uw']	S:[C]_[CS:#^V+enc0+v-suff+w-suff]_[CT:enc0||enc1||enc2+trans]_[CF:enc2]	pos:verb asp:c vox:a per:2 gen:u num:p mod:i enc0:3ms_dobj prc0:0 prc1:0 prc2:0 prc3:0	FSE0 PS0 PP0 OK M0	1
19	OK-ONE	1	VERB.C2MS.AI	AinotahaY	اِنْتِهِي	Ainotihiy	155	OK		None	[Ainotih]	Ainotih/CV+iy/STEM+(null)/CVSUFF_SUBJ:2MS	end;end_up;finish_[CALIMA]	[#-iy intrans]	[-]	P:[C]_[CS:-]_[CT:-]_[CF:-]	X:[C]_[CS:#-iy+intrans]_[CT:#-iy]_[CF:#-A+#-A'+#-a>+#-aY+#-iy'+#-uw+#-uw'+w-suff||y-suff]	S:[C]_[CS:z-suff]_[CT:-]_[CF:-]	pos:verb asp:c vox:a per:2 gen:m num:s mod:i enc0:0 prc0:0 prc1:0 prc2:0 prc3:0	FSE0 PS0 PP0 OK M0	0
20	OK-ONE	1	VERB.C2FS.AI	AinotahaY	اِنْتِهِي	Ainotihiy	155	OK		None	[Ainotih]	Ainotih/CV+iy/CVSUFF_SUBJ:2FS	end;end_up;finish_[CALIMA]	[#-iy intrans]	[-]	P:[C]_[CS:-]_[CT:-]_[CF:-]	X:[C]_[CS:#-iy+intrans]_[CT:#-iy+w-suff||y-suff]_[CF:#-A+#-A'+#-a>+#-aY+#-iy'+#-uw+#-uw']	S:[C]_[CS:#^V+v-suff+y-suff]_[CT:-]_[CF:-]	pos:verb asp:c vox:a per:2 gen:f num:s mod:i enc0:0 prc0:0 prc1:0 prc2:0 prc3:0	FSE0 PS0 PP0 OK M0	1
21	OK-ONE	1	VERB.C2P.AI	AinotahaY	اِنْتِهُوا	AinotihuwA	155	OK		None	[Ainotih]	Ainotih/CV+uwA/CVSUFF_SUBJ:2P	end;end_up;finish_[CALIMA]	[#-iy intrans]	[-]	P:[C]_[CS:-]_[CT:-]_[CF:-]	X:[C]_[CS:#-iy+intrans]_[CT:#-iy+w-suff||y-suff]_[CF:#-A+#-A'+#-a>+#-aY+#-iy'+#-uw+#-uw']	S:[C]_[CS:#^V+v-suff+w-suff]_[CT:-]_[CF:enc0||enc1||enc2]	pos:verb asp:c vox:a per:2 gen:u num:p mod:i enc0:0 prc0:0 prc1:0 prc2:0 prc3:0	FSE0 PS0 PP0 OK M0	0
22	OK-ZERO-E0-INTRANS	0	VERB.C2MS.AI.E0	AinotahaY			155	OK		None	[Ainotih]			[#-iy intrans]	[-]					PP0 FSE0 PS0	1
23	OK-ZERO-E0-INTRANS	0	VERB.C2FS.AI.E0	AinotahaY			155	OK		None	[Ainotih]			[#-iy intrans]	[-]					PP0 FSE0 PS0	0
24	OK-ZERO-E0-INTRANS	0	VERB.C2P.AI.E0	AinotahaY			155	OK		None	[Ainotih]			[#-iy intrans]	[-]					PP0 FSE0 PS0	1
25	OK-ONE	1	VERB.C2MS.AI	Hab~	حِبّ	Hib~	175	OK		1a2~	[Hib~]	Hib~/CV+(null)/CVSUFF_SUBJ:2MS	love;like;want_[CALIMA]	[gem trans]	[-]	P:[C]_[CS:-]_[CT:-]_[CF:-]	X:[C]_[CS:gem+trans]_[CT:-]_[CF:#-A+#-A'+#-a>+#-aY+#-iy+#-iy'+#-uw+#-uw']	S:[C]_[CS:z-suff]_[CT:-]_[CF:-]	pos:verb asp:c vox:a per:2 gen:m num:s mod:i enc0:0 prc0:0 prc1:0 prc2:0 prc3:0	FSE0 PS0 PP0 OK M0	0
26	OK-ONE	1	VERB.C2FS.AI	Hab~	حِبِّي	Hib~iy	175	OK		1a2~	[Hib~]	Hib~/CV+iy/CVSUFF_SUBJ:2FS	love;like;want_[CALIMA]	[gem trans]	[-]	P:[C]_[CS:-]_[CT:-]_[CF:-]	X:[C]_[CS:gem+trans]_[CT:-]_[CF:#-A+#-A'+#-a>+#-aY+#-iy+#-iy'+#-uw+#-uw']	S:[C]_[CS:#^V+v-suff+y-suff]_[CT:-]_[CF:-]	pos:verb asp:c vox:a per:2 gen:f num:s mod:i enc0:0 prc0:0 prc1:0 prc2:0 prc3:0	FSE0 PS0 PP0 OK M0	1
27	OK-ONE	1	VERB.C2P.AI	Hab~	حِبُّوا	Hib~uwA	175	OK		1a2~	[Hib~]	Hib~/CV+uwA/CVSUFF_SUBJ:2P	love;like;want_[CALIMA]	[gem trans]	[-]	P:[C]_[CS:-]_[CT:-]_[CF:-]	X:[C]_[CS:gem+trans]_[CT:-]_[CF:#-A+#-A'+#-a>+#-aY+#-iy+#-iy'+#-uw+#-uw']	S:[C]_[CS:#^V+v-suff+w-suff]_[CT:-]_[CF:enc0||enc1||enc2]	pos:verb asp:c vox:a per:2 gen:u num:p mod:i enc0:0 prc0:0 prc1:0 prc2:0 prc3:0	FSE0 PS0 PP0 OK M0	0
28	OK-ONE	1	VERB.C2MS.AI.E0	Hab~	حِبُّه	Hib~uh	175	OK		1a2~	[Hib~]	Hib~/CV+(null)/CVSUFF_SUBJ:2MS+uh/XVSUFF_DO:3MS	love;like;want_[CALIMA]	[gem trans]	[-]	P:[C]_[CS:-]_[CT:-]_[CF:-]	X:[C]_[CS:gem+trans]_[CT:-]_[CF:#-A+#-A'+#-a>+#-aY+#-iy+#-iy'+#-uw+#-uw']	S:[C]_[CS:enc0+z-suff]_[CT:trans]_[CF:enc2]	pos:verb asp:c vox:a per:2 gen:m num:s mod:i enc0:3ms_dobj prc0:0 prc1:0 prc2:0 prc3:0	FSE0 PS0 PP0 OK M0	1
29	OK-ONE	1	VERB.C2FS.AI.E0	Hab~	حِبِّيه	Hib~iyh	175	OK		1a2~	[Hib~]	Hib~/CV+iy/CVSUFF_SUBJ:2FS+uh/XVSUFF_DO:3MS	love;like;want_[CALIMA]	[gem trans]	[-]	P:[C]_[CS:-]_[CT:-]_[CF:-]	X:[C]_[CS:gem+trans]_[CT:-]_[CF:#-A+#-A'+#-a>+#-aY+#-iy+#-iy'+#-uw+#-uw']	S:[C]_[CS:#^V+enc0+v-suff+y-suff]_[CT:trans]_[CF:enc2]	pos:verb asp:c vox:a per:2 gen:f num:s mod:i enc0:3ms_dobj prc0:0 prc1:0 prc2:0 prc3:0	FSE0 PS0 PP0 OK M0	0
30	OK-ONE	1	VERB.C2P.AI.E0	Hab~	حِبُّوه	Hib~uwh	175	OK		1a2~	[Hib~]	Hib~/CV+uwA/CVSUFF_SUBJ:2P+uh/XVSUFF_DO:3MS	love;like;want_[CALIMA]	[gem trans]	[-]	P:[C]_[CS:-]_[CT:-]_[CF:-]	X:[C]_[CS:gem+trans]_[CT:-]_[CF:#-A+#-A'+#-a>+#-aY+#-iy+#-iy'+#-uw+#-uw']	S:[C]_[CS:#^V+enc0+v-suff+w-suff]_[CT:enc0||enc1||enc2+trans]_[CF:enc2]	pos:verb asp:c vox:a per:2 gen:u num:p mod:i enc0:3ms_dobj prc0:0 prc1:0 prc2:0 prc3:0	FSE0 PS0 PP0 OK M0	1
31	OK-ONE	1	VERB.C2MS.AI	>axoTa>	اِخْطَأ	AixoTa>	20	OK		>a1o2a>	[AixoT]	AixoT/CV+a>/STEM+(null)/CVSUFF_SUBJ:2MS	be_wrong;do_incorrectly;be_done_incorrectly_[CALIMA]	[#-a> intrans]	[-]	P:[C]_[CS:-]_[CT:-]_[CF:-]	X:[C]_[CS:#-a>+intrans]_[CT:#-a>]_[CF:#-A+#-A'+#-aY+#-iy+#-iy'+#-uw+#-uw'+w-suff+y-suff]	S:[C]_[CS:z-suff]_[CT:-]_[CF:-]	pos:verb asp:c vox:a per:2 gen:m num:s mod:i enc0:0 prc0:0 prc1:0 prc2:0 prc3:0	FSE0 PS0 PP0 OK M0	0
32	OK-ONE	1	VERB.C2FS.AI	>axoTa>	اِخْطَئِي	AixoTa}iy	20	OK		>a1o2a>	[AixoT]	AixoT/CV+a}/STEM+iy/CVSUFF_SUBJ:2FS	be_wrong;do_incorrectly;be_done_incorrectly_[CALIMA]	[#-a> intrans]	[-]	P:[C]_[CS:-]_[CT:-]_[CF:-]	X:[C]_[CS:#-a>+intrans]_[CT:#-a>+y-suff]_[CF:#-A+#-A'+#-aY+#-iy+#-iy'+#-uw+#-uw'+w-suff]	S:[C]_[CS:#^V+v-suff+y-suff]_[CT:-]_[CF:-]	pos:verb asp:c vox:a per:2 gen:f num:s mod:i enc0:0 prc0:0 prc1:0 prc2:0 prc3:0	FSE0 PS0 PP0 OK M0	1
33	OK-ONE	1	VERB.C2P.AI	>axoTa>	اِخْطَؤُوا	AixoTa&uwA	20	OK		>a1o2a>	[AixoT]	AixoT/CV+a&/STEM+uwA/CVSUFF_SUBJ:2P	be_wrong;do_incorrectly;be_done_incorrectly_[CALIMA]	[#-a> intrans]	[-]	P:[C]_[CS:-]_[CT:-]_[CF:-]	X:[C]_[CS:#-a>+intrans]_[CT:#-a>+w-suff]_[CF:#-A+#-A'+#-aY+#-iy+#-iy'+#-uw+#-uw'+y-suff]	S:[C]_[CS:#^V+v-suff+w-suff]_[CT:-]_[CF:enc0||enc1||enc2]	pos:verb asp:c vox:a per:2 gen:u num:p mod:i enc0:0 prc0:0 prc1:0 prc2:0 prc3:0	FSE0 PS0 PP0 OK M0	0
34	OK-ZERO-E0-INTRANS	0	VERB.C2MS.AI.E0	>axoTa>			20	OK		>a1o2a>	[AixoT]			[#-a> intrans]	[-]					PP0 FSE0 PS0	1
35	OK-ZERO-E0-INTRANS	0	VERB.C2FS.AI.E0	>axoTa>			20	OK		>a1o2a>	[AixoT]			[#-a> intrans]	[-]					PP0 FSE0 PS0	0
36	OK-ZERO-E0-INTRANS	0	VERB.C2P.AI.E0	>axoTa>			20	OK		>a1o2a>	[AixoT]			[#-a> intrans]	[-]					PP0 FSE0 PS0	1
37	OK-ONE	1	VERB.C2MS.AI	Aitosab~	اِتْسَبّ	Aitosab~	377	OK		None	[Aitosab~]	Aitosab~/CV+(null)/CVSUFF_SUBJ:2MS	curse;swear;be_abused;be_insulted;insult;row;blaspheme;be_rowed_[CALIMA]	[gem intrans]	[-]	P:[C]_[CS:-]_[CT:-]_[CF:-]	X:[C]_[CS:gem+intrans]_[CT:-]_[CF:#-A+#-A'+#-a>+#-aY+#-iy+#-iy'+#-uw+#-uw']	S:[C]_[CS:z-suff]_[CT:-]_[CF:-]	pos:verb asp:c vox:a per:2 gen:m num:s mod:i enc0:0 prc0:0 prc1:0 prc2:0 prc3:0	FSE0 PS0 PP0 OK M0	0
38	OK-ONE	1	VERB.C2FS.AI	Aitosab~	اِتْسَبِّي	Aitosab~iy	377	OK		None	[Aitosab~]	Aitosab~/CV+iy/CVSUFF_SUBJ:2FS	curse;swear;be_abused;be_insulted;insult;row;blaspheme;be_rowed_[CALIMA]	[gem intrans]	[-]	P:[C]_[CS:-]_[CT:-]_[CF:-]	X:[C]_[CS:gem+intrans]_[CT:-]_[CF:#-A+#-A'+#-a>+#-aY+#-iy+#-iy'+#-uw+#-uw']	S:[C]_[CS:#^V+v-suff+y-suff]_[CT:-]_[CF:-]	pos:verb asp:c vox:a per:2 gen:f num:s mod:i enc0:0 prc0:0 prc1:0 prc2:0 prc3:0	FSE0 PS0 PP0 OK M0	1
39	OK-ONE	1	VERB.C2P.AI	Aitosab~	اِتْسَبُّوا	Aitosab~uwA	377	OK		None	[Aitosab~]	Aitosab~/CV+uwA/CVSUFF_SUBJ:2P	curse;swear;be_abused;be_insulted;insult;row;blaspheme;be_rowed_[CALIMA]	[gem intrans]	[-]	P:[C]_[CS:-]_[CT:-]_[CF:-]	X:[C]_[CS:gem+intrans]_[CT:-]_[CF:#-A+#-A'+#-a>+#-aY+#-iy+#-iy'+#-uw+#-uw']	S:[C]_[CS:#^V+v-suff+w-suff]_[CT:-]_[CF:enc0||enc1||enc2]	pos:verb asp:c vox:a per:2 gen:u num:p mod:i enc0:0 prc0:0 prc1:0 prc2:0 prc3:0	FSE0 PS0 PP0 OK M0	0
40	OK-ZERO-E0-INTRANS	0	VERB.C2MS.AI.E0	Aitosab~			377	OK		None	[Aitosab~]			[gem intrans]	[-]					PP0 FSE0 PS0	1
41	OK-ZERO-E0-INTRANS	0	VERB.C2FS.AI.E0	Aitosab~			377	OK		None	[Aitosab~]			[gem intrans]	[-]					PP0 FSE0 PS0	0
42	OK-ZERO-E0-INTRANS	0	VERB.C2P.AI.E0	Aitosab~			377	OK		None	[Aitosab~]			[gem intrans]	[-]					PP0 FSE0 PS0	1
43	OK-ONE	1	VERB.C2MS.AI	bada>	اِبدَأ	Aibda>	14	OK		1a2a>	[Aibd]	Aibd/CV+a>/STEM+(null)/CVSUFF_SUBJ:2MS	start;begin_[CALIMA]	[#-a> trans]	[-]	P:[C]_[CS:-]_[CT:-]_[CF:-]	X:[C]_[CS:#-a>+trans]_[CT:#-a>]_[CF:#-A+#-A'+#-aY+#-iy+#-iy'+#-uw+#-uw'+w-suff+y-suff]	S:[C]_[CS:z-suff]_[CT:-]_[CF:-]	pos:verb asp:c vox:a per:2 gen:m num:s mod:i enc0:0 prc0:0 prc1:0 prc2:0 prc3:0	FSE0 PS0 PP0 OK M0	0
44	OK-ONE	1	VERB.C2FS.AI	bada>	اِبدَئِي	Aibda}iy	14	OK		1a2a>	[Aibd]	Aibd/CV+a}/STEM+iy/CVSUFF_SUBJ:2FS	start;begin_[CALIMA]	[#-a> trans]	[-]	P:[C]_[CS:-]_[CT:-]_[CF:-]	X:[C]_[CS:#-a>+trans]_[CT:#-a>+y-suff]_[CF:#-A+#-A'+#-aY+#-iy+#-iy'+#-uw+#-uw'+w-suff]	S:[C]_[CS:#^V+v-suff+y-suff]_[CT:-]_[CF:-]	pos:verb asp:c vox:a per:2 gen:f num:s mod:i enc0:0 prc0:0 prc1:0 prc2:0 prc3:0	FSE0 PS0 PP0 OK M0	1
45	OK-ONE	1	VERB.C2P.AI	bada>	اِبدَؤُوا	Aibda&uwA	14	OK		1a2a>	[Aibd]	Aibd/CV+a&/STEM+uwA/CVSUFF_SUBJ:2P	start;begin_[CALIMA]	[#-a> trans]	[-]	P:[C]_[CS:-]_[CT:-]_[CF:-]	X:[C]_[CS:#-a>+trans]_[CT:#-a>+w-suff]_[CF:#-A+#-A'+#-aY+#-iy+#-iy'+#-uw+#-uw'+y-suff]	S:[C]_[CS:#^V+v-suff+w-suff]_[CT:-]_[CF:enc0||enc1||enc2]	pos:verb asp:c vox:a per:2 gen:u num:p mod:i enc0:0 prc0:0 prc1:0 prc2:0 prc3:0	FSE0 PS0 PP0 OK M0	0
46	OK-ONE	1	VERB.C2MS.AI.E0	bada>	اِبدَأُه	Aibda>uh	14	OK		1a2a>	[Aibd]	Aibd/CV+a>/STEM+(null)/CVSUFF_SUBJ:2MS+uh/XVSUFF_DO:3MS	start;begin_[CALIMA]	[#-a> trans]	[-]	P:[C]_[CS:-]_[CT:-]_[CF:-]	X:[C]_[CS:#-a>+trans]_[CT:#-a>]_[CF:#-A+#-A'+#-aY+#-iy+#-iy'+#-uw+#-uw'+w-suff+y-suff]	S:[C]_[CS:enc0+z-suff]_[CT:trans]_[CF:enc2]	pos:verb asp:c vox:a per:2 gen:m num:s mod:i enc0:3ms_dobj prc0:0 prc1:0 prc2:0 prc3:0	FSE0 PS0 PP0 OK M0	1
47	OK-ONE	1	VERB.C2FS.AI.E0	bada>	اِبدَئِيه	Aibda}iyh	14	OK		1a2a>	[Aibd]	Aibd/CV+a}/STEM+iy/CVSUFF_SUBJ:2FS+uh/XVSUFF_DO:3MS	start;begin_[CALIMA]	[#-a> trans]	[-]	P:[C]_[CS:-]_[CT:-]_[CF:-]	X:[C]_[CS:#-a>+trans]_[CT:#-a>+y-suff]_[CF:#-A+#-A'+#-aY+#-iy+#-iy'+#-uw+#-uw'+w-suff]	S:[C]_[CS:#^V+enc0+v-suff+y-suff]_[CT:trans]_[CF:enc2]	pos:verb asp:c vox:a per:2 gen:f num:s mod:i enc0:3ms_dobj prc0:0 prc1:0 prc2:0 prc3:0	FSE0 PS0 PP0 OK M0	0
48	OK-ONE	1	VERB.C2P.AI.E0	bada>	اِبدَؤُوه	Aibda&uwh	14	OK		1a2a>	[Aibd]	Aibd/CV+a&/STEM+uwA/CVSUFF_SUBJ:2P+uh/XVSUFF_DO:3MS	start;begin_[CALIMA]	[#-a> trans]	[-]	P:[C]_[CS:-]_[CT:-]_[CF:-]	X:[C]_[CS:#-a>+trans]_[CT:#-a>+w-suff]_[CF:#-A+#-A'+#-aY+#-iy+#-iy'+#-uw+#-uw'+y-suff]	S:[C]_[CS:#^V+enc0+v-suff+w-suff]_[CT:enc0||enc1||enc2+trans]_[CF:enc2]	pos:verb asp:c vox:a per:2 gen:u num:p mod:i enc0:3ms_dobj prc0:0 prc1:0 prc2:0 prc3:0	FSE0 PS0 PP0 OK M0	1
49	OK-ONE	1	VERB.C2MS.AI	>asA'	سِيء	siy'	1	OK	Hamza	>a1aAo>	[s]	s/CV+iy'/STEM+(null)/CVSUFF_SUBJ:2MS	harm;offend;be_harmed;be_offended;do_badly;mismanage;be_done_badly;be_mismanaged_[CALIMA]	[#-iy' intrans]	[-]	P:[C]_[CS:-]_[CT:-]_[CF:-]	X:[C]_[CS:#-iy'+intrans]_[CT:#-iy'+z-suff]_[CF:#-A+#-A'+#-a>+#-aY+#-iy+#-uw+#-uw'+enc0||enc1||enc2]	S:[C]_[CS:z-suff]_[CT:-]_[CF:-]	pos:verb asp:c vox:a per:2 gen:m num:s mod:i enc0:0 prc0:0 prc1:0 prc2:0 prc3:0	FSE0 PS0 PP0 OK M0	0
50	OK-ONE	1	VERB.C2FS.AI	>asA'	سِيئِي	siy}iy	1	OK	>asiy}iy	>a1aAo>	[s]	s/CV+iy}/STEM+iy/CVSUFF_SUBJ:2FS	harm;offend;be_harmed;be_offended;do_badly;mismanage;be_done_badly;be_mismanaged_[CALIMA]	[#-iy' intrans]	[-]	P:[C]_[CS:-]_[CT:-]_[CF:-]	X:[C]_[CS:#-iy'+intrans]_[CT:#-iy']_[CF:#-A+#-A'+#-a>+#-aY+#-iy+#-uw+#-uw'+z-suff]	S:[C]_[CS:#^V+v-suff+y-suff]_[CT:-]_[CF:-]	pos:verb asp:c vox:a per:2 gen:f num:s mod:i enc0:0 prc0:0 prc1:0 prc2:0 prc3:0	FSE0 PS0 PP0 OK M0	1
51	OK-ONE	1	VERB.C2P.AI	>asA'	سِيئُوا	siy}uwA	1	OK		>a1aAo>	[s]	s/CV+iy}/STEM+uwA/CVSUFF_SUBJ:2P	harm;offend;be_harmed;be_offended;do_badly;mismanage;be_done_badly;be_mismanaged_[CALIMA]	[#-iy' intrans]	[-]	P:[C]_[CS:-]_[CT:-]_[CF:-]	X:[C]_[CS:#-iy'+intrans]_[CT:#-iy']_[CF:#-A+#-A'+#-a>+#-aY+#-iy+#-uw+#-uw'+z-suff]	S:[C]_[CS:#^V+v-suff+w-suff]_[CT:-]_[CF:enc0||enc1||enc2]	pos:verb asp:c vox:a per:2 gen:u num:p mod:i enc0:0 prc0:0 prc1:0 prc2:0 prc3:0	FSE0 PS0 PP0 OK M0	0
52	OK-ZERO-E0-INTRANS	0	VERB.C2MS.AI.E0	>asA'			1	OK		>a1aAo>	[s]			[#-iy' intrans]	[-]					PP0 FSE0 PS0	1
53	OK-ZERO-E0-INTRANS	0	VERB.C2FS.AI.E0	>asA'			1	OK		>a1aAo>	[s]			[#-iy' intrans]	[-]					PP0 FSE0 PS0	0
54	OK-ZERO-E0-INTRANS	0	VERB.C2P.AI.E0	>asA'			1	OK		>a1aAo>	[s]			[#-iy' intrans]	[-]					PP0 FSE0 PS0	1
55	OK-ONE	1	VERB.C2MS.AI	>aDA'	ضِيء	Diy'	1	OK	Hamza	>a1aAo>	[D]	D/CV+iy'/STEM+(null)/CVSUFF_SUBJ:2MS	shine;illuminate_[CALIMA]	[#-iy' trans]	[-]	P:[C]_[CS:-]_[CT:-]_[CF:-]	X:[C]_[CS:#-iy'+trans]_[CT:#-iy'+z-suff]_[CF:#-A+#-A'+#-a>+#-aY+#-iy+#-uw+#-uw'+enc0||enc1||enc2]	S:[C]_[CS:z-suff]_[CT:-]_[CF:-]	pos:verb asp:c vox:a per:2 gen:m num:s mod:i enc0:0 prc0:0 prc1:0 prc2:0 prc3:0	FSE0 PS0 PP0 OK M0	0
56	OK-ONE	1	VERB.C2FS.AI	>aDA'	ضِيئِي	Diy}iy	1	OK	>aDiy}iy	>a1aAo>	[D]	D/CV+iy}/STEM+iy/CVSUFF_SUBJ:2FS	shine;illuminate_[CALIMA]	[#-iy' trans]	[-]	P:[C]_[CS:-]_[CT:-]_[CF:-]	X:[C]_[CS:#-iy'+trans]_[CT:#-iy']_[CF:#-A+#-A'+#-a>+#-aY+#-iy+#-uw+#-uw'+z-suff]	S:[C]_[CS:#^V+v-suff+y-suff]_[CT:-]_[CF:-]	pos:verb asp:c vox:a per:2 gen:f num:s mod:i enc0:0 prc0:0 prc1:0 prc2:0 prc3:0	FSE0 PS0 PP0 OK M0	1
57	OK-ONE	1	VERB.C2P.AI	>aDA'	ضِيئُوا	Diy}uwA	1	OK		>a1aAo>	[D]	D/CV+iy}/STEM+uwA/CVSUFF_SUBJ:2P	shine;illuminate_[CALIMA]	[#-iy' trans]	[-]	P:[C]_[CS:-]_[CT:-]_[CF:-]	X:[C]_[CS:#-iy'+trans]_[CT:#-iy']_[CF:#-A+#-A'+#-a>+#-aY+#-iy+#-uw+#-uw'+z-suff]	S:[C]_[CS:#^V+v-suff+w-suff]_[CT:-]_[CF:enc0||enc1||enc2]	pos:verb asp:c vox:a per:2 gen:u num:p mod:i enc0:0 prc0:0 prc1:0 prc2:0 prc3:0	FSE0 PS0 PP0 OK M0	0
58	OK-ONE	1	VERB.C2MS.AI.E0	>aDA'	ضِيئُه	Diy}uh	1	OK	no cv	>a1aAo>	[D]	D/CV+iy}/STEM+(null)/CVSUFF_SUBJ:2MS+uh/XVSUFF_DO:3MS	shine;illuminate_[CALIMA]	[#-iy' trans]	[-]	P:[C]_[CS:-]_[CT:-]_[CF:-]	X:[C]_[CS:#-iy'+trans]_[CT:#-iy'+enc0||enc1||enc2+z-suff]_[CF:#-A+#-A'+#-a>+#-aY+#-iy+#-uw+#-uw']	S:[C]_[CS:enc0+z-suff]_[CT:trans]_[CF:enc2]	pos:verb asp:c vox:a per:2 gen:m num:s mod:i enc0:3ms_dobj prc0:0 prc1:0 prc2:0 prc3:0	FSE0 PS0 PP0 OK M0	1
59	OK-ONE	1	VERB.C2FS.AI.E0	>aDA'	ضِيئِيه	Diy}iyh	1	OK	no cv	>a1aAo>	[D]	D/CV+iy}/STEM+iy/CVSUFF_SUBJ:2FS+uh/XVSUFF_DO:3MS	shine;illuminate_[CALIMA]	[#-iy' trans]	[-]	P:[C]_[CS:-]_[CT:-]_[CF:-]	X:[C]_[CS:#-iy'+trans]_[CT:#-iy']_[CF:#-A+#-A'+#-a>+#-aY+#-iy+#-uw+#-uw'+z-suff]	S:[C]_[CS:#^V+enc0+v-suff+y-suff]_[CT:trans]_[CF:enc2]	pos:verb asp:c vox:a per:2 gen:f num:s mod:i enc0:3ms_dobj prc0:0 prc1:0 prc2:0 prc3:0	FSE0 PS0 PP0 OK M0	0
60	OK-ONE	1	VERB.C2P.AI.E0	>aDA'	ضِيئُوه	Diy}uwh	1	OK	no cv	>a1aAo>	[D]	D/CV+iy}/STEM+uwA/CVSUFF_SUBJ:2P+uh/XVSUFF_DO:3MS	shine;illuminate_[CALIMA]	[#-iy' trans]	[-]	P:[C]_[CS:-]_[CT:-]_[CF:-]	X:[C]_[CS:#-iy'+trans]_[CT:#-iy']_[CF:#-A+#-A'+#-a>+#-aY+#-iy+#-uw+#-uw'+z-suff]	S:[C]_[CS:#^V+enc0+v-suff+w-suff]_[CT:enc0||enc1||enc2+trans]_[CF:enc2]	pos:verb asp:c vox:a per:2 gen:u num:p mod:i enc0:3ms_dobj prc0:0 prc1:0 prc2:0 prc3:0	FSE0 PS0 PP0 OK M0	1
61	OK-ONE	1	VERB.C2MS.AI	Aitoman~aY	اِتْمَنَّى	Aitoman~aY	206	OK	no cv	None	[Aitoman~]	Aitoman~/CV+aY/STEM+(null)/CVSUFF_SUBJ:2MS	hope;know;wish_[CALIMA]	[#-aY intrans]	[-]	P:[C]_[CS:-]_[CT:-]_[CF:-]	X:[C]_[CS:#-aY+intrans]_[CT:#-aY+z-suff]_[CF:#-A+#-A'+#-a>+#-iy+#-iy'+#-uw+#-uw'+enc0||enc1||enc2+w-suff||y-suff]	S:[C]_[CS:z-suff]_[CT:-]_[CF:-]	pos:verb asp:c vox:a per:2 gen:m num:s mod:i enc0:0 prc0:0 prc1:0 prc2:0 prc3:0	FSE0 PS0 PP0 OK M0	0
62	OK-ONE	1	VERB.C2FS.AI	Aitoman~aY	اِتْمَنِّي	Aitoman~iy	206	OK		None	[Aitoman~]	Aitoman~/CV+iy/CVSUFF_SUBJ:2FS	hope;know;wish_[CALIMA]	[#-aY intrans]	[-]	P:[C]_[CS:-]_[CT:-]_[CF:-]	X:[C]_[CS:#-aY+intrans]_[CT:#-aY+w-suff||y-suff]_[CF:#-A+#-A'+#-a>+#-iy+#-iy'+#-uw+#-uw'+z-suff]	S:[C]_[CS:#^V+v-suff+y-suff]_[CT:-]_[CF:-]	pos:verb asp:c vox:a per:2 gen:f num:s mod:i enc0:0 prc0:0 prc1:0 prc2:0 prc3:0	FSE0 PS0 PP0 OK M0	1
63	OK-ONE	1	VERB.C2P.AI	Aitoman~aY	اِتْمَنُّوا	Aitoman~uwA	206	OK		None	[Aitoman~]	Aitoman~/CV+uwA/CVSUFF_SUBJ:2P	hope;know;wish_[CALIMA]	[#-aY intrans]	[-]	P:[C]_[CS:-]_[CT:-]_[CF:-]	X:[C]_[CS:#-aY+intrans]_[CT:#-aY+w-suff||y-suff]_[CF:#-A+#-A'+#-a>+#-iy+#-iy'+#-uw+#-uw'+z-suff]	S:[C]_[CS:#^V+v-suff+w-suff]_[CT:-]_[CF:enc0||enc1||enc2]	pos:verb asp:c vox:a per:2 gen:u num:p mod:i enc0:0 prc0:0 prc1:0 prc2:0 prc3:0	FSE0 PS0 PP0 OK M0	0
64	OK-ZERO-E0-INTRANS	0	VERB.C2MS.AI.E0	Aitoman~aY			206	OK		None	[Aitoman~]			[#-aY intrans]	[-]					PP0 FSE0 PS0	1
65	OK-ZERO-E0-INTRANS	0	VERB.C2FS.AI.E0	Aitoman~aY			206	OK		None	[Aitoman~]			[#-aY intrans]	[-]					PP0 FSE0 PS0	0
66	OK-ZERO-E0-INTRANS	0	VERB.C2P.AI.E0	Aitoman~aY			206	OK		None	[Aitoman~]			[#-aY intrans]	[-]					PP0 FSE0 PS0	1
67	OK-ONE	1	VERB.C2MS.AI	hidiy	اِهدا	AihdA	5	OK	no cv	1i2iy	[Aihd]	Aihd/CV+A/STEM+(null)/CVSUFF_SUBJ:2MS	calm_down_[CALIMA]	[#-A intrans]	[-]	P:[C]_[CS:-]_[CT:-]_[CF:-]	X:[C]_[CS:#-A+intrans]_[CT:#-A+z-suff]_[CF:#-A'+#-a>+#-aY+#-iy+#-iy'+#-uw+#-uw'+w-suff||y-suff]	S:[C]_[CS:z-suff]_[CT:-]_[CF:-]	pos:verb asp:c vox:a per:2 gen:m num:s mod:i enc0:0 prc0:0 prc1:0 prc2:0 prc3:0	FSE0 PS0 PP0 OK M0	0
68	OK-ONE	1	VERB.C2FS.AI	hidiy	اِهدِي	Aihdiy	5	OK		1i2iy	[Aihd]	Aihd/CV+iy/CVSUFF_SUBJ:2FS	calm_down_[CALIMA]	[#-A intrans]	[-]	P:[C]_[CS:-]_[CT:-]_[CF:-]	X:[C]_[CS:#-A+intrans]_[CT:#-A+w-suff||y-suff]_[CF:#-A'+#-a>+#-aY+#-iy+#-iy'+#-uw+#-uw'+z-suff]	S:[C]_[CS:#^V+v-suff+y-suff]_[CT:-]_[CF:-]	pos:verb asp:c vox:a per:2 gen:f num:s mod:i enc0:0 prc0:0 prc1:0 prc2:0 prc3:0	FSE0 PS0 PP0 OK M0	1
69	OK-ONE	1	VERB.C2P.AI	hidiy	اِهدُوا	AihduwA	5	OK		1i2iy	[Aihd]	Aihd/CV+uwA/CVSUFF_SUBJ:2P	calm_down_[CALIMA]	[#-A intrans]	[-]	P:[C]_[CS:-]_[CT:-]_[CF:-]	X:[C]_[CS:#-A+intrans]_[CT:#-A+w-suff||y-suff]_[CF:#-A'+#-a>+#-aY+#-iy+#-iy'+#-uw+#-uw'+z-suff]	S:[C]_[CS:#^V+v-suff+w-suff]_[CT:-]_[CF:enc0||enc1||enc2]	pos:verb asp:c vox:a per:2 gen:u num:p mod:i enc0:0 prc0:0 prc1:0 prc2:0 prc3:0	FSE0 PS0 PP0 OK M0	0
70	OK-ZERO-E0-INTRANS	0	VERB.C2MS.AI.E0	hidiy			5	OK		1i2iy	[Aihd]			[#-A intrans]	[-]					PP0 FSE0 PS0	1
71	OK-ZERO-E0-INTRANS	0	VERB.C2FS.AI.E0	hidiy			5	OK		1i2iy	[Aihd]			[#-A intrans]	[-]					PP0 FSE0 PS0	0
72	OK-ZERO-E0-INTRANS	0	VERB.C2P.AI.E0	hidiy			5	OK		1i2iy	[Aihd]			[#-A intrans]	[-]					PP0 FSE0 PS0	1
73	OK-ONE	1	VERB.C2MS.AI	nisiy	اِنسَى	AinsaY	15	OK	no cv	1i2iy	[Ains]	Ains/CV+aY/STEM+(null)/CVSUFF_SUBJ:2MS	forget_[CALIMA]	[#-aY trans]	[-]	P:[C]_[CS:-]_[CT:-]_[CF:-]	X:[C]_[CS:#-aY+trans]_[CT:#-aY+z-suff]_[CF:#-A+#-A'+#-a>+#-iy+#-iy'+#-uw+#-uw'+enc0||enc1||enc2+w-suff||y-suff]	S:[C]_[CS:z-suff]_[CT:-]_[CF:-]	pos:verb asp:c vox:a per:2 gen:m num:s mod:i enc0:0 prc0:0 prc1:0 prc2:0 prc3:0	FSE0 PS0 PP0 OK M0	0
74	OK-ONE	1	VERB.C2FS.AI	nisiy	اِنسِي	Ainsiy	15	OK		1i2iy	[Ains]	Ains/CV+iy/CVSUFF_SUBJ:2FS	forget_[CALIMA]	[#-aY trans]	[-]	P:[C]_[CS:-]_[CT:-]_[CF:-]	X:[C]_[CS:#-aY+trans]_[CT:#-aY+w-suff||y-suff]_[CF:#-A+#-A'+#-a>+#-iy+#-iy'+#-uw+#-uw'+z-suff]	S:[C]_[CS:#^V+v-suff+y-suff]_[CT:-]_[CF:-]	pos:verb asp:c vox:a per:2 gen:f num:s mod:i enc0:0 prc0:0 prc1:0 prc2:0 prc3:0	FSE0 PS0 PP0 OK M0	1
75	OK-ONE	1	VERB.C2P.AI	nisiy	اِنسُوا	AinsuwA	15	OK		1i2iy	[Ains]	Ains/CV+uwA/CVSUFF_SUBJ:2P	forget_[CALIMA]	[#-aY trans]	[-]	P:[C]_[CS:-]_[CT:-]_[CF:-]	X:[C]_[CS:#-aY+trans]_[CT:#-aY+w-suff||y-suff]_[CF:#-A+#-A'+#-a>+#-iy+#-iy'+#-uw+#-uw'+z-suff]	S:[C]_[CS:#^V+v-suff+w-suff]_[CT:-]_[CF:enc0||enc1||enc2]	pos:verb asp:c vox:a per:2 gen:u num:p mod:i enc0:0 prc0:0 prc1:0 prc2:0 prc3:0	FSE0 PS0 PP0 OK M0	0
76	OK-ONE	1	VERB.C2MS.AI.E0	nisiy	اِنساه	AinsAh	15	OK	no cv	1i2iy	[Ains]	Ains/CV+aY/STEM+(null)/CVSUFF_SUBJ:2MS+uh/XVSUFF_DO:3MS	forget_[CALIMA]	[#-aY trans]	[-]	P:[C]_[CS:-]_[CT:-]_[CF:-]	X:[C]_[CS:#-aY+trans]_[CT:#-aY+enc0||enc1||enc2+z-suff]_[CF:#-A+#-A'+#-a>+#-iy+#-iy'+#-uw+#-uw'+w-suff||y-suff]	S:[C]_[CS:enc0+z-suff]_[CT:trans]_[CF:enc2]	pos:verb asp:c vox:a per:2 gen:m num:s mod:i enc0:3ms_dobj prc0:0 prc1:0 prc2:0 prc3:0	FSE0 PS0 PP0 OK M0	1
77	OK-ONE	1	VERB.C2FS.AI.E0	nisiy	اِنسِيه	Ainsiyh	15	OK	no cv	1i2iy	[Ains]	Ains/CV+iy/CVSUFF_SUBJ:2FS+uh/XVSUFF_DO:3MS	forget_[CALIMA]	[#-aY trans]	[-]	P:[C]_[CS:-]_[CT:-]_[CF:-]	X:[C]_[CS:#-aY+trans]_[CT:#-aY+w-suff||y-suff]_[CF:#-A+#-A'+#-a>+#-iy+#-iy'+#-uw+#-uw'+z-suff]	S:[C]_[CS:#^V+enc0+v-suff+y-suff]_[CT:trans]_[CF:enc2]	pos:verb asp:c vox:a per:2 gen:f num:s mod:i enc0:3ms_dobj prc0:0 prc1:0 prc2:0 prc3:0	FSE0 PS0 PP0 OK M0	0
78	OK-ONE	1	VERB.C2P.AI.E0	nisiy	اِنسُوه	Ainsuwh	15	OK	no cv	1i2iy	[Ains]	Ains/CV+uwA/CVSUFF_SUBJ:2P+uh/XVSUFF_DO:3MS	forget_[CALIMA]	[#-aY trans]	[-]	P:[C]_[CS:-]_[CT:-]_[CF:-]	X:[C]_[CS:#-aY+trans]_[CT:#-aY+w-suff||y-suff]_[CF:#-A+#-A'+#-a>+#-iy+#-iy'+#-uw+#-uw'+z-suff]	S:[C]_[CS:#^V+enc0+v-suff+w-suff]_[CT:enc0||enc1||enc2+trans]_[CF:enc2]	pos:verb asp:c vox:a per:2 gen:u num:p mod:i enc0:3ms_dobj prc0:0 prc1:0 prc2:0 prc3:0	FSE0 PS0 PP0 OK M0	1
79	OK-ONE	1	VERB.C2MS.AI	qarA	اِقرا	AiqrA	7	OK	no cv	1a2aA	[Aiqr]	Aiqr/CV+A/STEM+(null)/CVSUFF_SUBJ:2MS	pierce;examine;be_pierced;be_examined_[CALIMA]	[#-A trans]	[-]	P:[C]_[CS:-]_[CT:-]_[CF:-]	X:[C]_[CS:#-A+trans]_[CT:#-A+z-suff]_[CF:#-A'+#-a>+#-aY+#-iy+#-iy'+#-uw+#-uw'+w-suff||y-suff]	S:[C]_[CS:z-suff]_[CT:-]_[CF:-]	pos:verb asp:c vox:a per:2 gen:m num:s mod:i enc0:0 prc0:0 prc1:0 prc2:0 prc3:0	FSE0 PS0 PP0 OK M0	0
80	OK-ONE	1	VERB.C2FS.AI	qarA	اِقرِي	Aiqriy	7	OK		1a2aA	[Aiqr]	Aiqr/CV+iy/CVSUFF_SUBJ:2FS	pierce;examine;be_pierced;be_examined_[CALIMA]	[#-A trans]	[-]	P:[C]_[CS:-]_[CT:-]_[CF:-]	X:[C]_[CS:#-A+trans]_[CT:#-A+w-suff||y-suff]_[CF:#-A'+#-a>+#-aY+#-iy+#-iy'+#-uw+#-uw'+z-suff]	S:[C]_[CS:#^V+v-suff+y-suff]_[CT:-]_[CF:-]	pos:verb asp:c vox:a per:2 gen:f num:s mod:i enc0:0 prc0:0 prc1:0 prc2:0 prc3:0	FSE0 PS0 PP0 OK M0	1
81	OK-ONE	1	VERB.C2P.AI	qarA	اِقرُوا	AiqruwA	7	OK		1a2aA	[Aiqr]	Aiqr/CV+uwA/CVSUFF_SUBJ:2P	pierce;examine;be_pierced;be_examined_[CALIMA]	[#-A trans]	[-]	P:[C]_[CS:-]_[CT:-]_[CF:-]	X:[C]_[CS:#-A+trans]_[CT:#-A+w-suff||y-suff]_[CF:#-A'+#-a>+#-aY+#-iy+#-iy'+#-uw+#-uw'+z-suff]	S:[C]_[CS:#^V+v-suff+w-suff]_[CT:-]_[CF:enc0||enc1||enc2]	pos:verb asp:c vox:a per:2 gen:u num:p mod:i enc0:0 prc0:0 prc1:0 prc2:0 prc3:0	FSE0 PS0 PP0 OK M0	0
82	OK-ONE	1	VERB.C2MS.AI.E0	qarA	اِقراه	AiqrAh	7	OK	no cv	1a2aA	[Aiqr]	Aiqr/CV+A/STEM+(null)/CVSUFF_SUBJ:2MS+uh/XVSUFF_DO:3MS	pierce;examine;be_pierced;be_examined_[CALIMA]	[#-A trans]	[-]	P:[C]_[CS:-]_[CT:-]_[CF:-]	X:[C]_[CS:#-A+trans]_[CT:#-A+z-suff]_[CF:#-A'+#-a>+#-aY+#-iy+#-iy'+#-uw+#-uw'+w-suff||y-suff]	S:[C]_[CS:enc0+z-suff]_[CT:trans]_[CF:enc2]	pos:verb asp:c vox:a per:2 gen:m num:s mod:i enc0:3ms_dobj prc0:0 prc1:0 prc2:0 prc3:0	FSE0 PS0 PP0 OK M0	1
83	OK-ONE	1	VERB.C2FS.AI.E0	qarA	اِقرِيه	Aiqriyh	7	OK	no cv	1a2aA	[Aiqr]	Aiqr/CV+iy/CVSUFF_SUBJ:2FS+uh/XVSUFF_DO:3MS	pierce;examine;be_pierced;be_examined_[CALIMA]	[#-A trans]	[-]	P:[C]_[CS:-]_[CT:-]_[CF:-]	X:[C]_[CS:#-A+trans]_[CT:#-A+w-suff||y-suff]_[CF:#-A'+#-a>+#-aY+#-iy+#-iy'+#-uw+#-uw'+z-suff]	S:[C]_[CS:#^V+enc0+v-suff+y-suff]_[CT:trans]_[CF:enc2]	pos:verb asp:c vox:a per:2 gen:f num:s mod:i enc0:3ms_dobj prc0:0 prc1:0 prc2:0 prc3:0	FSE0 PS0 PP0 OK M0	0
84	OK-ONE	1	VERB.C2P.AI.E0	qarA	اِقرُوه	Aiqruwh	7	OK	no cv	1a2aA	[Aiqr]	Aiqr/CV+uwA/CVSUFF_SUBJ:2P+uh/XVSUFF_DO:3MS	pierce;examine;be_pierced;be_examined_[CALIMA]	[#-A trans]	[-]	P:[C]_[CS:-]_[CT:-]_[CF:-]	X:[C]_[CS:#-A+trans]_[CT:#-A+w-suff||y-suff]_[CF:#-A'+#-a>+#-aY+#-iy+#-iy'+#-uw+#-uw'+z-suff]	S:[C]_[CS:#^V+enc0+v-suff+w-suff]_[CT:enc0||enc1||enc2+trans]_[CF:enc2]	pos:verb asp:c vox:a per:2 gen:u num:p mod:i enc0:3ms_dobj prc0:0 prc1:0 prc2:0 prc3:0	FSE0 PS0 PP0 OK M0	1
85	OK-ONE	1	VERB.C2MS.AI	rajA	اُرجُو	Aurjuw	1	OK	no cv	1a2aA	[Aurj]	Aurj/CV+uw/STEM+(null)/CVSUFF_SUBJ:2MS	request;hope_for;plead_to;be_requested;be_hoped_for;be_pleaded_to_[CALIMA]	[#-uw trans]	[-]	P:[C]_[CS:-]_[CT:-]_[CF:-]	X:[C]_[CS:#-uw+trans]_[CT:#-uw]_[CF:#-A+#-A'+#-a>+#-aY+#-iy+#-iy'+#-uw'+w-suff||y-suff]	S:[C]_[CS:z-suff]_[CT:-]_[CF:-]	pos:verb asp:c vox:a per:2 gen:m num:s mod:i enc0:0 prc0:0 prc1:0 prc2:0 prc3:0	FSE0 PS0 PP0 OK M0	0
86	OK-ONE	1	VERB.C2FS.AI	rajA	اُرجِي	Aurjiy	1	OK	no cv	1a2aA	[Aurj]	Aurj/CV+iy/CVSUFF_SUBJ:2FS	request;hope_for;plead_to;be_requested;be_hoped_for;be_pleaded_to_[CALIMA]	[#-uw trans]	[-]	P:[C]_[CS:-]_[CT:-]_[CF:-]	X:[C]_[CS:#-uw+trans]_[CT:#-uw+w-suff||y-suff]_[CF:#-A+#-A'+#-a>+#-aY+#-iy+#-iy'+#-uw']	S:[C]_[CS:#^V+v-suff+y-suff]_[CT:-]_[CF:-]	pos:verb asp:c vox:a per:2 gen:f num:s mod:i enc0:0 prc0:0 prc1:0 prc2:0 prc3:0	FSE0 PS0 PP0 OK M0	1
87	OK-ONE	1	VERB.C2P.AI	rajA	اُرجُوا	AurjuwA	1	OK	no cv	1a2aA	[Aurj]	Aurj/CV+uwA/CVSUFF_SUBJ:2P	request;hope_for;plead_to;be_requested;be_hoped_for;be_pleaded_to_[CALIMA]	[#-uw trans]	[-]	P:[C]_[CS:-]_[CT:-]_[CF:-]	X:[C]_[CS:#-uw+trans]_[CT:#-uw+w-suff||y-suff]_[CF:#-A+#-A'+#-a>+#-aY+#-iy+#-iy'+#-uw']	S:[C]_[CS:#^V+v-suff+w-suff]_[CT:-]_[CF:enc0||enc1||enc2]	pos:verb asp:c vox:a per:2 gen:u num:p mod:i enc0:0 prc0:0 prc1:0 prc2:0 prc3:0	FSE0 PS0 PP0 OK M0	0
88	OK-ONE	1	VERB.C2MS.AI.E0	rajA	اُرجُوه	Aurjuwh	1	OK	no cv	1a2aA	[Aurj]	Aurj/CV+uw/STEM+(null)/CVSUFF_SUBJ:2MS+uh/XVSUFF_DO:3MS	request;hope_for;plead_to;be_requested;be_hoped_for;be_pleaded_to_[CALIMA]	[#-uw trans]	[-]	P:[C]_[CS:-]_[CT:-]_[CF:-]	X:[C]_[CS:#-uw+trans]_[CT:#-uw]_[CF:#-A+#-A'+#-a>+#-aY+#-iy+#-iy'+#-uw'+w-suff||y-suff]	S:[C]_[CS:enc0+z-suff]_[CT:trans]_[CF:enc2]	pos:verb asp:c vox:a per:2 gen:m num:s mod:i enc0:3ms_dobj prc0:0 prc1:0 prc2:0 prc3:0	FSE0 PS0 PP0 OK M0	1
89	OK-ONE	1	VERB.C2FS.AI.E0	rajA	اُرجِيه	Aurjiyh	1	OK	no cv	1a2aA	[Aurj]	Aurj/CV+iy/CVSUFF_SUBJ:2FS+uh/XVSUFF_DO:3MS	request;hope_for;plead_to;be_requested;be_hoped_for;be_pleaded_to_[CALIMA]	[#-uw trans]	[-]	P:[C]_[CS:-]_[CT:-]_[CF:-]	X:[C]_[CS:#-uw+trans]_[CT:#-uw+w-suff||y-suff]_[CF:#-A+#-A'+#-a>+#-aY+#-iy+#-iy'+#-uw']	S:[C]_[CS:#^V+enc0+v-suff+y-suff]_[CT:trans]_[CF:enc2]	pos:verb asp:c vox:a per:2 gen:f num:s mod:i enc0:3ms_dobj prc0:0 prc1:0 prc2:0 prc3:0	FSE0 PS0 PP0 OK M0	0
90	OK-ONE	1	VERB.C2P.AI.E0	rajA	اُرجُوه	Aurjuwh	1	OK	no cv	1a2aA	[Aurj]	Aurj/CV+uwA/CVSUFF_SUBJ:2P+uh/XVSUFF_DO:3MS	request;hope_for;plead_to;be_requested;be_hoped_for;be_pleaded_to_[CALIMA]	[#-uw trans]	[-]	P:[C]_[CS:-]_[CT:-]_[CF:-]	X:[C]_[CS:#-uw+trans]_[CT:#-uw+w-suff||y-suff]_[CF:#-A+#-A'+#-a>+#-aY+#-iy+#-iy'+#-uw']	S:[C]_[CS:#^V+enc0+v-suff+w-suff]_[CT:enc0||enc1||enc2+trans]_[CF:enc2]	pos:verb asp:c vox:a per:2 gen:u num:p mod:i enc0:3ms_dobj prc0:0 prc1:0 prc2:0 prc3:0	FSE0 PS0 PP0 OK M0	1
